prd_id,MarcaVehiculo,Modelo,Motor,año desde,año hasta
321651229,RENAULT,CLIO,1.2,2013,
409771,RENAULT,CLIO II,1.2,2011,
432853,CITROEN,C3,1.2,2016,
432853,CITROEN,CACTUS,1.2,2016,
432854,CITROEN,C3,1.6,2016,
507734,CITROEN,DS3,1.2,2008,2008
507734,CITROEN,C-ELYSEE,1.2,2008,2008
507734,CITROEN,C4 CACTUS,1.2,2008,2008
511288,CHEVROLET,ONIX,1.2,,
552921,RENAULT,CLIO,1.2,1999,
552921,RENAULT,KANGOO,1.2,1999,
552921,RENAULT,TWINGO,1.2,1999,
554007,CHEVROLET,ONIX,1.2,,
554008,CHEVROLET,TRACKER,1.2,,
554008,CHEVROLET,ONIX,1.2,,
561285,CITROEN,BERLINGO,1.2,110,130
561285,CITROEN,DS3,1.2,110,130
561285,CITROEN,DS4,1.2,110,130
561285,CITROEN,DS7,1.2,110,130
561285,PEUGEOT,PARTNER,1.2,110,130
561285,PEUGEOT,301,1.2,110,130
561285,PEUGEOT,308,1.2,110,130
561285,PEUGEOT,508,1.2,110,130
561285,PEUGEOT,3008,1.2,110,130
561285,PEUGEOT,408,1.2,110,130
561285,PEUGEOT,208,1.2,110,130
561285,PEUGEOT,2008,1.2,110,130
561481,CITROEN,CACTUS,1.2,2018,
561481,PEUGEOT,208,1.2,2018,
255248,FIAT,PALIO,1.3,,
255248,FIAT,SIENA,1.3,,
285940,FIAT,PALIO,1.3,,
361597,FIAT,PALIO,1.3,,
361597,FIAT,SIENA,1.3,,
361597,FIAT,PUNTO,1.3,,
362888,PEUGEOT,106,1.3,1991,
427615,VARIOS,,1.3,65,5010
427620,VARIOS,,1.3,2004,
428230,FIAT,DUNA,1.3,,
458112,FIAT,CRONOS,1.3,2018,
532768,RENAULT,CAPTUR,1.3,2021,
552187,FIAT,DUNA,1.3,1988,2010
565338,FOTON,,1.3,2019,
565489,FIAT,TORO,1.3,,
565489,JEEP,COMPASS,1.3,,
569388,FIAT,,1.3,,
9872,CHEVROLET,VECTRA,1.4,,
9872,CHEVROLET,CORSA,1.4,,
9872,CHEVROLET,MONZA,1.4,,
9872,CHEVROLET,KADETT,1.4,,
10581,CHEVROLET,ASTRA,1.4,,
10581,CHEVROLET,VECTRA,1.4,,
10581,CHEVROLET,CORSA,1.4,,
10583,CHEVROLET,ASTRA,1.4,,
10583,CHEVROLET,VECTRA,1.4,,
10583,CHEVROLET,CORSA,1.4,,
49004,CHEVROLET,ONIX,1.4,,
49004,FIAT,QUBO,1.4,,
168401,CHEVROLET,VECTRA,1.4,,
168401,CHEVROLET,CORSA,1.4,,
168401,CHEVROLET,MONZA,1.4,,
168401,CHEVROLET,KADETT,1.4,,
200042,PEUGEOT,,1.4,,
200045,PEUGEOT,,1.4,,
255321,FIAT,QUBO,1.4,,
255321,VW,GOL POWER,1.4,,
357149,FORD,FIESTA,1.4,,
357149,FORD,COURIER,1.4,,
365978,RENAULT,CLIO,1.4,1990,1994
366756,CITROEN,C3,1.4,,
366756,PEUGEOT,206,1.4,,
380511,CHEVROLET,CORSA,1.4,,
380867,FORD,ESCORT,1.4,,
409278,CHEVROLET,CORSA,1.4,2011,
409287,CHEVROLET,CORSA,1.4,2011,
415338,CITROEN,C4,1.4,,
415338,FORD,FIESTA,1.4,,
415338,PEUGEOT,PARTNER,1.4,,
415338,PEUGEOT,207,1.4,,
416308,FORD,FIESTA,1.4,1997,
416309,FORD,FIESTA,1.4,1997,
416922,VW,GOL,1.4,,
436796,CHEVROLET,,1.4,,
443665,PEUGEOT,207,1.4,,
451105,PEUGEOT,206,1.4,1999,
451105,PEUGEOT,207,1.4,1999,
459162,CHEVROLET,PRISMA,1.4,2013,
459162,CHEVROLET,ONIX,1.4,2013,
503354,AUDI,A3,1.4,,
503354,AUDI,Q3,1.4,,
503354,AUDI,Q2,1.4,,
503354,VW,GOLF,1.4,,
503354,VW,TIGUAN,1.4,,
503354,VW,UP,1.4,,
503354,VARIOS,,1.4,,
506106,CHEVROLET,CRUZE,1.4,,
506107,AUDI,A3,1.4,,
552191,CHEVROLET,AGILE,1.4,2009,2010
552201,FORD,FIESTA,1.4,2003,2005
552201,FORD,FOCUS,1.4,2003,2005
552201,FORD,ECOSPORT,1.4,2003,2005
552605,CHEVROLET,CELTA,1.4,2009,
552605,CHEVROLET,AGILE,1.4,2009,
552605,CHEVROLET,PRISMA,1.4,2009,2013
552605,CHEVROLET,CLASSIC,1.4,2009,
552605,FORD,GALAXY,1.4,2009,1996
552605,SUZUKI,FUN,1.4,2009,2011
552605,VW,GOL,1.4,2009,
552605,VW,PASSAT,1.4,2009,
552605,VW,POLO,1.4,2009,2000
552605,VW,GOLF III,1.4,2009,1999
552682,VW,GOL,1.4,2011,2014
552682,VW,FOX,1.4,2011,2014
552682,VW,SURAN,1.4,2011,2014
552682,VW,GOL TREND,1.4,2011,2014
552697,CHEVROLET,PRISMA,1.4,,
552697,CHEVROLET,ONIX,1.4,,
560072,CHEVROLET,CORSA,1.4,2001,
560072,CHEVROLET,CELTA,1.4,2001,
560072,CHEVROLET,AGILE,1.4,2001,
560072,CHEVROLET,PRISMA,1.4,2001,
561907,VW,GOLF VII,1.4,,
565340,AUDI,A1,1.4,2018,
565340,VW,POLO,1.4,2018,
565340,VW,NIVUS,1.4,2018,
566440,VW,VIRTUS,1.4,2019,
566440,VW,T-CROSS,1.4,2019,
571332,VW,NIVUS,1.4,2020,
361500,DAEWOO,RACER,1.5,1988,2001
361500,CHERY,CIELO,1.5,1988,2001
361505,HYUNDAI,ACCENT,1.5,,
361505,HYUNDAI,ELANTRA,1.5,,
361505,HYUNDAI,EXCEL,1.5,,
361505,HYUNDAI,PONY,1.5,,
366643,FIAT,UNO,1.5,,
366643,FIAT,MOBI,1.5,,
366643,PEUGEOT,208,1.5,,
380160,FIAT,PALIO,1.5,2005,
380160,FIAT,SIENA,1.5,2005,
380160,FIAT,STRADA,1.5,2005,
380160,FIAT,IDEA,1.5,2005,
380351,VW,SAVEIRO,1.5,2008,
380351,VW,VOYAGE,1.5,2008,
380351,VW,SURAN,1.5,2008,
380351,VW,GOL TREND,1.5,2008,
380351,VW,UP,1.5,2008,
409618,CHERY,,1.5,,
410871,CHERY,CELER,1.5,2013,
415587,CHERY,CELER,1.5,,
415587,CHERY,FULLWIN,1.5,,
415618,HONDA,FIT,1.5,2014,
427217,TOYOTA,ETIOS,1.5,2013,
427218,TOYOTA,ETIOS,1.5,2013,
430052,TOYOTA,ETIOS,1.5,2013,
430053,TOYOTA,ETIOS,1.5,2013,
443384,BMW,I3,1.5,2015,
443384,BMW,I8,1.5,2015,
449075,CITROEN,C3,1.5,4080,9677
449075,PEUGEOT,208,1.5,4080,9677
450039,TOYOTA,ETIOS,1.5,2016,
459146,TOYOTA,ETIOS,1.5,2013,
511622,FORD,TERRITORY,1.5,2020,
543768,CITROEN,JUMPY,1.5,2022,
543768,PEUGEOT,EXPERT,1.5,2022,
551833,CITROEN,JUMPY,1.5,2022,
551833,PEUGEOT,EXPERT,1.5,2022,
552189,PEUGEOT,106,1.5,1999,2010
552733,CITROEN,C4,1.5,2011,
552733,CITROEN,C4 PICASSO,1.5,2011,
552733,CITROEN,C4 GRAN PICASSO,1.5,2011,
552733,CITROEN,DS4,1.5,2011,
552733,CITROEN,DS5,1.5,2011,
552733,CITROEN,C4 LOUNGE,1.5,2011,
552733,PEUGEOT,307,1.5,2011,
552733,PEUGEOT,308,1.5,2011,
552733,PEUGEOT,3008,1.5,2011,
552733,PEUGEOT,408,1.5,2011,
552733,PEUGEOT,5008,1.5,2011,
552766,FIAT,STILO,1.5,2017,
552766,FIAT,ARGO,1.5,2017,
552766,FIAT,CRONOS,1.5,2017,
552767,RENAULT,DUSTER,1.5,2016,
552767,RENAULT,DUSTER OROCH,1.5,2016,
552767,RENAULT,CAPTUR,1.5,2016,
553819,FORD,ECOSPORT,1.5,2017,
553819,FORD,KA III FREESTYLE,1.5,2017,
562413,FIAT,DUNA,1.5,1994,
562413,FIAT,FIORINO,1.5,1994,
562413,FIAT,UNO,1.5,1994,
196151,PEUGEOT,206,1.6,,
196151,PEUGEOT,106,1.6,,
196151,PEUGEOT,205,1.6,,
196151,PEUGEOT,PARTNER,1.6,,
315235,FORD,ESCORT,1.6,,
315235,FORD,FIESTA,1.6,,
315235,FORD,COURIER,1.6,,
315235,FORD,SIERRA,1.6,,
315235,PEUGEOT,106,1.6,,
315235,PEUGEOT,205,1.6,,
315235,RENAULT,R12,1.6,,
315235,RENAULT,R9,1.6,,
315235,RENAULT,R11,1.6,,
315235,RENAULT,CLIO,1.6,,
315235,RENAULT,R19,1.6,,
315235,RENAULT,EXPRESS,1.6,,
347997,VW,POLO,1.6,2004,
347997,VW,VIRTUS,1.6,2004,
349389,CHEVROLET,ASTRA,1.6,,
349389,CHEVROLET,CORSA,1.6,,
349389,CHEVROLET,MERIVA,1.6,,
357186,VW,FOX,1.6,,
357186,VW,SURAN,1.6,,
357186,VW,GOL TREND,1.6,,
361613,PEUGEOT,307,1.6,,
371569,FORD,,1.6,2008,
376113,VW,GOL,1.6,2012,
376113,VW,SAVEIRO,1.6,2012,
376113,VW,PARATI,1.6,2012,
376113,VW,VOYAGE,1.6,2012,
376113,VW,GOL TREND,1.6,2012,
377877,VW,GOL,1.6,2012,
377877,VW,SAVEIRO,1.6,2012,
377877,VW,VOYAGE,1.6,2012,
377877,VW,GOL TREND,1.6,2012,
380471,CHEVROLET,CORSA,1.6,,
380658,FORD,ECOSPORT,1.6,2012,
395450,FORD,FIESTA,1.6,,
396196,CHEVROLET,AVEO,1.6,,
396196,CHEVROLET,OPTRA,1.6,,
396196,DAEWOO,CIELO,1.6,,
396196,DAEWOO,ESPERO,1.6,,
396196,DAEWOO,LANOS,1.6,,
396196,DAEWOO,LEGANZA,1.6,,
396196,DAEWOO,NUBIRA,1.6,,
396196,DAEWOO,NEXIA,1.6,,
405002,PEUGEOT,208,1.6,2013,
405002,PEUGEOT,2008,1.6,2013,
405003,PEUGEOT,208,1.6,2013,
405003,PEUGEOT,2008,1.6,2013,
405501,PEUGEOT,208,1.6,2013,
405501,PEUGEOT,2008,1.6,2013,
405830,RENAULT,CLIO II,1.6,2003,2012
409498,RENAULT,LOGAN,1.6,2014,
409498,RENAULT,SANDERO,1.6,2014,
409644,BMW,,1.6,2007,
410852,CHERY,TIGGO,1.6,2013,
416864,RENAULT,CLIO,1.6,1998,
416864,RENAULT,MEGANE,1.6,1998,
416864,RENAULT,KANGOO,1.6,1998,
416864,RENAULT,LOGAN,1.6,1998,
416864,RENAULT,SANDERO,1.6,1998,
427610,VARIOS,,1.6,206,307
428271,CITROEN,BERLINGO,1.6,2008,
428271,FORD,C-MAX,1.6,2008,
428271,PEUGEOT,PARTNER,1.6,2008,
428271,PEUGEOT,207,1.6,2008,
429872,RENAULT,CLIO,1.6,1998,
429872,RENAULT,MEGANE,1.6,1998,
429872,RENAULT,KANGOO,1.6,1998,
429872,RENAULT,DUSTER,1.6,1998,
429872,RENAULT,LOGAN,1.6,1998,
429873,CITROEN,BERLINGO,1.6,,
431767,CHEVROLET,SONIC,1.6,2011,2016
431767,CHEVROLET,PRISMA,1.6,2011,2016
432854,CITROEN,BERLINGO,1.6,2003,
432854,CITROEN,XSARA PICASSO,1.6,2003,
432854,CITROEN,C3,1.6,2003,
432854,CITROEN,C-ELYSEE,1.6,2003,
432854,PEUGEOT,PARTNER,1.6,2003,
432854,PEUGEOT,301,1.6,2003,
432854,PEUGEOT,308,1.6,2003,
432854,PEUGEOT,208,1.6,2003,
435528,CHEVROLET,,1.6,,
439214,FIAT,PALIO,1.6,,
443462,PEUGEOT,207,1.6,4054,
445880,HYUNDAI,HB20,1.6,2007,
445880,RENAULT,KWID,1.6,2007,
445880,TOYOTA,YARIS,1.6,2007,
445880,VW,UP,1.6,2007,
450808,PEUGEOT,2008,1.6,2016,
450809,PEUGEOT,2008,1.6,2016,
451097,VW,SAVEIRO,1.6,2010,
451097,VW,VOYAGE,1.6,2010,
451097,VW,GOL TREND,1.6,2010,
456286,VW,GACEL,1.6,1977,1985
456286,VW,SENDA,1.6,1977,1985
456286,VW,AMAROK,1.6,1977,1985
456287,VW,GACEL,1.6,2010,
456287,VW,SENDA,1.6,2010,
456287,VW,AMAROK,1.6,2010,
459142,CHEVROLET,AVEO,1.6,2004,
459215,VW,GOL,1.6,2008,
459215,VW,VOYAGE,1.6,2008,
459365,VW,SAVEIRO,1.6,2014,
460924,MINI COOPER,,1.6,2007,
507723,CITROEN,JUMPY,1.6,2018,
507723,PEUGEOT,EXPERT,1.6,2018,
507729,CITROEN,JUMPY,1.6,2018,
507729,PEUGEOT,EXPERT,1.6,2018,
507742,CITROEN,JUMPY,1.6,2018,
507742,PEUGEOT,EXPERT,1.6,2018,
510099,CHERY,TIGGO,1.6,2020,
530101,CITROEN,C5,1.6,,
530101,CITROEN,DS3,1.6,,
530101,CITROEN,DS4,1.6,,
530101,CITROEN,C4 LOUNGE,1.6,,
530101,PEUGEOT,308,1.6,,
530101,PEUGEOT,3008,1.6,,
530101,PEUGEOT,408,1.6,,
530101,PEUGEOT,RCZ,1.6,,
530101,PEUGEOT,2008,1.6,,
530155,PEUGEOT,208,1.6,2020,
530481,MINI COOPER,,1.6,2012,
550618,PEUGEOT,208,1.6,2020,
550642,RENAULT,KANGOO III,1.6,1944,
551832,VW,VOYAGE,1.6,2009,
551832,VW,CROSSFOX,1.6,2009,
552192,CHEVROLET,AVEO,1.6,2008,2009
552567,CITROEN,DS3,1.6,2010,
552567,CITROEN,DS4,1.6,2010,
552567,PEUGEOT,3008,1.6,2010,
552581,PEUGEOT,HOGGAR,1.6,1998,2001
552604,CITROEN,C-ELYSEE,1.6,2016,
552604,PEUGEOT,208,1.6,2016,
552683,VW,VOYAGE,1.6,2008,
552683,VW,GOL TREND,1.6,2008,
552922,RENAULT,MEGANE,1.6,1998,
552922,RENAULT,KANGOO,1.6,1998,
552923,RENAULT,CLIO,1.6,1998,
552923,RENAULT,MEGANE,1.6,1998,
552923,RENAULT,KANGOO,1.6,1998,
552923,RENAULT,SCENIC,1.6,1998,
552923,RENAULT,LOGAN,1.6,1998,
552923,RENAULT,SANDERO,1.6,1998,
552923,RENAULT,SYMBOL,1.6,1998,
552924,RENAULT,DUSTER,1.6,2011,
552924,RENAULT,MEGANE II,1.6,2011,
552924,RENAULT,FLUENCE,1.6,2011,
552924,RENAULT,MEGANE III,1.6,2011,
552924,RENAULT,DUSTER OROCH,1.6,2011,
552941,FORD,ESCORT,1.6,1999,
552941,FORD,FIESTA,1.6,1999,
552941,FORD,KA,1.6,1999,
552941,FORD,FOCUS,1.6,1999,
552941,FORD,ECOSPORT,1.6,1999,
553874,VW,GOLF,1.6,,
553892,VW,GOLF,1.6,,
560317,PEUGEOT,HOGGAR,1.6,1998,
561905,PEUGEOT,,1.6,,
561905,MINI COOPER,,1.6,,
563171,RENAULT,LOGAN,1.6,4878,
563171,RENAULT,SANDERO,1.6,4878,
563221,VW,FOX,1.6,,
563221,VW,SURAN,1.6,,
571331,VW,POLO,1.6,2018,
255327,FIAT,DUNA,1.7,2001,505
255327,FIAT,FIORINO,1.7,2001,505
319503,RENAULT,,1.7,,
357166,CHEVROLET,ASTRA,1.7,1999,
357166,CHEVROLET,VECTRA,1.7,1999,
357166,CHEVROLET,CORSA,1.7,1999,
357166,CHEVROLET,COMBO,1.7,1999,
380476,CHEVROLET,CORSA,1.7,,
404478,FIAT,DUNA,1.7,,
404478,FIAT,DUCATO,1.7,,
404478,FIAT,TEMPRA,1.7,,
456289,FIAT,TEMPRA,1.7,,
456297,RENAULT,,1.7,,
552909,FIAT,DUNA,1.7,1994,
552909,FIAT,PALIO,1.7,1994,
552909,FIAT,SIENA,1.7,1994,
552909,FIAT,FIORINO,1.7,1994,
552909,FIAT,UNO,1.7,1994,
552909,FIAT,STRADA,1.7,1994,
553864,CHEVROLET,CORSA,1.7,,
553881,CHEVROLET,CORSA,1.7,,
154,CHEVROLET,VECTRA,1.8,,
154,CHEVROLET,CORSA,1.8,,
154,CHEVROLET,KADETT,1.8,,
154,FORD,ESCORT,1.8,,
154,FORD,FIESTA,1.8,,
154,FORD,MONDEO,1.8,,
154,FORD,COURIER,1.8,,
156,CHEVROLET,VECTRA,1.8,,
156,CHEVROLET,CORSA,1.8,,
156,CHEVROLET,KADETT,1.8,,
156,FORD,ESCORT,1.8,,
156,FORD,FIESTA,1.8,,
156,FORD,MONDEO,1.8,,
156,FORD,COURIER,1.8,,
10550,FORD,ESCORT,1.8,,
170937,VW,GOLF,1.8,,
170937,VW,PASSAT,1.8,,
170937,VW,POLO,1.8,,
170937,VW,SANTANA,1.8,,
170937,VW,SCIROCCO,1.8,,
200110,FORD,,1.8,,
349388,CHEVROLET,CORSA,1.8,,
357143,ALFA ROMEO,145,1.8,1996,
357143,FIAT,MAREA,1.8,1996,
357143,FIAT,BRAVA,1.8,1996,
357171,FORD,ESCORT,1.8,1996,
357171,FORD,FIESTA,1.8,1996,
357171,FORD,MONDEO,1.8,1996,
357171,FORD,COURIER,1.8,1996,
357180,FIAT,PALIO,1.8,2005,
357180,FIAT,SIENA,1.8,2005,
357180,FIAT,STRADA,1.8,2005,
357180,FIAT,PUNTO,1.8,2005,
357180,FIAT,STILO,1.8,2005,
357180,FIAT,IDEA,1.8,2005,
357180,FIAT,DOBLO,1.8,2005,
357183,FORD,ESCORT,1.8,1996,
357183,FORD,FIESTA,1.8,1996,
357183,FORD,MONDEO,1.8,1996,
357183,FORD,COURIER,1.8,1996,
357190,CHEVROLET,MERIVA,1.8,,
357190,FIAT,PALIO,1.8,,
357190,FIAT,SIENA,1.8,,
357190,FIAT,STRADA,1.8,,
357190,FIAT,STILO,1.8,,
357190,FIAT,DOBLO,1.8,,
379113,VW,GACEL,1.8,,
379113,VW,PASSAT,1.8,,
404323,AUDI,A3,1.8,2013,
415336,VW,PASSAT,1.8,,
415336,VW,BORA,1.8,,
415336,VW,BEETLE,1.8,,
416188,TOYOTA,COROLLA,1.8,2016,
416188,CHERY,QQ,1.8,2016,
416310,CHEVROLET,MERIVA,1.8,,
416319,FORD,FOCUS,1.8,,
416323,AUDI,A3,1.8,,
416844,CHEVROLET,CORSA,1.8,1994,
416844,CHEVROLET,MERIVA,1.8,1994,
416844,CHEVROLET,MONTANA,1.8,1994,
428273,CHEVROLET,TRACKER,1.8,,
428273,CHEVROLET,CRUZE,1.8,,
429855,AUDI,A3,1.8,,
429855,AUDI,A4,1.8,,
429855,AUDI,TT,1.8,,
429855,SEAT,IBIZA,1.8,,
429855,SEAT,CORDOBA,1.8,,
429855,SEAT,TOLEDO,1.8,,
429855,SEAT,LEON,1.8,,
429855,VW,GOLF,1.8,,
429855,VW,SHARAN,1.8,,
429855,VW,BORA,1.8,,
429855,VW,NEW BEETLE,1.8,,
443461,CHEVROLET,CRUZE,1.8,,
443968,PEUGEOT,306,1.8,,
502990,FIAT,IDEA,1.8,2006,
502990,FIAT,DOBLO,1.8,2006,
511284,FIAT,ARGO,1.8,,
511284,FIAT,CRONOS,1.8,,
552657,VW,GACEL,1.8,,
552657,VW,GOL,1.8,,
552657,VW,SENDA,1.8,,
552657,VW,CARAT,1.8,,
552675,FIAT,PALIO,1.8,,
552675,FIAT,SIENA,1.8,,
552675,FIAT,STRADA,1.8,,
552675,FIAT,PALIO WEEKEND,1.8,,
552675,FIAT,IDEA,1.8,,
552675,FIAT,DOBLO,1.8,,
553816,TOYOTA,CORONA,1.8,1995,1997
553816,TOYOTA,COROLLA,1.8,1995,1997
561904,AUDI,A3,1.8,,
561904,VW,BORA,1.8,,
564860,CHEVROLET,MERIVA,1.8,,
564878,CHEVROLET,MERIVA,1.8,,
565249,AUDI,,1.8,3220,
565249,VW,PASSAT,1.8,3220,
565337,FORD,TERRITORY,1.8,2023,
566450,TOYOTA,COROLLA,1.8,2008,
567345,TOYOTA,FIELDER,1.8,,
88227,VW,POLO,1.9,,
88227,VW,CADDY,1.9,,
88228,VW,POLO,1.9,,
88228,VW,CADDY,1.9,,
88229,VW,POLO,1.9,,
88229,VW,CADDY,1.9,,
167901,VW,POLO,1.9,,
167901,VW,CADDY,1.9,,
200102,FORD,,1.9,,
213643,VW,GOL,1.9,1900,
213643,VW,POLO,1.9,1900,
283015,FIAT,125,1.9,,
283015,FIAT,128,1.9,,
283015,FIAT,147,1.9,,
283015,FIAT,DUNA,1.9,,
283015,FIAT,DUCATO,1.9,,
283015,FIAT,UNO,1.9,,
337198,VW,GOL,1.9,,
357115,CITROEN,BERLINGO,1.9,,
357115,CITROEN,XSARA,1.9,,
357115,PEUGEOT,206,1.9,,
357115,PEUGEOT,306,1.9,,
357115,PEUGEOT,EXPERT,1.9,,
357115,PEUGEOT,PARTNER,1.9,,
361563,AUDI,A3,1.9,,
361563,AUDI,A4,1.9,,
361563,VW,BORA,1.9,,
361615,AUDI,A4,1.9,,
437284,PEUGEOT,,1.9,,
438428,PEUGEOT,,1.9,,
443970,VW,BORA,1.9,,
443972,VW,FOX,1.9,,
503695,VW,,1.9,,
511977,FIAT,DUCATO,1.9,1995,2001
552581,PEUGEOT,205,1.9,1998,2001
552658,VW,GOLF,1.9,,
552658,VW,POLO,1.9,,
552935,RENAULT,TRAFIC,1.9,2000,
552935,RENAULT,CLIO,1.9,2000,
552935,RENAULT,EXPRESS,1.9,2000,
552935,RENAULT,KANGOO,1.9,2000,
556161,RENAULT,DUSTER,1.9,,
556161,RENAULT,GRAND SCENIC,1.9,,
556161,RENAULT,MEGANE III,1.9,,
560317,PEUGEOT,205,1.9,1998,
301142,FIAT,PALIO,2,,
301142,FIAT,SIENA,2,,
301142,RENAULT,,2,,
351083,SUZUKI,SX4,2,2010,
357114,CITROEN,BERLINGO,2,,
357114,CITROEN,XSARA,2,,
357114,CITROEN,C4,2,,
357114,PEUGEOT,206,2,,
357114,PEUGEOT,406,2,,
357114,PEUGEOT,307,2,,
357114,PEUGEOT,EXPERT,2,,
357114,PEUGEOT,PARTNER,2,,
357114,PEUGEOT,807,2,,
357114,SUZUKI,GRAND VITARA,2,,
357176,CHEVROLET,ASTRA,2,1998,
357176,CHEVROLET,VECTRA,2,1998,
357176,CHEVROLET,ZAFIRA,2,1998,
357184,VW,GOL,2,2009,
357184,VW,POLO,2,2009,
357184,VW,PARATI,2,2009,
357184,VW,AMAROK,2,2009,
357188,RENAULT,TRAFIC,2,1999,
361590,RENAULT,MEGANE,2,2012,
361590,RENAULT,DUSTER,2,2012,
361635,CHRYSLER,PT CRUISER,2,2000,
361650,CHEVROLET,ASTRA,2,1998,
361650,CHEVROLET,ZAFIRA,2,1998,
363613,RENAULT,,2,,
369365,RENAULT,DUSTER,2,2011,
369365,RENAULT,SANDERO,2,2011,
369365,RENAULT,KANGOO II,2,2011,
369365,RENAULT,FLUENCE,2,2011,
369365,RENAULT,MEGANE III,2,2011,
369365,RENAULT,CAPTUR,2,2011,
376001,VW,AMAROK,2,,
380659,FORD,ECOSPORT,2,2012,
403136,FIAT,PALIO,2,2010,
403136,FIAT,SIENA,2,2010,
403136,FIAT,FIORINO,2,2010,
403136,FIAT,UNO,2,2010,
403136,FIAT,STRADA,2,2010,
409654,VOLVO,,2,2010,
410715,VARIOS,,2,,
410860,CHEVROLET,CRUZE,2,2011,
410867,NISSAN,SENTRA,2,2014,
416833,VARIOS,,2,,
421439,VW,,2,2009,2011
428183,VW,GOLF,2,,
428183,VW,PASSAT,2,,
428183,VW,VENTO,2,,
428183,VW,AMAROK,2,,
428185,VW,TRANSPORTER,2,2010,
429920,CHEVROLET,CAPTIVA,2,1103,9644
429920,CHEVROLET,CRUZE,2,1103,9644
429928,CHEVROLET,CAPTIVA,2,,
429928,CHEVROLET,CRUZE,2,,
438467,VW,,2,,
443075,CITROEN,C4,2,2009,
443075,PEUGEOT,3008,2,2009,
445306,FIAT,TORO,2,2016,
450847,FIAT,TORO,2,2016,
450847,JEEP,COMPASS,2,2016,
450847,JEEP,RENEGADE,2,2016,
454383,FIAT,TORO,2,2016,
456299,CITROEN,,2,,
456341,FIAT,TORO,2,2016,
456409,FIAT,TORO,2,,
458525,VW,AMAROK,2,2010,
459262,FIAT,TORO,2,2016,
459262,JEEP,RENEGADE,2,2016,
503341,VW,PASSAT,2,2001,
503341,VW,BORA,2,2001,
503341,VW,NEW BEETLE,2,2001,
506161,VW,AMAROK,2,2016,
507741,AUDI,A3,2,,
507741,AUDI,A4,2,,
507741,AUDI,A6,2,,
507741,AUDI,S3,2,,
507741,VW,GOLF,2,,
507741,VW,VENTO,2,,
507741,VW,TIGUAN,2,,
509074,AUDI,,2,2016,
528824,BMW,SERIE 5,2,2020,
528824,BMW,SERIE 3,2,2020,
543770,FORD,TRANSIT,2,2022,
551824,FORD,TRANSIT,2,2022,
551827,FORD,TRANSIT,2,2022,
552195,CHEVROLET,ZAFIRA,2,2001,2007
552618,VW,AMAROK,2,2009,
552933,CITROEN,BERLINGO,2,2013,
552933,CITROEN,C5,2,2013,
552933,CITROEN,C4 LOUNGE,2,2013,
552933,PEUGEOT,206,2,2013,
552933,PEUGEOT,806,2,2013,
552933,PEUGEOT,307,2,2013,
552933,PEUGEOT,EXPERT,2,2013,
552933,PEUGEOT,308,2,2013,
552933,PEUGEOT,407,2,2013,
552933,PEUGEOT,207,2,2013,
552933,PEUGEOT,408,2,2013,
556984,TOYOTA,COROLLA CROSS,2,1967,
560097,CITROEN,XSARA,2,2001,
560097,CITROEN,XSARA PICASSO,2,2001,
560097,CITROEN,C5,2,2001,
560097,PEUGEOT,206,2,2001,
560097,PEUGEOT,406,2,2001,
560097,PEUGEOT,307,2,2001,
560097,PEUGEOT,EXPERT,2,2001,
560112,CITROEN,C4,2,2001,
560112,PEUGEOT,307,2,2001,
560290,RENAULT,FUEGO,2,1991,
561912,VW,VENTO,2,,
562333,HONDA,CIVIC,2,2016,
562333,HONDA,CR-V,2,2016,
563151,SEAT,LEON,2,,
563151,VW,GOLF V,2,,
568571,CHEVROLET,CAPTIVA,2,417,9644
569625,CHEVROLET,CRUZE,2,,
504108,NISSAN,PRIMERA,2.2,,
504108,NISSAN,X-TRAIL,2.2,,
507738,MERCEDES BENZ,SPRINTER,2.2,,
530158,MERCEDES BENZ,SPRINTER,2.2,2020,
560290,MAZDA,B2200,2.2,1991,
565414,CITROEN,JUMPER III,2.2,2022,
258476,CITROEN,AX,2.3,,
258476,CITROEN,BX,2.3,,
258476,PEUGEOT,405,2.3,,
258476,PEUGEOT,406,2.3,,
361658,CITROEN,JUMPER,2.3,,
361658,FIAT,DUCATO,2.3,,
361658,PEUGEOT,BOXER,2.3,,
380495,FORD,TRANSIT,2.3,,
416905,CITROEN,JUMPER,2.3,,
416905,FIAT,DUCATO,2.3,,
416905,PEUGEOT,BOXER,2.3,,
453854,FIAT,,2.3,2010,2014
460300,MITSUBISHI,OUTLANDER,2.3,2015,
460300,NISSAN,FRONTIER,2.3,2015,
460300,NISSAN,NP300,2.3,2015,
511287,RENAULT,MASTER,2.3,3271,
546136,NISSAN,FRONTIER,2.3,2021,
546136,NISSAN,NAVARA,2.3,2021,
546136,RENAULT,ALASKAN,2.3,2021,
556983,CITROEN,JUMPER,2.3,,
49004,CHEVROLET,S10,2.4,,
255321,KIA,SORENTO,2.4,,
379475,TOYOTA,HILUX,2.4,1996,
444802,HONDA,CR-V,2.4,2015,
147333,PEUGEOT,BOXER,2.5,,
152093,CHEVROLET,,2.5,,
152093,MERCEDES BENZ,SPRINTER,2.5,,
152093,ROVER,DISCOVERY,2.5,,
289729,FIAT,DUCATO,2.5,,
335506,MAXION,2.5,2.5,,
351076,SEAT,LEON,2.5,2006,
351076,VW,VENTO,2.5,2006,
361079,HYUNDAI,GALLOPER,2.5,1999,2012
361079,HYUNDAI,STAREX,2.5,1999,2012
363577,PEUGEOT,BOXER,2.5,,
363885,FORD,,2.5,,
416317,HYUNDAI,H-100,2.5,1996,
416927,RENAULT,MASTER,2.5,2005,
444520,VALMET,DS-420,2.5,,
444520,VALMET,DS-620,2.5,,
560290,MAZDA,B2500,2.5,1991,
560290,MAZDA,B2600,2.6,1991,
552196,TOYOTA,HILUX,2.7,2013,2004
49004,CHEVROLET,S10,2.8,,
200092,TOYOTA,,2.8,,
317681,MAXION,,2.8,,
379494,TOYOTA,HILUX,2.8,1995,
379494,TOYOTA,4RUNNER,2.8,1995,
416819,FIAT,DUCATO,2.8,1991,
416819,IVECO,DAILY,2.8,1991,
445912,FOTON,AUMARK,2.8,2012,
459145,TOYOTA,HILUX,2.8,2016,
459145,TOYOTA,SW4,2.8,2016,
503342,MITSUBISHI,MONTERO,2.8,2011,
503342,TOYOTA,HILUX,2.8,2011,
560147,FORD,RANGER,2.8,,
561914,TOYOTA,HILUX,2.8,,
562234,TOYOTA,HI ACE,2.8,2022,
560290,MAZDA,B2900,2.9,1991,
361482,TOYOTA,HILUX,3,,
361607,NISSAN,PATHFINDER,3,1984,
361607,NISSAN,TERRANO,3,1984,
361607,NISSAN,LAUREL,3,1984,
408147,CITROEN,JUMPER,3,,
408147,FIAT,DUCATO,3,,
408147,PEUGEOT,BOXER,3,,
408147,IVECO,,3,,
408147,IVECO,DAILY,3,,
409647,RENAULT,,3,2011,
416918,FORD,RANGER,3,,
416966,CHEVROLET,OMEGA,3,1993,2003
416966,CHEVROLET,SUPREMA,3,1993,2003
443378,VW,AMAROK,3,2017,
443385,JAGUAR,XJ,3,2016,
443385,JAGUAR,XF,3,2016,
445104,VW,AMAROK,3,2017,
445365,AUDI,A6,3,2018,
445365,AUDI,Q5,3,2018,
445365,AUDI,A7,3,2018,
445365,VW,TOUAREG,3,2018,
507873,IVECO,DAILY,3,2020,
530163,BMW,SERIE 4,3,2020,
530163,BMW,SERIE 7,3,2020,
530163,BMW,X5,3,2020,
530163,BMW,X6,3,2020,
553908,MAXION,POWER STROKE,3,,
560509,IVECO,DAILY,3,2013,
561484,IVECO,DAILY,3,2014,
445135,FORD,RANGER,3.2,2014,
409649,VW,,3.6,2014,
409659,TOYOTA,,4,1998,
409657,NISSAN,,4.3,2001,
443271,CHEVROLET,,6.6,2008,1995
443271,JOHN DEERE,,6.6,2008,1995
443271,SCANIA,F-360,6.6,2008,1995
443271,SCANIA,F310,6.6,2008,1995
443271,SCANIA,F270B,6.6,2008,1995
443271,VOLVO,B10M,6.6,2008,1995
380473,MAXION,,9.5,,
380473,ROVER,,9.5,,
10547,FORD,FALCON,221,,
37746,FORD,FALCON,221,188,221
246229,FORD,FALCON,221,,
440171,MERCEDES BENZ,1518,1.0L - 1.1L - 4.0 - 5.7 - 6.0 - 9.7 - OM321 - OM352 - OM352A - OM364 - OM366,1990,115
440171,MERCEDES BENZ,1517,1.0L - 1.1L - 4.0 - 5.7 - 6.0 - OM321 - OM352 - OM352A - OM364 - OM366,1990,115
440171,MERCEDES BENZ,911,1.0L - 1.1L - 4.0 - 5.7 - 6.0 - OM321 - OM352 - OM352A - OM364 - OM366,1990,115
440171,MERCEDES BENZ,O170,1.0L - 1.1L - 4.0 - 5.7 - 6.0 - OM321 - OM352 - OM352A - OM364 - OM366,1990,115
440171,MERCEDES BENZ,1521,1.0L - 1.1L - 4.0 - 6.0 - 9.7 - OM321 - OM352 - OM364 - OM366,1990,115
440171,MERCEDES BENZ,1526,1.0L - 1.1L - 4.0 - 6.0 - 9.7 - OM321 - OM352 - OM364 - OM366,1990,115
440171,MERCEDES BENZ,2220,1.0L - 1.1L - 4.0 - 6.0 - 9.7 - OM321 - OM352 - OM364 - OM366,1990,115
440171,MERCEDES BENZ,1420,1.0L - 1.1L - 4.0 - 6.0 - 9.7 - OM321 - OM352 - OM364 - OM366,1990,115
440171,MERCEDES BENZ,1520,1.0L - 1.1L - 4.0 - 6.0 - 9.7 - OM321 - OM352 - OM364 - OM366,1990,115
440171,MERCEDES BENZ,1525,1.0L - 1.1L - 4.0 - 6.0 - 9.7 - OM321 - OM352 - OM364 - OM366,1990,115
440171,MERCEDES BENZ,1933,1.0L - 1.1L - 4.0 - 6.0 - 9.7 - OM321 - OM352 - OM364 - OM366,1990,115
440171,MERCEDES BENZ,1934,1.0L - 1.1L - 4.0 - 6.0 - 9.7 - OM321 - OM352 - OM364 - OM366,1990,115
440171,MERCEDES BENZ,913,1.0L - 1.1L - 4.0 - 6.0 - OM321 - OM352 - OM364 - OM366,1990,115
440171,MERCEDES BENZ,1114,1.0L - 1.1L - 4.0 - 6.0 - OM321 - OM352 - OM364 - OM366,1990,115
440171,MERCEDES BENZ,1315,1.0L - 1.1L - 4.0 - 6.0 - OM321 - OM352 - OM364 - OM366,1990,115
440171,MERCEDES BENZ,1316,1.0L - 1.1L - 4.0 - 6.0 - OM321 - OM352 - OM364 - OM366,1990,115
440171,MERCEDES BENZ,1320,1.0L - 1.1L - 4.0 - 6.0 - OM321 - OM352 - OM364 - OM366,1990,115
440171,MERCEDES BENZ,709,1.0L - 1.1L - 4.0 - 6.0 - OM321 - OM352 - OM364 - OM366,1990,115
440171,MERCEDES BENZ,812,1.0L - 1.1L - 4.0 - 6.0 - OM321 - OM352 - OM364 - OM366,1990,115
440171,MERCEDES BENZ,912,1.0L - 1.1L - 4.0 - 6.0 - OM321 - OM352 - OM364 - OM366,1990,115
440171,MERCEDES BENZ,312,1.0L - 1.1L - 4.0 - 6.0 - OM321 - OM352 - OM364 - OM366,1990,115
440171,MERCEDES BENZ,1313,1.0L - 1.1L - 4.0 - 6.0 - OM321 - OM352 - OM364 - OM366,1990,115
440171,MERCEDES BENZ,710,1.0L - 1.1L - 4.0 - 6.0 - OM321 - OM352 - OM364 - OM366,1990,115
440171,MERCEDES BENZ,809,1.0L - 1.1L - 4.0 - 6.0 - OM321 - OM352 - OM364 - OM366,1990,115
440171,MERCEDES BENZ,1414,1.0L - 1.1L - 4.0 - 6.0 - OM321 - OM352 - OM364 - OM366,1990,115
440171,MERCEDES BENZ,1215,1.0L - 1.1L - 4.0 - 6.0 - OM321 - OM352 - OM364 - OM366,1990,115
440171,MERCEDES BENZ,1218,1.0L - 1.1L - 4.0 - 6.0 - OM321 - OM352 - OM364 - OM366,1990,115
440171,MERCEDES BENZ,1418,1.0L - 1.1L - 4.0 - 6.0 - OM321 - OM352 - OM364 - OM366,1990,115
440171,MERCEDES BENZ,1615,1.0L - 1.1L - 4.0 - 6.0 - OM321 - OM352 - OM364 - OM366,1990,115
440171,MERCEDES BENZ,609,1.0L - 1.1L - 4.0 - 6.0 - OM321 - OM352 - OM364 - OM366,1990,115
440171,MERCEDES BENZ,1217,1.0L - 1.1L - 4.0 - 6.0 - OM321 - OM352 - OM364 - OM366,1990,115
440171,MERCEDES BENZ,1317,1.0L - 1.1L - 4.0 - 6.0 - OM321 - OM352 - OM364 - OM366,1990,115
440171,MERCEDES BENZ,1417,1.0L - 1.1L - 4.0 - 6.0 - OM321 - OM352 - OM364 - OM366,1990,115
440171,MERCEDES BENZ,711,1.0L - 1.1L - 4.0 - 6.0 - OM321 - OM352 - OM364 - OM366,1990,115
440171,MERCEDES BENZ,811D,1.0L - 1.1L - 4.0 - 6.0 - OM321 - OM352 - OM364 - OM366,1990,115
440171,MERCEDES BENZ,614D,1.0L - 1.1L - 4.0 - 6.0 - OM321 - OM352 - OM364 - OM366,1990,115
440171,MERCEDES BENZ,317,1.0L - 1.1L - 4.0 - 6.0 - OM321 - OM352 - OM364 - OM366,1990,115
12278,MERCEDES BENZ,L1114,1.0L - 1.1L - OM364 - OM366,,
12278,MERCEDES BENZ,L1114,1.0L - 1.1L - OM364 - OM366,,
556180,RENAULT,KANGOO,1.0L - 1.2 - 1.4 - 1.4L - 1.5 - 1.6 - 1.8L - 1.9L - 13L - 2.0 - 3.9L - D7F - DW10 - E7J - F8Q - K4M - K9K,2013,
556180,RENAULT,CLIO,1.0L - 1.2 - 1.4L - 1.5 - 1.6 - 1.8 - 1.8L - 1.9L - 13.8L - 2.0 - 2.5L - 3.9L - C3L - D4F - DW10 - F3P - F8Q - K4M - K9K,2013,
165802,PEUGEOT,504,1.0L - 1.3L - XD2 - XD3,,
165802,PEUGEOT,505,1.0L - 1.3L - XD2 - XD3,,
169047,PEUGEOT,504,1.0L - 1.3L - XD2 - XD3,,
169047,PEUGEOT,505,1.0L - 1.3L - XD2 - XD3,,
196357,INDENOR,XD2,1.0L - 1.3L - XD2 - XD3,,
196357,INDENOR,XD3,1.0L - 1.3L - XD2 - XD3,,
213607,PEUGEOT,-,1.0L - 1.3L - XD2 - XD3,,
213607,PEUGEOT,-,1.0L - 1.3L - XD2 - XD3,,
380453,PEUGEOT,504,1.0L - 1.3L - XD2 - XD3,,
380453,PEUGEOT,404,1.0L - 1.3L - XD2 - XD3,,
380453,PEUGEOT,403,1.0L - 1.3L - XD2 - XD3,,
552583,FIAT,PALIO,1.0L - 1.4 - 1.4L - 2.0L - 2.1L - 2.8L - EVO - FIRE - TIPO - TIPO 1.4,2012,
552583,FIAT,UNO,1.0L - 1.4 - 1.4L - 2.0L - 2.1L - 2.8L - EVO - FIRE - TIPO - TIPO 1.4,2012,
552583,FIAT,TIPO,1.0L - 1.4 - 1.4L - 2.0L - 2.1L - 2.8L - EVO - FIRE - TIPO - TIPO 1.4,2012,
10539,FIAT,DUNA,1.0L - 1.4 - 1.6 - 1.6L - 2.0L - 2.4L - 2.8L - TIPO - TIPO 1.4 - TIPO 1.6,,
10539,FIAT,UNO,1.0L - 1.4 - 1.6 - 1.6L - 2.0L - 2.4L - 2.8L - TIPO - TIPO 1.4 - TIPO 1.6,,
10539,FIAT,128 EUROPA,1.0L - 1.4 - 1.6 - 1.6L - 2.0L - 2.4L - 2.8L - TIPO - TIPO 1.4 - TIPO 1.6,,
9749,FIAT,DUNA,1.0L - 1.4 - 1.6 - 1500 - 2.0L - 2.2L - 2.4L - 2.8L - TIPO - TIPO 1.4 - TIPO 1.6,1300,1500
167394,FIAT,DUNA,1.0L - 1.4 - 1.6 - 1500 - 2.0L - 2.2L - 2.4L - 2.8L - TIPO - TIPO 1.4 - TIPO 1.6,1300,1500
167394,FIAT,REGATTA,1.0L - 1.4 - 1.6 - 1500 - 2.0L - 2.2L - 2.4L - 2.8L - TIPO - TIPO 1.4 - TIPO 1.6,1300,1500
167394,FIAT,UNO,1.0L - 1.4 - 1.6 - 1500 - 2.0L - 2.2L - 2.4L - 2.8L - TIPO - TIPO 1.4 - TIPO 1.6,1300,1500
167394,FIAT,BRIO,1.0L - 1.4 - 1.6 - 1500 - 2.0L - 2.2L - 2.4L - 2.8L - TIPO - TIPO 1.4 - TIPO 1.6,1300,1500
167394,FIAT,128 EUROPA,1.0L - 1.4 - 1.6 - 1500 - 2.0L - 2.2L - 2.4L - 2.8L - TIPO - TIPO 1.4 - TIPO 1.6,1300,1500
173518,FIAT,128,1.0L - 1.4 - 1.6 - 2.0L - 2.4L - 2.8L - TIPO - TIPO 1.4 - TIPO 1.6,,
173518,FIAT,DUNA,1.0L - 1.4 - 1.6 - 2.0L - 2.4L - 2.8L - TIPO - TIPO 1.4 - TIPO 1.6,,
173518,FIAT,REGATTA,1.0L - 1.4 - 1.6 - 2.0L - 2.4L - 2.8L - TIPO - TIPO 1.4 - TIPO 1.6,,
173518,FIAT,UNO,1.0L - 1.4 - 1.6 - 2.0L - 2.4L - 2.8L - TIPO - TIPO 1.4 - TIPO 1.6,,
173518,FIAT,128 EUROPA,1.0L - 1.4 - 1.6 - 2.0L - 2.4L - 2.8L - TIPO - TIPO 1.4 - TIPO 1.6,,
9749,FIAT,128,1.0L - 1.4 - 1500 - 2.0L - 2.2L - 2.8L - TIPO - TIPO 1.4,1300,1500
9749,FIAT,REGATTA,1.0L - 1.4 - 1500 - 2.0L - 2.2L - 2.8L - TIPO - TIPO 1.4,1300,1500
9749,FIAT,UNO,1.0L - 1.4 - 1500 - 2.0L - 2.2L - 2.8L - TIPO - TIPO 1.4,1300,1500
9749,FIAT,BRIO,1.0L - 1.4 - 1500 - 2.0L - 2.2L - 2.8L - TIPO - TIPO 1.4,1300,1500
444319,MERCEDES BENZ,OM366,1.0L - 1.4L - OM366 - OM366A,,
444319,MERCEDES BENZ,OM366A,1.0L - 1.4L - OM366 - OM366A,,
444321,MERCEDES BENZ,OM366,1.0L - 1.4L - OM366 - OM366A,,
444321,MERCEDES BENZ,OM366A,1.0L - 1.4L - OM366 - OM366A,,
10768,RENAULT,R19,1.0L - 1.7 - 2.0 - F8Q - R19,,
10768,RENAULT,MEGANE,1.0L - 1.7 - 2.0 - F8Q - R19,,
10768,RENAULT,KANGOO,1.0L - 1.7 - 2.0 - F8Q - R19,,
10769,RENAULT,R19,1.0L - 1.7 - 2.0 - F8Q - R19,,
10769,RENAULT,MEGANE,1.0L - 1.7 - 2.0 - F8Q - R19,,
10769,RENAULT,KANGOO,1.0L - 1.7 - 2.0 - F8Q - R19,,
167802,RENAULT,R19,1.0L - 1.7 - 2.0 - F8Q - R19,,
167802,RENAULT,MEGANE,1.0L - 1.7 - 2.0 - F8Q - R19,,
167802,RENAULT,KANGOO,1.0L - 1.7 - 2.0 - F8Q - R19,,
357162,RENAULT,TRAFIC,1.0L - 1.8 - 1.9 - 2.0 - F8Q - R19,1997,
357162,RENAULT,R19,1.0L - 1.8 - 1.9 - 2.0 - F8Q - R19,1997,
357162,RENAULT,MEGANE,1.0L - 1.8 - 1.9 - 2.0 - F8Q - R19,1997,
357162,RENAULT,SCENIC,1.0L - 1.8 - 1.9 - 2.0 - F8Q - R19,1997,
357167,RENAULT,TRAFIC,1.0L - 1.9 - F8Q,710,2002
357167,RENAULT,CLIO,1.0L - 1.9 - F8Q,710,
357167,RENAULT,MEGANE,1.0L - 1.9 - F8Q,710,
357167,RENAULT,EXPRESS,1.0L - 1.9 - F8Q,710,
357167,RENAULT,KANGOO,1.0L - 1.9 - F8Q,710,
429874,RENAULT,CLIO,1.0L - 1.9 - F8Q,1995,
429874,RENAULT,EXPRESS,1.0L - 1.9 - F8Q,1995,
429874,RENAULT,KANGOO,1.0L - 1.9 - F8Q,1995,
560145,RENAULT,CLIO,1.0L - 1.9 - F8Q,2000,
560145,RENAULT,EXPRESS,1.0L - 1.9 - F8Q,2000,
560145,RENAULT,KANGOO,1.0L - 1.9 - F8Q,2000,
437308,RENAULT,,1.0L - 1.9 - F8Q - R19,,
165593,MERCEDES BENZ,OM352,1.0L - 3.8 - 5.7 - OM314 - OM352,,
165593,MERCEDES BENZ,OM314,1.0L - 3.8 - 5.7 - OM314 - OM352,,
165593,MERCEDES BENZ,L608D,1.0L - 3.8 - 5.7 - OM314 - OM352,,
165593,MERCEDES BENZ,1114,1.0L - 3.8 - 5.7 - OM314 - OM352,,
165593,MERCEDES BENZ,1112,1.0L - 3.8 - 5.7 - OM314 - OM352,,
165593,MERCEDES BENZ,1214,1.0L - 3.8 - 5.7 - OM314 - OM352,,
166933,MERCEDES BENZ,OM352,1.0L - 3.8 - 5.7 - OM314 - OM352,,
166933,MERCEDES BENZ,OM314,1.0L - 3.8 - 5.7 - OM314 - OM352,,
166933,MERCEDES BENZ,L608D,1.0L - 3.8 - 5.7 - OM314 - OM352,,
166933,MERCEDES BENZ,1114,1.0L - 3.8 - 5.7 - OM314 - OM352,,
166933,MERCEDES BENZ,1517,1.0L - 3.8 - 5.7 - OM314 - OM352,,
166933,MERCEDES BENZ,1112,1.0L - 3.8 - 5.7 - OM314 - OM352,,
166933,MERCEDES BENZ,1214,1.0L - 3.8 - 5.7 - OM314 - OM352,,
171992,MERCEDES BENZ,OM352,1.0L - 3.8 - 5.7 - OM314 - OM352,,
171992,MERCEDES BENZ,OM314,1.0L - 3.8 - 5.7 - OM314 - OM352,,
171992,MERCEDES BENZ,L608D,1.0L - 3.8 - 5.7 - OM314 - OM352,,
171992,MERCEDES BENZ,1114,1.0L - 3.8 - 5.7 - OM314 - OM352,,
171992,MERCEDES BENZ,1517,1.0L - 3.8 - 5.7 - OM314 - OM352,,
171992,MERCEDES BENZ,1112,1.0L - 3.8 - 5.7 - OM314 - OM352,,
171992,MERCEDES BENZ,1214,1.0L - 3.8 - 5.7 - OM314 - OM352,,
168611,MERCEDES BENZ,OM352,1.0L - 3.8 - 5.7 - OM314 - OM352 - OM352A,,
168611,MERCEDES BENZ,OM314,1.0L - 3.8 - 5.7 - OM314 - OM352 - OM352A,,
168611,MERCEDES BENZ,L608D,1.0L - 3.8 - 5.7 - OM314 - OM352 - OM352A,,
168611,MERCEDES BENZ,L1114,1.0L - 3.8 - 5.7 - OM314 - OM352 - OM352A,,
168611,MERCEDES BENZ,L1113,1.0L - 3.8 - 5.7 - OM314 - OM352 - OM352A,,
168611,MERCEDES BENZ,OM352A,1.0L - 3.8 - 5.7 - OM314 - OM352 - OM352A,,
168611,MERCEDES BENZ,L508D,1.0L - 3.8 - 5.7 - OM314 - OM352 - OM352A,,
168611,MERCEDES BENZ,LK1517,1.0L - 3.8 - 5.7 - OM314 - OM352 - OM352A,,
207065,MERCEDES BENZ,L3250,1.0L - 4.6 - 5.1 - 5.7 - OM311 - OM321 - OM352,,
207065,MERCEDES BENZ,OM321,1.0L - 4.6 - 5.1 - 5.7 - OM311 - OM321 - OM352,,
207065,MERCEDES BENZ,OM352,1.0L - 4.6 - 5.1 - 5.7 - OM311 - OM321 - OM352,,
207065,MERCEDES BENZ,L1112,1.0L - 4.6 - 5.1 - 5.7 - OM311 - OM321 - OM352,,
207065,MERCEDES BENZ,L1112,1.0L - 4.6 - 5.1 - 5.7 - OM311 - OM321 - OM352,,
207065,MERCEDES BENZ,OM311,1.0L - 4.6 - 5.1 - 5.7 - OM311 - OM321 - OM352,,
362808,MERCEDES BENZ,OM312,1.0L - 4.6 - 5.7 - OM312 - OM352,1965,
362808,MERCEDES BENZ,L911,1.0L - 4.6 - 5.7 - OM312 - OM352,1965,
362808,MERCEDES BENZ,OM352,1.0L - 4.6 - 5.7 - OM312 - OM352,1965,
362808,MERCEDES BENZ,L1114,1.0L - 4.6 - 5.7 - OM312 - OM352,1965,
362807,MERCEDES BENZ,OM352,1.0L - 5.7 - OM352,1972,
362807,MERCEDES BENZ,L1112,1.0L - 5.7 - OM352,1972,
450257,MERCEDES BENZ,OM352,1.0L - 5.7 - OM352 - OM352A,,
450257,MERCEDES BENZ,L608D,1.0L - 5.7 - OM352 - OM352A,,
450257,MERCEDES BENZ,1114,1.0L - 5.7 - OM352 - OM352A,,
450257,MERCEDES BENZ,1517,1.0L - 5.7 - OM352 - OM352A,,
450257,MERCEDES BENZ,1112,1.0L - 5.7 - OM352 - OM352A,,
450257,MERCEDES BENZ,OM352A,1.0L - 5.7 - OM352 - OM352A,,
450257,MERCEDES BENZ,1214,1.0L - 5.7 - OM352 - OM352A,,
317702,RENAULT,R19,1.0L - 8.0L - F3R - F8Q - R19,2019,
3613,RENAULT,KANGOO,1.0L - F8Q,,
3613,RENAULT,RODEO,1.0L - F8Q,,
3613,RENAULT,SCENIC,1.0L - F8Q,,
175422,RENAULT,KANGOO,1.0L - F8Q,,
175422,RENAULT,RODEO,1.0L - F8Q,,
175422,RENAULT,SCENIC,1.0L - F8Q,,
283011,RENAULT,R19,1.0L - F8Q - R19,,
395941,RENAULT,CLIO,1.0L - F8Q - R19,,
395941,RENAULT,R19,1.0L - F8Q - R19,,
395941,RENAULT,MEGANE,1.0L - F8Q - R19,,
395941,RENAULT,EXPRESS,1.0L - F8Q - R19,,
395941,RENAULT,KANGOO,1.0L - F8Q - R19,,
362789,MERCEDES BENZ,OM312,1.0L - OM312 - OM352,,
362789,MERCEDES BENZ,L911,1.0L - OM312 - OM352,,
362789,MERCEDES BENZ,OM352,1.0L - OM312 - OM352,,
362789,MERCEDES BENZ,L1112,1.0L - OM312 - OM352,,
12257,MERCEDES BENZ,L1114,1.0L - OM352,,
168763,MERCEDES BENZ,1114,1.0L - OM352,,
171064,MERCEDES BENZ,1114,1.0L - OM352,,
172543,MERCEDES BENZ,1114,1.0L - OM352,,
173852,MERCEDES BENZ,1114,1.0L - OM352,,
211340,MERCEDES BENZ,OM352,1.0L - OM352,,40
211340,MERCEDES BENZ,1114,1.0L - OM352,,40
282383,MERCEDES BENZ,OM352,1.0L - OM352,1114,1517
296129,MERCEDES BENZ,OM352,1.0L - OM352,,
296129,MERCEDES BENZ,L1517,1.0L - OM352,,
296129,MERCEDES BENZ,L1518,1.0L - OM352,,
296134,MERCEDES BENZ,OM352,1.0L - OM352,,
296134,MERCEDES BENZ,L1114,1.0L - OM352,,
375669,MERCEDES BENZ,1114,1.0L - OM352,,
375669,MERCEDES BENZ,1514,1.0L - OM352,,
407170,MERCEDES BENZ,1114,1.0L - OM352,,
407170,MERCEDES BENZ,1514,1.0L - OM352,,
442680,MERCEDES BENZ,1114,1.0L - OM352,,
442680,MERCEDES BENZ,1514,1.0L - OM352,,
442683,MERCEDES BENZ,1114,1.0L - OM352,,
442683,MERCEDES BENZ,1514,1.0L - OM352,,
444299,MERCEDES BENZ,OM352,1.0L - OM352 - OM352A,,
444299,MERCEDES BENZ,OM352A,1.0L - OM352 - OM352A,,
444300,MERCEDES BENZ,OM352,1.0L - OM352 - OM352A,,
444300,MERCEDES BENZ,OM352A,1.0L - OM352 - OM352A,,
3557,INDENOR,XD2,1.0L - XD2,,
411598,INDENOR,XD2,1.0L - XD2,,
560332,PEUGEOT,106,1.1 - 1.2 - 1.4 - 1.5 - 1.6,2008,
560332,RENAULT,TWINGO,1.1 - 1.2 - 1.4 - 1.6,2008,
560332,CHERY,QQ,1.1 - 1.2 - 1.4 - 1.6,2008,
560332,PEUGEOT,205,1.1 - 1.2 - 1.4 - 1.6 - 1.8,2008,
552578,RENAULT,TWINGO,1.1 - 1.2 - 1.4 - 1.6 - R11 - R19,1987,1995
556248,RENAULT,TWINGO,1.1 - 1.2 - 1.4 - 1.6 - R11 - R19,1987,1995
560324,RENAULT,TWINGO,1.1 - 1.2 - 1.4 - 1.6 - R11 - R19,1987,
556180,RENAULT,TWINGO,1.1 - 1.2 - 1.6 - 1.8L - 13L - 2.0 - C3G - D7F - DW10,2013,
552613,FIAT,128,1.1 - 1.3,1971,1977
552613,FIAT,147,1.1 - 1.3,1971,1977
552613,FIAT,DUNA,1.1 - 1.3,1971,1977
552613,FIAT,REGATTA,1.1 - 1.3,1971,1977
552613,FIAT,FIORINO,1.1 - 1.3,1971,1977
552613,FIAT,UNO,1.1 - 1.3,1971,1977
552613,FIAT,BRIO,1.1 - 1.3,1971,1977
552613,FIAT,TEMPRA,1.1 - 1.3,1971,1977
552613,FIAT,VIVACE,1.1 - 1.3,1971,1977
552613,FIAT,128 EUROPA,1.1 - 1.3,1971,1977
552613,FIAT,128 SUPER EUROPA,1.1 - 1.3,1971,1977
552613,FIAT,SPAZIO,1.1 - 1.3,1971,1977
553884,FIAT,128,1.1 - 1.3,,
560312,FIAT,128 EUROPA,1.1 - 1.3,1985,
560312,FIAT,128 SUPER EUROPA,1.1 - 1.3,1985,
197550,CHEVROLET,S10,1.1 - 1.3 - 1.4 - 1.5 - 1.6 - 2.0 - 2.8L - 3.8L - 4.3L - AP - S10 - TIPO,1998,1995
197550,FIAT,147,1.1 - 1.3 - 1.4 - 1.5 - 1.6 - 2.0 - 2.8L - 3.8L - 4.3L - AP - S10 - TIPO,1998,1995
197550,FIAT,DUNA,1.1 - 1.3 - 1.4 - 1.5 - 1.6 - 2.0 - 2.8L - 3.8L - 4.3L - AP - S10 - TIPO,1998,1995
197550,FIAT,FIORINO,1.1 - 1.3 - 1.4 - 1.5 - 1.6 - 2.0 - 2.8L - 3.8L - 4.3L - AP - S10 - TIPO,1998,1995
197550,FIAT,UNO,1.1 - 1.3 - 1.4 - 1.5 - 1.6 - 2.0 - 2.8L - 3.8L - 4.3L - AP - S10 - TIPO,1998,1995
197550,FIAT,VIVACE,1.1 - 1.3 - 1.4 - 1.5 - 1.6 - 2.0 - 2.8L - 3.8L - 4.3L - AP - S10 - TIPO,1998,1995
197550,FORD,ESCORT,1.1 - 1.3 - 1.4 - 1.5 - 1.6 - 2.0 - 2.8L - 3.8L - 4.3L - AP - S10 - TIPO,1998,1995
197550,PEUGEOT,504,1.1 - 1.3 - 1.4 - 1.5 - 1.6 - 2.0 - 2.8L - 3.8L - 4.3L - AP - S10 - TIPO,1998,1995
197550,RENAULT,CLIO,1.1 - 1.3 - 1.4 - 1.5 - 1.6 - 2.0 - 2.8L - 3.8L - 4.3L - AP - S10 - TIPO,1998,1995
197550,RENAULT,R19,1.1 - 1.3 - 1.4 - 1.5 - 1.6 - 2.0 - 2.8L - 3.8L - 4.3L - AP - S10 - TIPO,1998,1995
197550,RENAULT,MEGANE,1.1 - 1.3 - 1.4 - 1.5 - 1.6 - 2.0 - 2.8L - 3.8L - 4.3L - AP - S10 - TIPO,1998,1995
197550,RENAULT,SCENIC,1.1 - 1.3 - 1.4 - 1.5 - 1.6 - 2.0 - 2.8L - 3.8L - 4.3L - AP - S10 - TIPO,1998,1995
552613,FIAT,IDEA,1.1 - 1.3 - 1.4 - 1.8,1971,1977
560103,CITROEN,AX,1.1 - 1.3L - 1.4 - 12.0L - 14L - 15.0L - 2.0L - TU1JP - TU3JP - TU3JP4,1992,
560103,CITROEN,SAXO,1.1 - 1.3L - 1.4 - 12.0L - 14L - 15.0L - 2.0L - TU1JP - TU3JP - TU3JP4,1992,
560103,CITROEN,C3,1.1 - 1.3L - 1.4 - 12.0L - 14L - 15.0L - 2.0L - TU1JP - TU3JP - TU3JP4,1992,
560103,PEUGEOT,206,1.1 - 1.3L - 1.4 - 12.0L - 14L - 15.0L - 2.0L - TU1JP - TU3JP - TU3JP4,1992,
560103,PEUGEOT,106,1.1 - 1.3L - 1.4 - 12.0L - 14L - 15.0L - 2.0L - TU1JP - TU3JP - TU3JP4,1992,
428094,CITROEN,C3,1.1 - 1.3L - 1.4 - 12.0L - 14L - 15.0L - 2.0L - TU3JP - TU3JP4,2002,
428094,CITROEN,SAXO,1.1 - 1.3L - 1.4 - 12.0L - 14L - 15.0L - TU1JP - TU3JP,,2050
428094,PEUGEOT,106,1.1 - 1.3L - 1.4 - 12.0L - 14L - 15.0L - TU1JP - TU3JP,,2050
428094,CITROEN,AX,1.1 - 1.3L - 1.4 - 12.0L - 14L - 15.0L - TU3JP,,2050
428094,CITROEN,SAXO,1.1 - 1.3L - 1.4 - 12.0L - 14L - 15.0L - TU3JP,,2050
428094,CITROEN,SAXO,1.1 - 1.3L - 1.4 - 12.0L - 14L - 15.0L - TU3JP,,2050
428094,CITROEN,SAXO,1.1 - 1.3L - 1.4 - 12.0L - 14L - 15.0L - TU3JP,,2050
428094,PEUGEOT,206,1.1 - 1.3L - 1.4 - 12.0L - 14L - 15.0L - TU3JP,1999,
428094,PEUGEOT,106,1.1 - 1.3L - 1.4 - 12.0L - 14L - 15.0L - TU3JP,,2050
428094,PEUGEOT,106,1.1 - 1.3L - 1.4 - 12.0L - 14L - 15.0L - TU3JP,,2050
560313,PEUGEOT,106,1.1 - 1.4 - 1.5 - 1.6 - 1.9 - 2.0,2001,
296015,FIAT,128,1.1 - 1.6 - 1.6L - 2.8L - TIPO,1984,1992
296015,FIAT,147,1.1 - 1.6 - 1.6L - 2.8L - TIPO,1984,1992
296015,FIAT,DUNA,1.1 - 1.6 - 1.6L - 2.8L - TIPO,1984,1992
296015,FIAT,PALIO,1.1 - 1.6 - 1.6L - 2.8L - TIPO,1984,1992
296015,FIAT,SIENA,1.1 - 1.6 - 1.6L - 2.8L - TIPO,1984,1992
296015,FIAT,FIORINO,1.1 - 1.6 - 1.6L - 2.8L - TIPO,1984,1992
296015,FIAT,UNO,1.1 - 1.6 - 1.6L - 2.8L - TIPO,1984,1992
434938,FORD,,1.1 - 2.0L - ENDURA,1996,
12324,MERCEDES BENZ,-,1.1L - 1.2L - OM904A - OM904LA,,
12324,MERCEDES BENZ,-,1.1L - 1.2L - OM904A - OM904LA,,
298529,MERCEDES BENZ,-,1.1L - 1.2L - OM904A - OM904LA,,
298529,MERCEDES BENZ,-,1.1L - 1.2L - OM904A - OM904LA,,
431474,MERCEDES BENZ,-,1.1L - 1.2L - OM904A - OM904LA,,
431474,MERCEDES BENZ,-,1.1L - 1.2L - OM904A - OM904LA,,
12324,MERCEDES BENZ,-,1.1L - 1.2L - OM904A - OM904LA - OM906LA,,
298529,MERCEDES BENZ,-,1.1L - 1.2L - OM904A - OM904LA - OM906LA,,
431474,MERCEDES BENZ,-,1.1L - 1.2L - OM904A - OM904LA - OM906LA,,
12290,MERCEDES BENZ,-,1.1L - OM366LA,,
12311,MERCEDES BENZ,-,1.1L - OM366LA,,
12314,MERCEDES BENZ,-,1.1L - OM366LA,,
360745,FIAT,PALIO,1.2 - 1.3 - 1.4 - 1.4L - 2.0L - FIRE,1998,
360745,FIAT,SIENA,1.2 - 1.3 - 1.4 - 1.4L - 2.0L - FIRE,1998,
360745,FIAT,BRAVO,1.2 - 1.3 - 1.4 - 1.4L - 2.0L - FIRE,1998,
360745,FIAT,PUNTO,1.2 - 1.3 - 1.4 - 1.4L - 2.0L - FIRE,1998,
360745,FIAT,BRAVA,1.2 - 1.3 - 1.4 - 1.4L - 2.0L - FIRE,1998,
360745,FIAT,IDEA,1.2 - 1.3 - 1.4 - 1.4L - 2.0L - FIRE,1998,
360745,FIAT,DOBLO,1.2 - 1.3 - 1.4 - 1.4L - 2.0L - FIRE,1998,
361066,ASIA,TOWNER,1.2 - 1.3 - 1.6 - 3.0 - F08 - J6A,2001,1999
361066,DAIHATSU,FEROZA,1.2 - 1.3 - 1.6 - 3.0 - F08 - J6A,2001,1999
361066,FERRARI,,1.2 - 1.3 - 1.6 - 3.0 - F08 - J6A,2001,1999
361066,FORD,ESCORT,1.2 - 1.3 - 1.6 - 3.0 - F08 - J6A,2001,1999
361066,FORD,FIESTA,1.2 - 1.3 - 1.6 - 3.0 - F08 - J6A,2001,1999
534296,RENAULT,CLIO,1.2 - 1.4,,
534296,RENAULT,KANGOO,1.2 - 1.4,,
534296,RENAULT,TWINGO,1.2 - 1.4,,
556204,RENAULT,CLIO,1.2 - 1.4 - 1.4L - 1.5 - 1.6 - 1.9L - 13.8L - 2.0 - 2.5L - 3.6L - 3.9L - C2L - C3L - D4F - F4R - K4M - K7M - K9K,2012,
423794,AUDI,A1,1.2 - 1.4 - 1.4L - 1.8 - 11.0L - 2.0 - 2.0L - 2L,,
560332,RENAULT,SYMBOL,1.2 - 1.4 - 1.5 - 1.6,2008,
552587,RENAULT,CLIO MIO,1.2 - 1.4 - 1.5 - 1.7 - 1.8 - 2.0,1990,1996
213662,CHEVROLET,CORSA,1.2 - 1.4 - 1.6,,
552570,AUDI,A1,1.2 - 1.4 - 1.6,2003,
552570,SEAT,IBIZA,1.2 - 1.4 - 1.6,2003,
552570,VW,CROSSFOX,1.2 - 1.4 - 1.6,2003,
552570,VW,GOLF V,1.2 - 1.4 - 1.6,2003,
560332,CHEVROLET,AVEO,1.2 - 1.4 - 1.6,2008,
560332,CHEVROLET,SPARK,1.2 - 1.4 - 1.6,2008,
560332,CITROEN,AX,1.2 - 1.4 - 1.6,2008,
560332,CITROEN,SAXO,1.2 - 1.4 - 1.6,2008,
560332,CITROEN,ZX,1.2 - 1.4 - 1.6,2008,
560332,CITROEN,XSARA,1.2 - 1.4 - 1.6,2008,
560332,CITROEN,VISA,1.2 - 1.4 - 1.6,2008,
560332,CITROEN,C3,1.2 - 1.4 - 1.6,2008,
560332,PEUGEOT,306,1.2 - 1.4 - 1.6,2008,
560332,PEUGEOT,207,1.2 - 1.4 - 1.6,2008,
560332,RENAULT,R9,1.2 - 1.4 - 1.6,2008,
560332,RENAULT,R11,1.2 - 1.4 - 1.6,2008,
560332,RENAULT,CLIO,1.2 - 1.4 - 1.6,2008,
560332,RENAULT,R19,1.2 - 1.4 - 1.6,2008,
560332,RENAULT,EXPRESS,1.2 - 1.4 - 1.6,2008,
560332,RENAULT,CLIO II,1.2 - 1.4 - 1.6,2008,
560332,RENAULT,LOGAN,1.2 - 1.4 - 1.6,2008,
560332,RENAULT,SANDERO,1.2 - 1.4 - 1.6,2008,
560332,RENAULT,CLIO MIO,1.2 - 1.4 - 1.6,2008,
560294,CHEVROLET,VECTRA,1.2 - 1.4 - 1.6 - 1.7,1994,
560294,CHEVROLET,CORSA,1.2 - 1.4 - 1.6 - 1.7,1994,
560294,CHEVROLET,TIGRA,1.2 - 1.4 - 1.6 - 1.7,1994,
560294,CHEVROLET,KADETT,1.2 - 1.4 - 1.6 - 1.7,1994,
560294,CHEVROLET,COMBO,1.2 - 1.4 - 1.6 - 1.7,1994,
560294,CHEVROLET,CELTA,1.2 - 1.4 - 1.6 - 1.7,1994,
560294,CHEVROLET,AGILE,1.2 - 1.4 - 1.6 - 1.7,1994,
560294,CHEVROLET,PRISMA,1.2 - 1.4 - 1.6 - 1.7,1994,
560294,CHEVROLET,CLASSIC,1.2 - 1.4 - 1.6 - 1.7,1994,
560294,SUZUKI,FUN,1.2 - 1.4 - 1.6 - 1.7,1994,
560309,CHEVROLET,ASTRA,1.2 - 1.4 - 1.6 - 1.7,1995,
560309,CHEVROLET,VECTRA,1.2 - 1.4 - 1.6 - 1.7,1995,
560309,CHEVROLET,CORSA,1.2 - 1.4 - 1.6 - 1.7,1995,
560309,CHEVROLET,TIGRA,1.2 - 1.4 - 1.6 - 1.7,1995,
560309,CHEVROLET,COMBO,1.2 - 1.4 - 1.6 - 1.7,1995,
560309,CHEVROLET,CELTA,1.2 - 1.4 - 1.6 - 1.7,1995,
560309,CHEVROLET,AGILE,1.2 - 1.4 - 1.6 - 1.7,1995,
560309,CHEVROLET,PRISMA,1.2 - 1.4 - 1.6 - 1.7,1995,
560309,CHEVROLET,CLASSIC,1.2 - 1.4 - 1.6 - 1.7,1995,
560309,DAEWOO,CIELO,1.2 - 1.4 - 1.6 - 1.7,1995,
560309,SUZUKI,FUN,1.2 - 1.4 - 1.6 - 1.7,1995,
560294,CHEVROLET,MONZA,1.2 - 1.4 - 1.6 - 1.7 - 2.0,1994,
552570,VW,FOX,1.2 - 1.4 - 1.6 - 1.9,2003,
552570,VW,SURAN,1.2 - 1.4 - 1.6 - 1.9,2003,
560332,PEUGEOT,206,1.2 - 1.4 - 1.6 - 1.9 - 2.0,2008,
560332,RENAULT,MEGANE,1.2 - 1.4 - 1.6 - 1.9 - 2.0,2008,
314406,CHEVROLET,ASTRA,1.2 - 1.4 - 1.6 - M10,2004,
314406,CHEVROLET,VECTRA,1.2 - 1.4 - 1.6 - M10,2004,
314406,CHEVROLET,CORSA,1.2 - 1.4 - 1.6 - M10,2004,
314406,CHEVROLET,KADETT,1.2 - 1.4 - 1.6 - M10,2004,
314406,CHEVROLET,COMBO,1.2 - 1.4 - 1.6 - M10,2004,
560314,RENAULT,CLIO MIO,1.2 - 1.4 - 1.7 - 1.8 - 2.0,1994,
356265,AUDI,A2,1.2 - 1.4 - 1.8 - 1.9 - 4.2L - 4.6L - AMF,,
356265,SEAT,IBIZA,1.2 - 1.4 - 1.8 - 1.9 - 4.2L - 4.6L - AMF,,
356265,VW,VENTO,1.2 - 1.4 - 1.8 - 1.9 - 4.2L - 4.6L - AMF,,
356265,VW,VENTO,1.2 - 1.4 - 1.8 - 1.9 - 4.2L - 4.6L - AMF,,
49036,RENAULT,CLIO II,1.2 - 1.4 - 1.8 - 11.0L - 13.8L - 2.2 - 2L - 3.2 - D4F,,
49036,RENAULT,CLIO MIO,1.2 - 1.4 - 1.8 - 11.0L - 13.8L - 2.2 - 2L - 3.2 - D4F,,
310607,RENAULT,CLIO II,1.2 - 1.4 - 1.8 - 11.0L - 13.8L - 2.2 - 2L - 3.2 - D4F,,
310607,RENAULT,CLIO MIO,1.2 - 1.4 - 1.8 - 11.0L - 13.8L - 2.2 - 2L - 3.2 - D4F,,
49036,AUDI,A1,1.2 - 1.4 - 1.8 - 11.0L - 2.2 - 2L - 3.2,,
49036,FIAT,500,1.2 - 1.4 - 1.8 - 11.0L - 2.2 - 2L - 3.2,,
310607,AUDI,A1,1.2 - 1.4 - 1.8 - 11.0L - 2.2 - 2L - 3.2,,
310607,FIAT,500,1.2 - 1.4 - 1.8 - 11.0L - 2.2 - 2L - 3.2,,
432224,AUDI,A3,1.2 - 1.4 - 11.0L - 2L,,
432224,AUDI,A3,1.2 - 1.4 - 11.0L - 2L,,
432224,AUDI,A1,1.2 - 1.4 - 11.0L - 2L,,
432224,AUDI,A1,1.2 - 1.4 - 11.0L - 2L,,
432224,AUDI,Q3,1.2 - 1.4 - 11.0L - 2L,,
432224,AUDI,Q3,1.2 - 1.4 - 11.0L - 2L,,
432224,SEAT,LEON,1.2 - 1.4 - 11.0L - 2L,,
432224,SEAT,LEON,1.2 - 1.4 - 11.0L - 2L,,
432224,VW,UP,1.2 - 1.4 - 11.0L - 2L,,
197523,RENAULT,MEGANE II,1.2 - 1.4L - 1.5 - 1.6 - 1.6L - 1.9L - 11.0L - 13.8L - 2.0 - 2.0L - 2.5 - 2L - 3.6L - 3.9L - D4F - F4R - F9Q - G9U - K4M - K7M - K9K,,
197523,RENAULT,KANGOO,1.2 - 1.4L - 1.5 - 1.6 - 1.6L - 1.9L - 11.0L - 13.8L - 2.0 - 2.0L - 2.5 - 2L - 3.6L - 3.9L - D4F - F4R - G9U - K4M - K7M - K9K,,
197523,RENAULT,MASTER,1.2 - 1.4L - 1.5 - 1.6 - 1.6L - 1.9L - 11.0L - 13.8L - 2.0 - 2.0L - 2.5 - 2L - 3.6L - 3.9L - D4F - F4R - G9U - K4M - K7M - K9K,,
197523,RENAULT,CLIO II,1.2 - 1.4L - 1.5 - 1.6 - 1.6L - 1.9L - 11.0L - 13.8L - 2.0 - 2.0L - 2.5 - 2L - 3.6L - 3.9L - D4F - F4R - G9U - K4M - K7M - K9K,,
197523,RENAULT,CLIO II,1.2 - 1.4L - 1.5 - 1.6 - 1.6L - 1.9L - 11.0L - 13.8L - 2.0 - 2.0L - 2.5 - 2L - 3.6L - 3.9L - D4F - F4R - G9U - K4M - K7M - K9K,,
197523,RENAULT,CLIO II,1.2 - 1.4L - 1.5 - 1.6 - 1.6L - 1.9L - 11.0L - 13.8L - 2.0 - 2.0L - 2.5 - 2L - 3.6L - 3.9L - D4F - F4R - G9U - K4M - K7M - K9K,,
197523,RENAULT,DUSTER,1.2 - 1.4L - 1.5 - 1.6 - 1.6L - 1.9L - 11.0L - 13.8L - 2.0 - 2.0L - 2.5 - 2L - 3.6L - 3.9L - D4F - F4R - G9U - K4M - K7M - K9K,,
197523,RENAULT,DUSTER,1.2 - 1.4L - 1.5 - 1.6 - 1.6L - 1.9L - 11.0L - 13.8L - 2.0 - 2.0L - 2.5 - 2L - 3.6L - 3.9L - D4F - F4R - G9U - K4M - K7M - K9K,,
197523,RENAULT,LOGAN,1.2 - 1.4L - 1.5 - 1.6 - 1.6L - 1.9L - 11.0L - 13.8L - 2.0 - 2.0L - 2.5 - 2L - 3.6L - 3.9L - D4F - F4R - G9U - K4M - K7M - K9K,,
197523,RENAULT,SANDERO,1.2 - 1.4L - 1.5 - 1.6 - 1.6L - 1.9L - 11.0L - 13.8L - 2.0 - 2.0L - 2.5 - 2L - 3.6L - 3.9L - D4F - F4R - G9U - K4M - K7M - K9K,,
197523,RENAULT,SANDERO,1.2 - 1.4L - 1.5 - 1.6 - 1.6L - 1.9L - 11.0L - 13.8L - 2.0 - 2.0L - 2.5 - 2L - 3.6L - 3.9L - D4F - F4R - G9U - K4M - K7M - K9K,,
197523,RENAULT,SYMBOL,1.2 - 1.4L - 1.5 - 1.6 - 1.6L - 1.9L - 11.0L - 13.8L - 2.0 - 2.0L - 2.5 - 2L - 3.6L - 3.9L - D4F - F4R - G9U - K4M - K7M - K9K,,
197523,RENAULT,SYMBOL,1.2 - 1.4L - 1.5 - 1.6 - 1.6L - 1.9L - 11.0L - 13.8L - 2.0 - 2.0L - 2.5 - 2L - 3.6L - 3.9L - D4F - F4R - G9U - K4M - K7M - K9K,,
197523,RENAULT,MEGANE II,1.2 - 1.4L - 1.5 - 1.6 - 1.6L - 1.9L - 11.0L - 13.8L - 2.0 - 2.0L - 2.5 - 2L - 3.6L - 3.9L - D4F - F4R - G9U - K4M - K7M - K9K,,
197523,RENAULT,SCENIC II,1.2 - 1.4L - 1.5 - 1.6 - 1.6L - 1.9L - 11.0L - 13.8L - 2.0 - 2.0L - 2.5 - 2L - 3.6L - 3.9L - D4F - F4R - G9U - K4M - K7M - K9K,,
197523,RENAULT,FLUENCE,1.2 - 1.4L - 1.5 - 1.6 - 1.6L - 1.9L - 11.0L - 13.8L - 2.0 - 2.0L - 2.5 - 2L - 3.6L - 3.9L - D4F - F4R - G9U - K4M - K7M - K9K,,
197523,RENAULT,CLIO MIO,1.2 - 1.4L - 1.5 - 1.6 - 1.6L - 1.9L - 11.0L - 13.8L - 2.0 - 2.0L - 2.5 - 2L - 3.6L - 3.9L - D4F - F4R - G9U - K4M - K7M - K9K,,
197523,VARIOS,,1.2 - 1.4L - 1.5 - 1.6 - 1.6L - 1.9L - 11.0L - 13.8L - 2.0 - 2.0L - 2.5 - 2L - 3.6L - 3.9L - D4F - F4R - G9U - K4M - K7M - K9K,,
411859,RENAULT,DUSTER,1.2 - 1.4L - 1.5 - 1.6 - 1.6L - 1.9L - 11.0L - 13.8L - 2.0 - 2.0L - 2.5 - 2L - 3.6L - 3.9L - D4F - F4R - G9U - K4M - K7M - K9K,,
411859,RENAULT,SCENIC II,1.2 - 1.4L - 1.5 - 1.6 - 1.6L - 1.9L - 11.0L - 13.8L - 2.0 - 2.0L - 2.5 - 2L - 3.6L - 3.9L - D4F - F4R - G9U - K4M - K7M - K9K,,
411859,RENAULT,FLUENCE,1.2 - 1.4L - 1.5 - 1.6 - 1.6L - 1.9L - 11.0L - 13.8L - 2.0 - 2.0L - 2.5 - 2L - 3.6L - 3.9L - D4F - F4R - G9U - K4M - K7M - K9K,,
197523,RENAULT,FLUENCE,1.2 - 1.4L - 1.5 - 1.6 - 1.6L - 1.9L - 11.0L - 13.8L - 2.0 - 2.0L - 2.5 - 2L - 3.6L - 3.9L - D4F - F4R - G9U - K4M - K7M - K9K - M4R,,
197523,RENAULT,MEGANE III,1.2 - 1.4L - 1.5 - 1.6 - 1.6L - 1.9L - 11.0L - 13.8L - 2.0 - 2.0L - 2.5 - 2L - 3.6L - 3.9L - D4F - F4R - G9U - K4M - K7M - K9K - M4R,,
197523,RENAULT,LATITUDE,1.2 - 1.4L - 1.5 - 1.6 - 1.6L - 1.9L - 11.0L - 13.8L - 2.0 - 2.0L - 2.5 - 2L - 3.6L - 3.9L - D4F - F4R - G9U - K4M - K7M - K9K - M4R,,
411859,RENAULT,MEGANE III,1.2 - 1.4L - 1.5 - 1.6 - 1.6L - 1.9L - 11.0L - 13.8L - 2.0 - 2.0L - 2.5 - 2L - 3.6L - 3.9L - D4F - G9U - K4M - K7M - K9K - M4R,,
411859,RENAULT,LATITUDE,1.2 - 1.4L - 1.5 - 1.6 - 1.6L - 1.9L - 11.0L - 13.8L - 2.0 - 2.0L - 2.5 - 2L - 3.6L - 3.9L - D4F - G9U - K4M - K7M - K9K - M4R,,
395922,RENAULT,KANGOO,1.2 - 1.4L - 1.5 - 1.6 - 1.6L - 1.9L - 11.0L - 13.8L - 2.0 - 2.0L - 2L - 3.6L - 3.9L - D4F - F4R - K4M - K7M - K9K,,
395922,RENAULT,TWINGO,1.2 - 1.4L - 1.5 - 1.6 - 1.6L - 1.9L - 11.0L - 13.8L - 2.0 - 2.0L - 2L - 3.6L - 3.9L - D4F - F4R - K4M - K7M - K9K,,
395922,RENAULT,CLIO II,1.2 - 1.4L - 1.5 - 1.6 - 1.6L - 1.9L - 11.0L - 13.8L - 2.0 - 2.0L - 2L - 3.6L - 3.9L - D4F - F4R - K4M - K7M - K9K,,
395922,RENAULT,CLIO II,1.2 - 1.4L - 1.5 - 1.6 - 1.6L - 1.9L - 11.0L - 13.8L - 2.0 - 2.0L - 2L - 3.6L - 3.9L - D4F - F4R - K4M - K7M - K9K,,
395922,RENAULT,CLIO II,1.2 - 1.4L - 1.5 - 1.6 - 1.6L - 1.9L - 11.0L - 13.8L - 2.0 - 2.0L - 2L - 3.6L - 3.9L - D4F - F4R - K4M - K7M - K9K,,
395922,RENAULT,DUSTER,1.2 - 1.4L - 1.5 - 1.6 - 1.6L - 1.9L - 11.0L - 13.8L - 2.0 - 2.0L - 2L - 3.6L - 3.9L - D4F - F4R - K4M - K7M - K9K,,
395922,RENAULT,DUSTER,1.2 - 1.4L - 1.5 - 1.6 - 1.6L - 1.9L - 11.0L - 13.8L - 2.0 - 2.0L - 2L - 3.6L - 3.9L - D4F - F4R - K4M - K7M - K9K,,
395922,RENAULT,LOGAN,1.2 - 1.4L - 1.5 - 1.6 - 1.6L - 1.9L - 11.0L - 13.8L - 2.0 - 2.0L - 2L - 3.6L - 3.9L - D4F - F4R - K4M - K7M - K9K,,
395922,RENAULT,SANDERO,1.2 - 1.4L - 1.5 - 1.6 - 1.6L - 1.9L - 11.0L - 13.8L - 2.0 - 2.0L - 2L - 3.6L - 3.9L - D4F - F4R - K4M - K7M - K9K,,
395922,RENAULT,SANDERO,1.2 - 1.4L - 1.5 - 1.6 - 1.6L - 1.9L - 11.0L - 13.8L - 2.0 - 2.0L - 2L - 3.6L - 3.9L - D4F - F4R - K4M - K7M - K9K,,
395922,RENAULT,SYMBOL,1.2 - 1.4L - 1.5 - 1.6 - 1.6L - 1.9L - 11.0L - 13.8L - 2.0 - 2.0L - 2L - 3.6L - 3.9L - D4F - F4R - K4M - K7M - K9K,,
395922,RENAULT,MEGANE II,1.2 - 1.4L - 1.5 - 1.6 - 1.6L - 1.9L - 11.0L - 13.8L - 2.0 - 2.0L - 2L - 3.6L - 3.9L - D4F - F4R - K4M - K7M - K9K,,
395922,RENAULT,SCENIC II,1.2 - 1.4L - 1.5 - 1.6 - 1.6L - 1.9L - 11.0L - 13.8L - 2.0 - 2.0L - 2L - 3.6L - 3.9L - D4F - F4R - K4M - K7M - K9K,,
395922,RENAULT,FLUENCE,1.2 - 1.4L - 1.5 - 1.6 - 1.6L - 1.9L - 11.0L - 13.8L - 2.0 - 2.0L - 2L - 3.6L - 3.9L - D4F - F4R - K4M - K7M - K9K,,
395922,RENAULT,CLIO MIO,1.2 - 1.4L - 1.5 - 1.6 - 1.6L - 1.9L - 11.0L - 13.8L - 2.0 - 2.0L - 2L - 3.6L - 3.9L - D4F - F4R - K4M - K7M - K9K,,
395922,VARIOS,,1.2 - 1.4L - 1.5 - 1.6 - 1.6L - 1.9L - 11.0L - 13.8L - 2.0 - 2.0L - 2L - 3.6L - 3.9L - D4F - F4R - K4M - K7M - K9K,,
395922,RENAULT,FLUENCE,1.2 - 1.4L - 1.5 - 1.6 - 1.6L - 1.9L - 11.0L - 13.8L - 2.0 - 2.0L - 2L - 3.6L - 3.9L - D4F - F4R - K4M - K7M - K9K - M4R,,
395922,RENAULT,MEGANE III,1.2 - 1.4L - 1.5 - 1.6 - 1.6L - 1.9L - 11.0L - 13.8L - 2.0 - 2.0L - 2L - 3.6L - 3.9L - D4F - F4R - K4M - K7M - K9K - M4R,,
395922,RENAULT,LATITUDE,1.2 - 1.4L - 1.5 - 1.6 - 1.6L - 1.9L - 11.0L - 13.8L - 2.0 - 2.0L - 2L - 3.6L - 3.9L - D4F - F4R - K4M - K7M - K9K - M4R,,
411859,RENAULT,DUSTER,1.2 - 1.4L - 1.5 - 1.6 - 1.6L - 1.9L - 11.0L - 13.8L - 2.5 - 2L - 3.6L - 3.9L - D4F - F4R - G9U - K4M - K7M - K9K,,
411859,RENAULT,MEGANE II,1.2 - 1.4L - 1.5 - 1.6 - 1.6L - 1.9L - 11.0L - 13.8L - 2.5 - 2L - 3.6L - 3.9L - D4F - F4R - G9U - K4M - K7M - K9K,,
411859,RENAULT,MEGANE II,1.2 - 1.4L - 1.5 - 1.6 - 1.6L - 1.9L - 11.0L - 13.8L - 2.5 - 2L - 3.6L - 3.9L - D4F - F9Q - G9U - K4M - K7M - K9K,,
411859,RENAULT,KANGOO,1.2 - 1.4L - 1.5 - 1.6 - 1.6L - 1.9L - 11.0L - 13.8L - 2.5 - 2L - 3.6L - 3.9L - D4F - G9U - K4M - K7M - K9K,,
411859,RENAULT,TWINGO,1.2 - 1.4L - 1.5 - 1.6 - 1.6L - 1.9L - 11.0L - 13.8L - 2.5 - 2L - 3.6L - 3.9L - D4F - G9U - K4M - K7M - K9K,,
411859,RENAULT,MASTER,1.2 - 1.4L - 1.5 - 1.6 - 1.6L - 1.9L - 11.0L - 13.8L - 2.5 - 2L - 3.6L - 3.9L - D4F - G9U - K4M - K7M - K9K,,
411859,RENAULT,CLIO II,1.2 - 1.4L - 1.5 - 1.6 - 1.6L - 1.9L - 11.0L - 13.8L - 2.5 - 2L - 3.6L - 3.9L - D4F - G9U - K4M - K7M - K9K,,
411859,RENAULT,CLIO II,1.2 - 1.4L - 1.5 - 1.6 - 1.6L - 1.9L - 11.0L - 13.8L - 2.5 - 2L - 3.6L - 3.9L - D4F - G9U - K4M - K7M - K9K,,
411859,RENAULT,CLIO II,1.2 - 1.4L - 1.5 - 1.6 - 1.6L - 1.9L - 11.0L - 13.8L - 2.5 - 2L - 3.6L - 3.9L - D4F - G9U - K4M - K7M - K9K,,
411859,RENAULT,LOGAN,1.2 - 1.4L - 1.5 - 1.6 - 1.6L - 1.9L - 11.0L - 13.8L - 2.5 - 2L - 3.6L - 3.9L - D4F - G9U - K4M - K7M - K9K,,
411859,RENAULT,SANDERO,1.2 - 1.4L - 1.5 - 1.6 - 1.6L - 1.9L - 11.0L - 13.8L - 2.5 - 2L - 3.6L - 3.9L - D4F - G9U - K4M - K7M - K9K,,
411859,RENAULT,SANDERO,1.2 - 1.4L - 1.5 - 1.6 - 1.6L - 1.9L - 11.0L - 13.8L - 2.5 - 2L - 3.6L - 3.9L - D4F - G9U - K4M - K7M - K9K,,
411859,RENAULT,SYMBOL,1.2 - 1.4L - 1.5 - 1.6 - 1.6L - 1.9L - 11.0L - 13.8L - 2.5 - 2L - 3.6L - 3.9L - D4F - G9U - K4M - K7M - K9K,,
411859,RENAULT,SYMBOL,1.2 - 1.4L - 1.5 - 1.6 - 1.6L - 1.9L - 11.0L - 13.8L - 2.5 - 2L - 3.6L - 3.9L - D4F - G9U - K4M - K7M - K9K,,
411859,RENAULT,CLIO MIO,1.2 - 1.4L - 1.5 - 1.6 - 1.6L - 1.9L - 11.0L - 13.8L - 2.5 - 2L - 3.6L - 3.9L - D4F - G9U - K4M - K7M - K9K,,
411859,VARIOS,,1.2 - 1.4L - 1.5 - 1.6 - 1.6L - 1.9L - 11.0L - 13.8L - 2.5 - 2L - 3.6L - 3.9L - D4F - G9U - K4M - K7M - K9K,2000,502
411859,RENAULT,FLUENCE,1.2 - 1.4L - 1.5 - 1.6 - 1.6L - 1.9L - 11.0L - 13.8L - 2.5 - 2L - 3.6L - 3.9L - D4F - G9U - K4M - K7M - K9K - M4R,,
532894,SEAT,LEON,1.2 - 1.4L - 1.8 - 2.0 - 2.0L,,
532894,SEAT,ALTEA,1.2 - 1.4L - 1.8 - 2.0 - 2.0L,,
423735,RENAULT,CLIO,1.2 - 1.5 - 1.6L - 11.0L - 12.0L - 13.8L - 13L - 2.5 - 2L - D4D - D4F - D7D - D7F,,
423735,RENAULT,CLIO,1.2 - 1.5 - 1.6L - 11.0L - 12.0L - 13.8L - 13L - 2.5 - 2L - D4D - D4F - D7D - D7F,,
423735,RENAULT,CLIO,1.2 - 1.5 - 1.6L - 11.0L - 12.0L - 13.8L - 13L - 2.5 - 2L - D4D - D4F - D7D - D7F,,
423735,RENAULT,CLIO,1.2 - 1.5 - 1.6L - 11.0L - 12.0L - 13.8L - 13L - 2.5 - 2L - D4D - D4F - D7D - D7F,,
423735,RENAULT,KANGOO,1.2 - 1.5 - 1.6L - 11.0L - 12.0L - 13.8L - 13L - 2.5 - 2L - D4D - D4F - D7D - D7F,,
423735,RENAULT,KANGOO,1.2 - 1.5 - 1.6L - 11.0L - 12.0L - 13.8L - 13L - 2.5 - 2L - D4D - D4F - D7D - D7F,,
423735,RENAULT,KANGOO,1.2 - 1.5 - 1.6L - 11.0L - 12.0L - 13.8L - 13L - 2.5 - 2L - D4D - D4F - D7D - D7F,,
423735,RENAULT,KANGOO,1.2 - 1.5 - 1.6L - 11.0L - 12.0L - 13.8L - 13L - 2.5 - 2L - D4D - D4F - D7D - D7F,,
434696,RENAULT,,1.2 - 1.5 - 1.9L - K9K,,
459169,RENAULT,CLIO,1.2 - 1.6,2012,2016
459169,RENAULT,LOGAN,1.2 - 1.6,2012,2016
459169,RENAULT,SANDERO,1.2 - 1.6,2012,2016
415305,VW,GOLF,1.2 - 1.6 - 1.6L - 11.0L - 2L - 3.5L - MSI,,
415305,VW,PASSAT,1.2 - 1.6 - 1.6L - 11.0L - 2L - 3.5L - MSI,,
415305,VW,POLO,1.2 - 1.6 - 1.6L - 11.0L - 2L - 3.5L - MSI,,
415305,VW,FOX,1.2 - 1.6 - 1.6L - 11.0L - 2L - 3.5L - MSI,,
415305,VW,UP,1.2 - 1.6 - 1.6L - 11.0L - 2L - 3.5L - MSI,,
552593,CHEVROLET,VECTRA,1.2 - 1.6 - 1.8 - 2.0,2008,1993
552593,CHEVROLET,AVEO,1.2 - 1.6 - 1.8 - 2.0,2008,1993
552593,CHEVROLET,SPARK,1.2 - 1.6 - 1.8 - 2.0,2008,1993
552593,VW,GOLF,1.2 - 1.6 - 1.8 - 2.0,2008,1993
450908,CITROEN,C-ELYSEE,1.2 - 1.6 - 2.2,7680,9675
450908,CITROEN,C4 CACTUS,1.2 - 1.6 - 2.2,7680,9675
450908,PEUGEOT,2008,1.2 - 1.6 - 2.2,7680,9675
432227,AUDI,A3,1.2 - 1.8 - 2.0,,
432227,AUDI,A4,1.2 - 1.8 - 2.0,,
432227,AUDI,TT,1.2 - 1.8 - 2.0,,
432227,AUDI,A5,1.2 - 1.8 - 2.0,,
432227,AUDI,Q5,1.2 - 1.8 - 2.0,,
432227,SEAT,LEON,1.2 - 1.8 - 2.0,,
432227,SEAT,ALTEA,1.2 - 1.8 - 2.0,,
432227,VW,GOLF,1.2 - 1.8 - 2.0,,
532894,AUDI,A3,1.2 - 1.8 - 2.0,,
532894,AUDI,A4,1.2 - 1.8 - 2.0,,
532894,AUDI,TT,1.2 - 1.8 - 2.0,,
532894,AUDI,A5,1.2 - 1.8 - 2.0,,
532894,AUDI,Q5,1.2 - 1.8 - 2.0,,
532894,SEAT,LEON,1.2 - 1.8 - 2.0,,
532894,SEAT,ALTEA,1.2 - 1.8 - 2.0,,
532894,VW,GOLF,1.2 - 1.8 - 2.0,,
49004,RENAULT,CLIO II,1.2 - 11.0L - 13.8L - 2L - D4F,,
49004,RENAULT,CLIO MIO,1.2 - 11.0L - 13.8L - 2L - D4F,,
416816,PEUGEOT,206,1.2 - 11.0L - 13.8L - 2L - D4F,,
416816,RENAULT,CLIO II,1.2 - 11.0L - 13.8L - 2L - D4F,,
285929,RENAULT,KANGOO,1.2 - 11.0L - 2L,,
285929,RENAULT,TWINGO,1.2 - 11.0L - 2L,,
285929,RENAULT,CLIO II,1.2 - 11.0L - 2L,,
200206,RENAULT,CLIO,1.2 - 13.8L - D4F,795,
200206,RENAULT,TWINGO,1.2 - 13.8L - D4F,795,
569629,RENAULT,CLIO II,1.2 - 13.8L - D4F,,
10285,PERKINS,6-305,1.2L - 1.3L - 4-203 - 6-305,,
10285,PERKINS,4-203,1.2L - 1.3L - 4-203 - 6-305,,
10285,PERKINS,3-152,1.2L - 1.3L - 4-203 - 6-305,,
10285,PERKINS,D3.152,1.2L - 1.3L - 4-203 - 6-305,,
10285,PERKINS,D4.203,1.2L - 1.3L - 4-203 - 6-305,,
12336,PERKINS,-,1.2L - 1.3L - 4-203 - 6-305,,
12336,PERKINS,-,1.2L - 1.3L - 4-203 - 6-305,,
165704,PERKINS,6-305,1.2L - 1.3L - 4-203 - 6-305,,
165704,PERKINS,4-203,1.2L - 1.3L - 4-203 - 6-305,,
165704,PERKINS,3-152,1.2L - 1.3L - 4-203 - 6-305,,
376375,PERKINS,6-305,1.2L - 1.3L - 4-203 - 6-305,,
376375,PERKINS,4-203,1.2L - 1.3L - 4-203 - 6-305,,
407171,PERKINS,-,1.2L - 1.3L - 4-203 - 6-305,,
407171,PERKINS,-,1.2L - 1.3L - 4-203 - 6-305,,
432810,PERKINS,-,1.2L - 1.3L - 4-203 - 6-305,,
432810,PERKINS,-,1.2L - 1.3L - 4-203 - 6-305,,
442511,PERKINS,-,1.2L - 1.3L - 4-203 - 6-305,,
442511,PERKINS,-,1.2L - 1.3L - 4-203 - 6-305,,
442684,PERKINS,-,1.2L - 1.3L - 4-203 - 6-305,,
442684,PERKINS,-,1.2L - 1.3L - 4-203 - 6-305,,
442686,PERKINS,-,1.2L - 1.3L - 4-203 - 6-305,,
442686,PERKINS,-,1.2L - 1.3L - 4-203 - 6-305,,
380452,PERKINS,6-354,1.2L - 1.3L - 4-203 - 6-305 - 6-354,,
380452,PERKINS,6-305,1.2L - 1.3L - 4-203 - 6-305 - 6-354,,
380452,PERKINS,4-203,1.2L - 1.3L - 4-203 - 6-305 - 6-354,,
352487,MERCEDES BENZ,AXOR,1.2L - 1.4L - 11.0L - 2L - 4.2 - 5.9L - 7.2 - OM457LA ELECTRONICO - OM904LA - OM926LA,1002,9584
352487,MERCEDES BENZ,AXOR,1.2L - 1.4L - 11.0L - 2L - 4.2 - 5.9L - 7.2 - OM457LA ELECTRONICO - OM904LA - OM926LA,1002,9584
352487,MERCEDES BENZ,ATEGO,1.2L - 1.4L - 11.0L - 2L - 4.2 - 5.9L - 7.2 - OM457LA ELECTRONICO - OM904LA - OM926LA,1002,9584
352487,MERCEDES BENZ,EVOBUS,1.2L - 1.4L - 11.0L - 2L - 4.2 - 5.9L - 7.2 - OM457LA ELECTRONICO - OM904LA - OM926LA,1002,9584
348874,MERCEDES BENZ,OF1721,1.2L - 1.4L - 6.4 - OM906 - OM906LA - OM926LA,,
348874,MERCEDES BENZ,-,1.2L - 1.4L - 6.4 - OM906 - OM906LA - OM926LA,,
348874,MERCEDES BENZ,-,1.2L - 1.4L - 6.4 - OM906 - OM906LA - OM926LA,,
348874,MERCEDES BENZ,-,1.2L - 1.4L - 6.4 - OM906 - OM906LA - OM926LA,,
428740,MERCEDES BENZ,ACCELO,1.2L - 1.6L - 1.8L - CUMMINS - CUMMINS INTERACT - ISBE - OM904LA,2008,2010
449073,MERCEDES BENZ,1215,1.2L - 1.6L - OM904 - OM904LA,1998,
296178,PERKINS,4-203,1.2L - 4-203,,
296180,PERKINS,4-203,1.2L - 4-203,,
553759,PERKINS,4-203,1.2L - 4-203,,
553759,PERKINS,4PA-203,1.2L - 4-203,,
261887,MERCEDES BENZ,712C,1.2L - OM904LA,,
261887,MERCEDES BENZ,1215,1.2L - OM904LA,,
409609,MERCEDES BENZ,,1.2L - OM904LA,1998,
395945,MERCEDES BENZ,1721,1.2L - OM904LA - OM906LA,,
395945,MERCEDES BENZ,712,1.2L - OM904LA - OM906LA,,
552206,CITROEN,BERLINGO,1.3 - 1.3L - 1.4L - 1.6 - 1.6L - 1.9 - 1.9L - 12.0L - 14L - 15.0L - 2.0 - 2.0L - 2.8L - 3L - DW10TD - TU3JP - TU5JP4,2010,2012
552184,FIAT,ARGO,1.3 - 1.4 - 1.4L - 1.6 - 1.6L - 1.7 - 1.9L - 2.0L - 2.1L - 3.9L - 3L - EVO - FIRE - FIREFLY - TORQUE - TORQUE 16V,2017,2023
423794,FIAT,QUBO,1.3 - 1.4 - 1.4L - 1.6L - 1.8 - 1.9L - 2.0 - 2.0L - 3L - MULTIJET,,
9074,MITSUBISHI,LANCER,1.3 - 1.4 - 1.4L - 1.8 - 1.9L - 11.0L - 2.0 - 2.0L - 2.2 - 2L - 3L - 4G63 - 7.2L - C14NZ,,
9074,FIAT,DUNA,1.3 - 1.4 - 1.4L - 1.8 - 1.9L - 11.0L - 2.0 - 2.0L - 2.2 - 2L - 3L - C14NZ,,
9074,FIAT,UNO,1.3 - 1.4 - 1.4L - 1.8 - 1.9L - 11.0L - 2.0 - 2.0L - 2.2 - 2L - 3L - C14NZ,,
9074,KIA,PRIDE,1.3 - 1.4 - 1.4L - 1.8 - 1.9L - 11.0L - 2.0 - 2.0L - 2.2 - 2L - 3L - C14NZ,,
9074,MITSUBISHI,COLT,1.3 - 1.4 - 1.4L - 1.8 - 1.9L - 11.0L - 2.0 - 2.0L - 2.2 - 2L - 3L - C14NZ,,
9074,SUZUKI,SWIFT,1.3 - 1.4 - 1.4L - 1.8 - 1.9L - 11.0L - 2.0 - 2.0L - 2.2 - 2L - 3L - C14NZ - G13,,
357067,FIAT,MOBI,1.3 - 1.4 - 1.4L - 1.9L - 2.0L - 2.1L - 3L - EVO - FIRE,,
554068,FIAT,MOBI,1.3 - 1.4 - 1.4L - 1.9L - 2.0L - 2.1L - 3L - EVO - FIRE,,
357067,FIAT,UNO,1.3 - 1.4 - 1.4L - 1.9L - 2.0L - 2.1L - 3L - EVO - FIRE - FIRE EVO,,
554068,FIAT,UNO,1.3 - 1.4 - 1.4L - 1.9L - 2.0L - 2.1L - 3L - EVO - FIRE - FIRE EVO,,
357067,FIAT,PALIO,1.3 - 1.4 - 1.4L - 1.9L - 2.0L - 3L - FIRE,,
357067,FIAT,PALIO,1.3 - 1.4 - 1.4L - 1.9L - 2.0L - 3L - FIRE,,
357067,FIAT,SIENA,1.3 - 1.4 - 1.4L - 1.9L - 2.0L - 3L - FIRE,,
357067,FIAT,SIENA,1.3 - 1.4 - 1.4L - 1.9L - 2.0L - 3L - FIRE,,
357067,FIAT,UNO,1.3 - 1.4 - 1.4L - 1.9L - 2.0L - 3L - FIRE,,
357067,FIAT,PUNTO,1.3 - 1.4 - 1.4L - 1.9L - 2.0L - 3L - FIRE,,
357067,FIAT,IDEA,1.3 - 1.4 - 1.4L - 1.9L - 2.0L - 3L - FIRE,,
554068,FIAT,PALIO,1.3 - 1.4 - 1.4L - 1.9L - 2.0L - 3L - FIRE,,
554068,FIAT,PALIO,1.3 - 1.4 - 1.4L - 1.9L - 2.0L - 3L - FIRE,,
554068,FIAT,SIENA,1.3 - 1.4 - 1.4L - 1.9L - 2.0L - 3L - FIRE,,
554068,FIAT,SIENA,1.3 - 1.4 - 1.4L - 1.9L - 2.0L - 3L - FIRE,,
554068,FIAT,UNO,1.3 - 1.4 - 1.4L - 1.9L - 2.0L - 3L - FIRE,,
554068,FIAT,PUNTO,1.3 - 1.4 - 1.4L - 1.9L - 2.0L - 3L - FIRE,,
554068,FIAT,IDEA,1.3 - 1.4 - 1.4L - 1.9L - 2.0L - 3L - FIRE,,
552934,FIAT,PALIO,1.3 - 1.4 - 1.4L - 2.0L - 2.1L - EVO - FIRE,2006,
552934,FIAT,SIENA,1.3 - 1.4 - 1.4L - 2.0L - 2.1L - EVO - FIRE,2006,
552934,FIAT,FIORINO,1.3 - 1.4 - 1.4L - 2.0L - 2.1L - EVO - FIRE,2006,
552934,FIAT,UNO,1.3 - 1.4 - 1.4L - 2.0L - 2.1L - EVO - FIRE,2006,
552934,FIAT,STRADA,1.3 - 1.4 - 1.4L - 2.0L - 2.1L - EVO - FIRE,2006,
552934,FIAT,PUNTO,1.3 - 1.4 - 1.4L - 2.0L - 2.1L - EVO - FIRE,2006,
552934,FIAT,IDEA,1.3 - 1.4 - 1.4L - 2.0L - 2.1L - EVO - FIRE,2006,
560068,FIAT,FIORINO,1.3 - 1.4 - 1.4L - 2.0L - 2.1L - EVO - FIRE,2001,
560068,FIAT,UNO,1.3 - 1.4 - 1.4L - 2.0L - 2.1L - EVO - FIRE,2001,
568609,FIAT,PALIO,1.3 - 1.4 - 1.4L - 2.0L - 2.1L - EVO - FIRE,,
568609,FIAT,SIENA,1.3 - 1.4 - 1.4L - 2.0L - 2.1L - EVO - FIRE,,
568609,FIAT,FIORINO,1.3 - 1.4 - 1.4L - 2.0L - 2.1L - EVO - FIRE,,
568609,FIAT,UNO,1.3 - 1.4 - 1.4L - 2.0L - 2.1L - EVO - FIRE,,
568609,FIAT,MOBI,1.3 - 1.4 - 1.4L - 2.0L - 2.1L - EVO - FIRE,,
568609,FIAT,ARGO,1.3 - 1.4 - 1.4L - 2.0L - 2.1L - EVO - FIRE,,
568609,FIAT,CRONOS,1.3 - 1.4 - 1.4L - 2.0L - 2.1L - EVO - FIRE,,
348583,FIAT,PALIO,1.3 - 1.4 - 1.4L - 2.0L - 2.1L - EVO - FIRE - FIRE EVO,,
348583,FIAT,SIENA,1.3 - 1.4 - 1.4L - 2.0L - 2.1L - EVO - FIRE - FIRE EVO,,
348583,FIAT,UNO,1.3 - 1.4 - 1.4L - 2.0L - 2.1L - EVO - FIRE - FIRE EVO,,
348583,FIAT,500,1.3 - 1.4 - 1.4L - 2.0L - 2.1L - EVO - FIRE - FIRE EVO,,
348583,FIAT,DOBLO,1.3 - 1.4 - 1.4L - 2.0L - 2.1L - EVO - FIRE - FIRE EVO,,
348583,FIAT,QUBO,1.3 - 1.4 - 1.4L - 2.0L - 2.1L - EVO - FIRE - FIRE EVO,,
348583,FIAT,GRAND SIENA,1.3 - 1.4 - 1.4L - 2.0L - 2.1L - EVO - FIRE - FIRE EVO,,
552931,FIAT,FIORINO,1.3 - 1.4 - 1.4L - 2.0L - 2.8L - FIRE - TIPO,2004,
552931,FIAT,UNO,1.3 - 1.4 - 1.4L - 2.0L - 2.8L - FIRE - TIPO,2004,
552931,FIAT,STRADA,1.3 - 1.4 - 1.4L - 2.0L - 2.8L - FIRE - TIPO,1990,2001
335647,FIAT,PALIO,1.3 - 1.4 - 1.4L - 2.0L - FIRE,,
335647,FIAT,SIENA,1.3 - 1.4 - 1.4L - 2.0L - FIRE,,
335647,FIAT,500,1.3 - 1.4 - 1.4L - 2.0L - FIRE,,
349482,FIAT,PALIO,1.3 - 1.4 - 1.4L - 2.0L - FIRE,,
349482,FIAT,SIENA,1.3 - 1.4 - 1.4L - 2.0L - FIRE,,
349482,FIAT,UNO,1.3 - 1.4 - 1.4L - 2.0L - FIRE,,
411464,FIAT,PALIO,1.3 - 1.4 - 1.4L - 2.0L - FIRE,,
411464,FIAT,SIENA,1.3 - 1.4 - 1.4L - 2.0L - FIRE,,
411464,FIAT,PUNTO,1.3 - 1.4 - 1.4L - 2.0L - FIRE,,
560068,FIAT,PALIO,1.3 - 1.4 - 1.4L - 2.0L - FIRE,2001,
560068,FIAT,SIENA,1.3 - 1.4 - 1.4L - 2.0L - FIRE,2001,
560068,FIAT,STRADA,1.3 - 1.4 - 1.4L - 2.0L - FIRE,2001,
560068,FIAT,PUNTO,1.3 - 1.4 - 1.4L - 2.0L - FIRE,2001,
560068,FIAT,IDEA,1.3 - 1.4 - 1.4L - 2.0L - FIRE,2001,
377876,HONDA,ACCORD,1.3 - 1.4 - 1.5 - 1.6 - 1.8 - 2.0,2009,
377876,HONDA,CIVIC,1.3 - 1.4 - 1.5 - 1.6 - 1.8 - 2.0,2009,
377876,HONDA,FIT,1.3 - 1.4 - 1.5 - 1.6 - 1.8 - 2.0,2009,
377876,HONDA,CITY,1.3 - 1.4 - 1.5 - 1.6 - 1.8 - 2.0,2009,
387525,HONDA,ACCORD,1.3 - 1.4 - 1.5 - 1.6 - 1.8 - 2.0,2009,
387525,HONDA,PRELUDE,1.3 - 1.4 - 1.5 - 1.6 - 1.8 - 2.0,2009,
387525,HONDA,CIVIC,1.3 - 1.4 - 1.5 - 1.6 - 1.8 - 2.0,2009,
387525,HONDA,CRX,1.3 - 1.4 - 1.5 - 1.6 - 1.8 - 2.0,2009,
387525,HONDA,LEGEND,1.3 - 1.4 - 1.5 - 1.6 - 1.8 - 2.0,2009,
387525,HONDA,INTEGRA,1.3 - 1.4 - 1.5 - 1.6 - 1.8 - 2.0,2009,
387525,HONDA,FIT,1.3 - 1.4 - 1.5 - 1.6 - 1.8 - 2.0,2009,
387525,HONDA,CITY,1.3 - 1.4 - 1.5 - 1.6 - 1.8 - 2.0,2009,
361480,FORD,FIESTA,1.3 - 1.4 - 1.6,1991,
361480,FORD,KA,1.3 - 1.4 - 1.6,1991,
404485,FIAT,128,1.3 - 1.4 - 1.6,,
404485,FIAT,600,1.3 - 1.4 - 1.6,,
458986,FIAT,FIORINO,1.3 - 1.4 - 1.6,2012,
458986,FIAT,500,1.3 - 1.4 - 1.6,2012,
458986,FIAT,PUNTO,1.3 - 1.4 - 1.6,2012,
458986,FIAT,QUBO,1.3 - 1.4 - 1.6,2012,
458986,FIAT,GRAND SIENA,1.3 - 1.4 - 1.6,2012,
552941,FORD,COURIER,1.3 - 1.4 - 1.6,1999,
49036,FIAT,QUBO,1.3 - 1.4 - 1.6L - 1.8 - 1.9L - 11.0L - 2.2 - 2L - 3.2 - 3L - MULTIJET,,
310607,FIAT,QUBO,1.3 - 1.4 - 1.6L - 1.8 - 1.9L - 11.0L - 2.2 - 2L - 3.2 - 3L - MULTIJET,,
560312,FIAT,FIORINO,1.3 - 1.4 - 1.7,1985,
49036,FIAT,500,1.3 - 1.4 - 1.8 - 1.9L - 11.0L - 2.2 - 2L - 3.2 - 3L,,
310607,FIAT,500,1.3 - 1.4 - 1.8 - 1.9L - 11.0L - 2.2 - 2L - 3.2 - 3L,,
560125,FORD,FIESTA,1.3 - 1.4 - 2.0L - ENDURA,1996,
560125,FORD,KA,1.3 - 1.4 - 2.0L - ENDURA,1996,
552908,FIAT,PALIO,1.3 - 1.4 - 2.8L - TIPO,1989,
552931,FIAT,PALIO,1.3 - 1.4 - 2.8L - TIPO,2001,
552931,FIAT,PALIO WEEKEND,1.3 - 1.4 - 2.8L - TIPO,2001,
552931,FIAT,PALIO ADVENTURE,1.3 - 1.4 - 2.8L - TIPO,2001,
357199,FORD,FIESTA,1.3 - 1.4L - 1.9L - 1KD-FTV - 2.0 - 2.0L - 3.0 - 3L - 8.3L - DURATEC - ENDURA - SQR 473 F,1996,
357199,FORD,KA,1.3 - 1.4L - 1.9L - 1KD-FTV - 2.0 - 2.0L - 3.0 - 3L - 8.3L - DURATEC - ENDURA - SQR 473 F,1996,
357199,FORD,ECOSPORT,1.3 - 1.4L - 1.9L - 1KD-FTV - 2.0 - 2.0L - 3.0 - 3L - 8.3L - DURATEC - ENDURA - SQR 473 F,1996,
357199,TOYOTA,HILUX,1.3 - 1.4L - 1.9L - 1KD-FTV - 2.0 - 2.0L - 3.0 - 3L - 8.3L - DURATEC - ENDURA - SQR 473 F,1996,
357199,TOYOTA,COROLLA,1.3 - 1.4L - 1.9L - 1KD-FTV - 2.0 - 2.0L - 3.0 - 3L - 8.3L - DURATEC - ENDURA - SQR 473 F,1996,
357199,CHERY,FACE,1.3 - 1.4L - 1.9L - 1KD-FTV - 2.0 - 2.0L - 3.0 - 3L - 8.3L - DURATEC - ENDURA - SQR 473 F,1996,
152254,FIAT,UNO,1.3 - 1.4L - 1.9L - 2.0L - 3L - FIRE,,
152254,VW,GACEL,1.3 - 1.4L - 1.9L - 2.0L - 3L - FIRE,,
152254,VW,CARAT,1.3 - 1.4L - 1.9L - 2.0L - 3L - FIRE,,
363663,FIAT,,1.3 - 1.4L - 2.0L - FIRE,,
363665,FIAT,,1.3 - 1.4L - 2.0L - FIRE,,
436870,FIAT,,1.3 - 1.4L - 2.0L - FIRE,,
445665,FIAT,PALIO,1.3 - 1.4L - 2.0L - FIRE,377,2016
456274,FIAT,,1.3 - 1.4L - 2.0L - FIRE,,
372588,FIAT,PALIO,1.3 - 1.5,,
372588,FIAT,SIENA,1.3 - 1.5,,
435676,FIAT,,1.3 - 1.5,,
416955,FIAT,PALIO,1.3 - 1.5 - 1.9L - 3L,1986,
416955,FIAT,SIENA,1.3 - 1.5 - 1.9L - 3L,1986,
416955,FIAT,FIORINO,1.3 - 1.5 - 1.9L - 3L,1986,
416955,FIAT,UNO,1.3 - 1.5 - 1.9L - 3L,1986,
416955,FIAT,UNO,1.3 - 1.5 - 1.9L - 3L,1986,
416955,FIAT,STRADA,1.3 - 1.5 - 1.9L - 3L,1986,
509072,DFSK,C35,1.3 - 1.5 - C31 - C32 - C35,2018,
509072,DFSK,C32,1.3 - 1.5 - C31 - C32 - C35,2018,
509072,DFSK,C31,1.3 - 1.5 - C31 - C32 - C35,2018,
509072,DFSK,K01H,1.3 - 1.5 - C31 - C32 - C35,2018,
407824,CHEVROLET,COBALT,1.3 - 1.6 - 1.6L - 1.8 - 1.9L - 3L,2003,2013
560341,CHERY,FACE,1.3 - 1.6 - 1.8,1994,
552595,VW,SAVEIRO,1.3 - 1.6 - 1.8 - 1.9 - 2.0,2009,
552595,VW,FOX,1.3 - 1.6 - 1.8 - 1.9 - 2.0,2011,1998
552595,VW,SURAN,1.3 - 1.6 - 1.8 - 1.9 - 2.0,2011,1998
552595,VW,GACEL,1.3 - 1.6 - 1.8 - 2.0,2011,1998
552595,VW,SENDA,1.3 - 1.6 - 1.8 - 2.0,2011,1998
552595,VW,POINTER,1.3 - 1.6 - 1.8 - 2.0,2011,1998
552595,VW,VOYAGE,1.3 - 1.6 - 1.8 - 2.0,2011,1998
552595,VW,CROSSFOX,1.3 - 1.6 - 1.8 - 2.0,2011,1998
552595,VW,GOL TREND,1.3 - 1.6 - 1.8 - 2.0,2011,1998
458969,FIAT,PALIO,1.3 - 1.6 - 1.8 - 2.8L - TIPO,2001,
458969,FIAT,STRADA,1.3 - 1.6 - 1.8 - 2.8L - TIPO,2001,
458969,FIAT,TIPO,1.3 - 1.6 - 1.8 - 2.8L - TIPO,2001,
458969,FIAT,DOBLO,1.3 - 1.6 - 1.8 - 2.8L - TIPO,2001,
509073,MERCEDES BENZ,A160,1.3 - 1.6 - 2.0,2019,
509073,MERCEDES BENZ,B200,1.3 - 1.6 - 2.0,2019,
509073,MERCEDES BENZ,CLA250,1.3 - 1.6 - 2.0,2019,
255321,FIAT,QUBO,1.3 - 1.6L - 1.9L - 3L - MULTIJET,,
552595,CHEVROLET,VECTRA,1.3 - 1.8 - 2.0,2011,1998
552595,CHEVROLET,MONZA,1.3 - 1.8 - 2.0,2011,1998
552595,CHEVROLET,KADETT,1.3 - 1.8 - 2.0,2011,1998
552595,FORD,ESCORT,1.3 - 1.8 - 2.0,2011,1998
552595,FORD,FIESTA,1.3 - 1.8 - 2.0,2011,1998
552595,FORD,KA,1.3 - 1.8 - 2.0,2011,1998
552595,FORD,COURIER,1.3 - 1.8 - 2.0,2011,1998
552595,VW,GOL,1.3 - 1.8 - 2.0,2011,1998
552595,VW,PASSAT,1.3 - 1.8 - 2.0,2011,1998
552595,VW,QUANTUM,1.3 - 1.8 - 2.0,2011,1998
552595,VW,SANTANA,1.3 - 1.8 - 2.0,2011,1998
552595,CHERY,FACE,1.3 - 1.8 - 2.0,2011,1998
501079,MERCEDES BENZ,CLASE A,1.3 - 2.0,2019,
501079,MERCEDES BENZ,CLASE B,1.3 - 2.0,2019,
552185,FORD,FIESTA,1.3 - 2.0L - ENDURA - J4D,1994,2008
560101,CITROEN,C3,1.3L - 1.4 - 1.5 - 1.6 - 1.9L - 12.0L - 14L - 15.0L - 2.8L - TU3JP - TU5JP4,2005,
560101,CITROEN,C3 PICASSO,1.3L - 1.4 - 1.5 - 1.6 - 1.9L - 12.0L - 14L - 15.0L - 2.8L - TU3JP - TU5JP4,2005,
560101,PEUGEOT,208,1.3L - 1.4 - 1.5 - 1.6 - 1.9L - 12.0L - 14L - 15.0L - 2.8L - TU3JP - TU5JP4,2005,
416893,CITROEN,BERLINGO,1.3L - 1.4 - 1.5 - 12.0L - 14L - 15.0L - 2.0L - 350A1000 - TU3A - TU3JP,2000,
416893,CITROEN,C3,1.3L - 1.4 - 1.5 - 12.0L - 14L - 15.0L - 2.0L - 350A1000 - TU3A - TU3JP,2000,
416893,FIAT,QUBO,1.3L - 1.4 - 1.5 - 12.0L - 14L - 15.0L - 2.0L - 350A1000 - TU3A - TU3JP,2000,
416893,PEUGEOT,206,1.3L - 1.4 - 1.5 - 12.0L - 14L - 15.0L - 2.0L - 350A1000 - TU3A - TU3JP,2000,
416893,PEUGEOT,106,1.3L - 1.4 - 1.5 - 12.0L - 14L - 15.0L - 2.0L - 350A1000 - TU3A - TU3JP,2000,
416893,PEUGEOT,207,1.3L - 1.4 - 1.5 - 12.0L - 14L - 15.0L - 2.0L - 350A1000 - TU3A - TU3JP,2000,
416893,PEUGEOT,HOGGAR,1.3L - 1.4 - 1.5 - 12.0L - 14L - 15.0L - 2.0L - 350A1000 - TU3A - TU3JP,2000,
416893,PEUGEOT,208,1.3L - 1.4 - 1.5 - 12.0L - 14L - 15.0L - 2.0L - 350A1000 - TU3A - TU3JP,2000,
348934,VW,GOL,1.3L - 1.4 - 1.5L - 1.6 - 1.6L - 12.0L - 2.0L - 2.8L - AEH - AEV - AKL - BAH - EA111,2010,2003
348934,VW,GOL,1.3L - 1.4 - 1.5L - 1.6 - 1.6L - 12.0L - 2.0L - 2.8L - AEH - AKL - BAH - DOHC - EA111,2010,2003
348934,VW,FOX,1.3L - 1.4 - 1.5L - 1.6 - 1.6L - 2.0L - 2.8L - AEA - AEH - AKL - BAH - EA111,2010,2003
348934,VW,SURAN,1.3L - 1.4 - 1.5L - 1.6 - 1.6L - 2.0L - 2.8L - AEA - AEH - AKL - BAH - EA111,2010,2003
348934,VW,CROSSFOX,1.3L - 1.4 - 1.5L - 1.6 - 1.6L - 2.0L - 2.8L - AEA - AEH - AKL - BAH - EA111,2010,2003
348934,SEAT,IBIZA,1.3L - 1.4 - 1.5L - 1.6 - 1.6L - 2.0L - 2.8L - AEH - AKL - BAH - EA111,2010,2003
348934,SEAT,IBIZA,1.3L - 1.4 - 1.5L - 1.6 - 1.6L - 2.0L - 2.8L - AEH - AKL - BAH - EA111,2010,2003
348934,SEAT,CORDOBA,1.3L - 1.4 - 1.5L - 1.6 - 1.6L - 2.0L - 2.8L - AEH - AKL - BAH - EA111,2010,2003
348934,SEAT,CORDOBA,1.3L - 1.4 - 1.5L - 1.6 - 1.6L - 2.0L - 2.8L - AEH - AKL - BAH - EA111,2010,2003
348934,SEAT,CORDOBA,1.3L - 1.4 - 1.5L - 1.6 - 1.6L - 2.0L - 2.8L - AEH - AKL - BAH - EA111,2010,2003
348934,VW,GOLF,1.3L - 1.4 - 1.5L - 1.6 - 1.6L - 2.0L - 2.8L - AEH - AKL - BAH - EA111,2010,2003
416915,CITROEN,BERLINGO,1.3L - 1.4 - 1.6 - 1.6L - 1.9L - 12.0L - 14L - 15.0L - 2.0L - 2.8L - 350A1000 - TU3JP - TU5JP4,1993,
416915,FIAT,QUBO,1.3L - 1.4 - 1.6 - 1.6L - 1.9L - 12.0L - 14L - 15.0L - 2.0L - 2.8L - 350A1000 - TU3JP - TU5JP4,1993,
416915,PEUGEOT,206,1.3L - 1.4 - 1.6 - 1.6L - 1.9L - 12.0L - 14L - 15.0L - 2.0L - 2.8L - 350A1000 - TU3JP - TU5JP4,1993,
416915,PEUGEOT,206,1.3L - 1.4 - 1.6 - 1.6L - 1.9L - 12.0L - 14L - 15.0L - 2.0L - 2.8L - 350A1000 - TU3JP - TU5JP4,1993,
416915,PEUGEOT,PARTNER,1.3L - 1.4 - 1.6 - 1.6L - 1.9L - 12.0L - 14L - 15.0L - 2.0L - 2.8L - 350A1000 - TU3JP - TU5JP4,1993,
416915,PEUGEOT,207,1.3L - 1.4 - 1.6 - 1.6L - 1.9L - 12.0L - 14L - 15.0L - 2.0L - 2.8L - 350A1000 - TU3JP - TU5JP4,1993,
416915,PEUGEOT,HOGGAR,1.3L - 1.4 - 1.6 - 1.6L - 1.9L - 12.0L - 14L - 15.0L - 2.0L - 2.8L - 350A1000 - TU3JP - TU5JP4,1993,
456290,PEUGEOT,206,1.3L - 1.4 - 1.6 - 1.6L - 1.9L - 12.0L - 14L - 15.0L - 2.8L - TU3JP - TU5JP4,,
456290,PEUGEOT,206,1.3L - 1.4 - 1.6 - 1.6L - 1.9L - 12.0L - 14L - 15.0L - 2.8L - TU3JP - TU5JP4,,
456290,PEUGEOT,405,1.3L - 1.4 - 1.6 - 1.6L - 1.9L - 12.0L - 14L - 15.0L - 2.8L - TU3JP - TU5JP4,,
456290,PEUGEOT,PARTNER,1.3L - 1.4 - 1.6 - 1.6L - 1.9L - 12.0L - 14L - 15.0L - 2.8L - TU3JP - TU5JP4,,
552207,CITROEN,C3,1.3L - 1.4 - 1.6 - 1.6L - 1.9L - 12.0L - 14L - 15.0L - 2.8L - TU3JP - TU5JP4,2003,2002
552207,CITROEN,C3,1.3L - 1.4 - 1.6 - 1.6L - 1.9L - 12.0L - 14L - 15.0L - 2.8L - TU3JP - TU5JP4,2003,2002
552207,CITROEN,C3,1.3L - 1.4 - 1.6 - 1.6L - 1.9L - 12.0L - 14L - 15.0L - 2.8L - TU3JP - TU5JP4,2003,2002
262190,PEUGEOT,207,1.3L - 1.4 - 1.6 - 1.6L - 12.0L - 14L - 15.0L - TU3JP,2003,
568644,PEUGEOT,207,1.3L - 1.4 - 1.6 - 1.8L - 1.9 - 12.0L - 14L - 15.0L - 2.3L - 3.9L - TU3JP - TU5J4 - ZETEC ROCAM,,207
556180,CITROEN,C3,1.3L - 1.4 - 1.6 - 1.8L - 1.9L - 12.0L - 14L - 15.0L - 2.0 - 2.8L - DW10 - TU3JP - TU5JP4,2013,
552927,PEUGEOT,106,1.3L - 1.4 - 1.6 - 1.9L - 12.0L - 14L - 15.0L - 2.8L - S16 - TU3JP - TU5JP4,2003,
552927,CITROEN,BERLINGO,1.3L - 1.4 - 1.6 - 1.9L - 12.0L - 14L - 15.0L - 2.8L - TU3JP - TU5JP4,2003,
552927,CITROEN,XSARA,1.3L - 1.4 - 1.6 - 1.9L - 12.0L - 14L - 15.0L - 2.8L - TU3JP - TU5JP4,2003,
552927,CITROEN,XSARA PICASSO,1.3L - 1.4 - 1.6 - 1.9L - 12.0L - 14L - 15.0L - 2.8L - TU3JP - TU5JP4,2003,
552927,CITROEN,C3,1.3L - 1.4 - 1.6 - 1.9L - 12.0L - 14L - 15.0L - 2.8L - TU3JP - TU5JP4,2003,
552927,CITROEN,C4,1.3L - 1.4 - 1.6 - 1.9L - 12.0L - 14L - 15.0L - 2.8L - TU3JP - TU5JP4,2003,
552927,PEUGEOT,206,1.3L - 1.4 - 1.6 - 1.9L - 12.0L - 14L - 15.0L - 2.8L - TU3JP - TU5JP4,2003,
552927,PEUGEOT,306,1.3L - 1.4 - 1.6 - 1.9L - 12.0L - 14L - 15.0L - 2.8L - TU3JP - TU5JP4,2003,
552927,PEUGEOT,PARTNER,1.3L - 1.4 - 1.6 - 1.9L - 12.0L - 14L - 15.0L - 2.8L - TU3JP - TU5JP4,2003,
552927,PEUGEOT,207,1.3L - 1.4 - 1.6 - 1.9L - 12.0L - 14L - 15.0L - 2.8L - TU3JP - TU5JP4,2003,
560101,CITROEN,BERLINGO,1.3L - 1.4 - 1.6 - 1.9L - 12.0L - 14L - 15.0L - 2.8L - TU3JP - TU5JP4,2005,
560101,CITROEN,SAXO,1.3L - 1.4 - 1.6 - 1.9L - 12.0L - 14L - 15.0L - 2.8L - TU3JP - TU5JP4,2005,
560101,CITROEN,XSARA,1.3L - 1.4 - 1.6 - 1.9L - 12.0L - 14L - 15.0L - 2.8L - TU3JP - TU5JP4,2005,
560101,CITROEN,XSARA PICASSO,1.3L - 1.4 - 1.6 - 1.9L - 12.0L - 14L - 15.0L - 2.8L - TU3JP - TU5JP4,2005,
560101,CITROEN,C3 AIRCROSS,1.3L - 1.4 - 1.6 - 1.9L - 12.0L - 14L - 15.0L - 2.8L - TU3JP - TU5JP4,2005,
560101,CITROEN,C4 AIRCROSS,1.3L - 1.4 - 1.6 - 1.9L - 12.0L - 14L - 15.0L - 2.8L - TU3JP - TU5JP4,2005,
560101,PEUGEOT,206,1.3L - 1.4 - 1.6 - 1.9L - 12.0L - 14L - 15.0L - 2.8L - TU3JP - TU5JP4,2005,
560101,PEUGEOT,106,1.3L - 1.4 - 1.6 - 1.9L - 12.0L - 14L - 15.0L - 2.8L - TU3JP - TU5JP4,2005,
560101,PEUGEOT,307,1.3L - 1.4 - 1.6 - 1.9L - 12.0L - 14L - 15.0L - 2.8L - TU3JP - TU5JP4,2005,
560101,PEUGEOT,PARTNER,1.3L - 1.4 - 1.6 - 1.9L - 12.0L - 14L - 15.0L - 2.8L - TU3JP - TU5JP4,2005,
560101,PEUGEOT,207,1.3L - 1.4 - 1.6 - 1.9L - 12.0L - 14L - 15.0L - 2.8L - TU3JP - TU5JP4,2005,
560101,PEUGEOT,HOGGAR,1.3L - 1.4 - 1.6 - 1.9L - 12.0L - 14L - 15.0L - 2.8L - TU3JP - TU5JP4,2005,
429850,PEUGEOT,208,1.3L - 1.4 - 12.0L - 14L - 15.0L - 2.0L - 2.3L - TU3A - TU3JP - TU4,,
429850,CITROEN,BERLINGO,1.3L - 1.4 - 12.0L - 14L - 15.0L - 2.0L - TU3A - TU3JP,,
429850,CITROEN,BERLINGO,1.3L - 1.4 - 12.0L - 14L - 15.0L - 2.0L - TU3A - TU3JP,,
429850,CITROEN,SAXO,1.3L - 1.4 - 12.0L - 14L - 15.0L - 2.0L - TU3A - TU3JP,,
429850,CITROEN,SAXO,1.3L - 1.4 - 12.0L - 14L - 15.0L - 2.0L - TU3A - TU3JP,,
429850,CITROEN,C3,1.3L - 1.4 - 12.0L - 14L - 15.0L - 2.0L - TU3A - TU3JP,,
429850,CITROEN,C3,1.3L - 1.4 - 12.0L - 14L - 15.0L - 2.0L - TU3A - TU3JP,,
429850,PEUGEOT,206,1.3L - 1.4 - 12.0L - 14L - 15.0L - 2.0L - TU3A - TU3JP,,
429850,PEUGEOT,206,1.3L - 1.4 - 12.0L - 14L - 15.0L - 2.0L - TU3A - TU3JP,,
429850,PEUGEOT,106,1.3L - 1.4 - 12.0L - 14L - 15.0L - 2.0L - TU3A - TU3JP,,
429850,PEUGEOT,106,1.3L - 1.4 - 12.0L - 14L - 15.0L - 2.0L - TU3A - TU3JP,,
429850,PEUGEOT,PARTNER,1.3L - 1.4 - 12.0L - 14L - 15.0L - 2.0L - TU3A - TU3JP,,
429850,PEUGEOT,PARTNER,1.3L - 1.4 - 12.0L - 14L - 15.0L - 2.0L - TU3A - TU3JP,,
434664,PEUGEOT,,1.3L - 1.4 - 12.0L - 14L - 15.0L - TU3JP,,
437043,PEUGEOT,,1.3L - 1.4 - 12.0L - 14L - 15.0L - TU3JP,,
315468,CUMMINS,6B,1.3L - 1.4L - 1.5L - 1.8L - 3.9 - 4B - 4BT - 5.9 - 6B - 6BT - 6BTA - CUMMINS,,
315468,CUMMINS,6BTA,1.3L - 1.4L - 1.5L - 1.8L - 3.9 - 4B - 4BT - 5.9 - 6B - 6BT - 6BTA - CUMMINS,,
315468,CUMMINS,6BT,1.3L - 1.4L - 1.5L - 1.8L - 3.9 - 4B - 4BT - 5.9 - 6B - 6BT - 6BTA - CUMMINS,,
315468,CUMMINS,4B,1.3L - 1.4L - 1.5L - 1.8L - 3.9 - 4B - 4BT - 5.9 - 6B - 6BT - 6BTA - CUMMINS,,
315468,CUMMINS,4BT,1.3L - 1.4L - 1.5L - 1.8L - 3.9 - 4B - 4BT - 5.9 - 6B - 6BT - 6BTA - CUMMINS,,
195080,CUMMINS,SERIE B,1.3L - 1.4L - 1.5L - 1.8L - 5.9 - 6BT - 6BTA - 6BTAA - CUMMINS - ISB,,
195080,CUMMINS,SERIE B,1.3L - 1.4L - 1.5L - 1.8L - 5.9 - 6BT - 6BTA - 6BTAA - CUMMINS - ISB,,
195080,CUMMINS,SERIE B,1.3L - 1.4L - 1.5L - 1.8L - 5.9 - 6BT - 6BTA - 6BTAA - CUMMINS - ISB,,
195080,CUMMINS,-,1.3L - 1.4L - 1.5L - 1.8L - 5.9 - 6BT - 6BTA - 6BTAA - CUMMINS - ISB,,
354259,CUMMINS,SERIE B,1.3L - 1.4L - 1.5L - 1.8L - 5.9 - 6BT - 6BTA - 6BTAA - CUMMINS - ISB,,
354259,CUMMINS,SERIE B,1.3L - 1.4L - 1.5L - 1.8L - 5.9 - 6BT - 6BTA - 6BTAA - CUMMINS - ISB,,
354259,CUMMINS,SERIE B,1.3L - 1.4L - 1.5L - 1.8L - 5.9 - 6BT - 6BTA - 6BTAA - CUMMINS - ISB,,
354259,CUMMINS,-,1.3L - 1.4L - 1.5L - 1.8L - 5.9 - 6BT - 6BTA - 6BTAA - CUMMINS - ISB,,
252386,SEAT,IBIZA,1.3L - 1.4L - 1.6 - 1.6L - 1.8 - 1.9 - 1Y-AAZ - 2.0 - 2.0L - 2.3L - 2.8L - 2.9L - 4.0L - 4.1L - 4.6L - 5.3L - 8.3L - AAE - ADZ - AHU - AKL - AKL - ARM - AP1600 - AP1800 - AP2000,,
252386,SEAT,CORDOBA,1.3L - 1.4L - 1.6 - 1.6L - 1.8 - 1.9 - 1Y-AAZ - 2.0 - 2.0L - 2.3L - 2.8L - 2.9L - 4.0L - 4.1L - 4.6L - 5.3L - 8.3L - AAE - ADZ - AHU - AKL - AKL - ARM - AP1600 - AP1800 - AP2000,,
252386,SEAT,TOLEDO,1.3L - 1.4L - 1.6 - 1.6L - 1.8 - 1.9 - 1Y-AAZ - 2.0 - 2.0L - 2.3L - 2.8L - 2.9L - 4.0L - 4.1L - 4.6L - 5.3L - 8.3L - AAE - ADZ - AHU - AKL - AKL - ARM - AP1600 - AP1800 - AP2000,,
197536,CITROEN,-,1.3L - 1.4L - 12.0L - 14L - 15.0L - 2.0L - 3.9L - FIRE - K4M - TU3JP,,
197536,FIAT,-,1.3L - 1.4L - 12.0L - 14L - 15.0L - 2.0L - 3.9L - FIRE - K4M - TU3JP,,
197536,PEUGEOT,-,1.3L - 1.4L - 12.0L - 14L - 15.0L - 2.0L - 3.9L - FIRE - K4M - TU3JP,,
197536,RENAULT,-,1.3L - 1.4L - 12.0L - 14L - 15.0L - 2.0L - 3.9L - FIRE - K4M - TU3JP,,
349283,DEUTZ,AGRALE,1.3L - 1.4L - 3.0 - 5.7 - D229 - OM352A - OM366A,2013,
349283,MERCEDES BENZ,L1114,1.3L - 1.4L - 3.0 - 5.7 - D229 - OM352A - OM366A,2013,
349283,MERCEDES BENZ,L1113,1.3L - 1.4L - 3.0 - 5.7 - D229 - OM352A - OM366A,2013,
349283,MERCEDES BENZ,L2318,1.3L - 1.4L - 3.0 - 5.7 - D229 - OM352A - OM366A,2013,
556198,FORD,KA,1.3L - 1.5 - 1.6 - 12.0L - 14L - 15.0L - 2.0 - 2.3L - DRAGON - DW10TD - TU3JP,,
372300,CUMMINS,-,1.3L - 1.5L - 1.8L - 6B - 6BT - 6BTAA - CUMMINS,,
372300,CUMMINS,-,1.3L - 1.5L - 1.8L - 6B - 6BT - 6BTAA - CUMMINS,,
372300,CUMMINS,-,1.3L - 1.5L - 1.8L - 6B - 6BT - 6BTAA - CUMMINS,,
450255,CUMMINS,6BTAA,1.3L - 1.5L - 1.8L - 6BT - 6BTAA - CUMMINS,,
450255,CUMMINS,6BT,1.3L - 1.5L - 1.8L - 6BT - 6BTAA - CUMMINS,,
556180,PEUGEOT,306,1.3L - 1.6 - 1.6L - 1.8 - 1.8L - 1.9 - 12.0L - 14L - 15.0L - 2.0 - 3.9L - D8A - D8B - DW10 - DW10TD - TU3JP - TU5JP - XUD9,2013,
556198,PEUGEOT,306,1.3L - 1.6 - 1.6L - 1.8 - 1.9 - 12.0L - 14L - 15.0L - 2.0 - 3.9L - DW10TD - TU3JP - TU5JP - XUD9,,
556198,CITROEN,BERLINGO,1.3L - 1.6 - 1.8 - 12.0L - 14L - 15.0L - 2.0 - DW10TD - TU3JP,,
556198,CITROEN,C4,1.3L - 1.6 - 1.8L - 1.9L - 12.0L - 14L - 15.0L - 2.0 - 2.8L - DW10 - DW10TD - EW10J4 - TU3JP - TU5JP4,,
556180,PEUGEOT,PARTNER,1.3L - 1.6 - 1.8L - 1.9L - 12.0L - 14L - 15.0L - 2.0 - 2.8L - DW10 - TU3JP - TU5JP4,2013,
556180,PEUGEOT,206,1.3L - 1.6 - 1.8L - 12.0L - 14L - 15.0L - 2.0 - 3.9L - DW10 - DW10TD - EW10J4 - TU3JP - TU5J4,2013,
556180,PEUGEOT,207,1.3L - 1.6 - 1.8L - 12.0L - 14L - 15.0L - 2.0 - DW10 - DW10TD - TU3JP,2013,
556198,PEUGEOT,307,1.3L - 1.6 - 1.9L - 12.0L - 14L - 15.0L - 2.0 - 2.8L - DW10TD - TU3JP - TU5JP4,,
556198,PEUGEOT,208,1.3L - 1.6 - 12.0L - 14L - 15.0L - 2.0 - 2.3L - 3.0L - DW10TD - EP6CDT - EP6CDTX - TU3JP - TU4,,
556198,CITROEN,C3,1.3L - 1.6 - 12.0L - 14L - 15.0L - 2.0 - 2.3L - DW10TD - TU3JP - TU4,,
556198,PEUGEOT,308,1.3L - 1.6 - 12.0L - 14L - 15.0L - 2.0 - 3.0L - DW10TD - EP6CDT - EP6CDTX - EP6DT - TU3JP,,
556198,PEUGEOT,207,1.3L - 1.6 - 12.0L - 14L - 15.0L - 2.0 - 3.9L - DW10TD - TU3JP - TU5J4,,
556198,CITROEN,DS4,1.3L - 1.6 - 12.0L - 14L - 15.0L - 2.0 - DW10TD - TU3JP,,
556198,CITROEN,C3 AIRCROSS,1.3L - 1.6 - 12.0L - 14L - 15.0L - 2.0 - DW10TD - TU3JP,,
349136,CUMMINS,6BT,1.3L - 1.8L - 5.9 - 6BT - CUMMINS,,
348873,VW,9-140,1.3L - 1.8L - 5.9 - A6L - D229 - F6L - MWM,1114,514
348873,DEUTZ,1114,1.3L - 1.8L - 5.9 - D229 - MWM,,
348873,DEUTZ,2114,1.3L - 1.8L - 5.9 - D229 - MWM,,
348873,DEUTZ,1013,1.3L - 1.8L - 5.9 - D229 - MWM,,
348873,FORD,F100,1.3L - 1.8L - 5.9 - D229 - MWM,,
348873,FORD,F14000,1.3L - 1.8L - 5.9 - D229 - MWM,,
261875,CUMMINS,-,1.3L - 1.8L - 6.7L - CUMMINS - V903 - VT350,,
261875,CUMMINS,-,1.3L - 1.8L - 6.7L - CUMMINS - V903 - VT350,,
171595,CUMMINS,SERIE BT,1.3L - 1.8L - 6BT - CUMMINS,,
44340,MWM,-,1.3L - 1.8L - D229 - MWM,,
172017,MWM,-,1.3L - 1.8L - D229 - MWM,,
252394,DODGE,D750,1.3L - 1.8L - D229 - MWM,750,
252394,FORD,F100,1.3L - 1.8L - D229 - MWM,750,
252394,FORD,F14000,1.3L - 1.8L - D229 - MWM,750,
252394,MWM,,1.3L - 1.8L - D229 - MWM,750,
252394,VW,,1.3L - 1.8L - D229 - MWM,750,
252394,VW,11-130,1.3L - 1.8L - D229 - MWM,750,
252394,VW,12-140,1.3L - 1.8L - D229 - MWM,750,
252394,VW,13-130,1.3L - 1.8L - D229 - MWM,750,
252394,VW,11-140,1.3L - 1.8L - D229 - MWM,750,
252394,NEW HOLLAND,,1.3L - 1.8L - D229 - MWM,750,226
335632,MWM,D229,1.3L - 1.8L - D229 - MWM,,
444335,MWM,D229,1.3L - 1.8L - D229 - MWM,,
444336,MWM,D229,1.3L - 1.8L - D229 - MWM,,
444337,MWM,D229,1.3L - 1.8L - D229 - MWM,,
296214,PEUGEOT,-,1.3L - 12.0L - 14L - 15.0L - TU3JP,,
552204,CITROEN,BERLINGO,1.3L - 12.0L - 14L - 15.0L - TU3JP,2003,
212719,VW,GOLF,1.3L - 2.8L - AKL,,
212719,VW,PASSAT,1.3L - 2.8L - AKL,,
212719,VW,POLO,1.3L - 2.8L - AKL,,
68838,PERKINS,,1.3L - 6-305,,
372142,PERKINS,6-305,1.3L - 6-305,,
24116,PERKINS,,1.3L - 6-305 - 6-354,,
10291,PERKINS,6-354,1.3L - 6-354,,248
10292,PERKINS,6-354,1.3L - 6-354,,248
12338,PERKINS,-,1.3L - 6-354,,
12345,PERKINS,-,1.3L - 6-354,,
210883,PERKINS,,1.3L - 6-354,,
367216,PERKINS,6-354,1.3L - 6-354,,
375675,PERKINS,6-354,1.3L - 6-354,,
407168,PERKINS,-,1.3L - 6-354,,
556204,RENAULT,SANDERO,1.4 - 1.4L - 1.5 - 1.6 - 1.9L - 2.0 - 3.6L - 3.9L - F4R - K4M - K7M - K9K,2012,
556204,RENAULT,LOGAN,1.4 - 1.4L - 1.5 - 1.6 - 1.9L - 3.6L - 3.9L - K4M - K7M - K9K,2012,
556204,RENAULT,SYMBOL,1.4 - 1.4L - 1.5 - 1.6 - 1.9L - 3.6L - 3.9L - K4M - K7M - K9K,2012,
556204,RENAULT,MEGANE,1.4 - 1.4L - 1.5 - 1.6 - 1.9L - 3.9L - K4M - K9K,2012,
9074,DAEWOO,CIELO,1.4 - 1.4L - 1.5 - 1.8 - 11.0L - 2.0 - 2.0L - 2.2 - 2L - C14NZ,,
9074,DAEWOO,ESPERO,1.4 - 1.4L - 1.5 - 1.8 - 11.0L - 2.0 - 2.0L - 2.2 - 2L - C14NZ,,
9074,DAEWOO,RACER,1.4 - 1.4L - 1.5 - 1.8 - 11.0L - 2.0 - 2.0L - 2.2 - 2L - C14NZ,,
9074,FIAT,DUNA,1.4 - 1.4L - 1.5 - 1.8 - 11.0L - 2.0 - 2.0L - 2.2 - 2L - C14NZ,,
9074,FIAT,FIORINO,1.4 - 1.4L - 1.5 - 1.8 - 11.0L - 2.0 - 2.0L - 2.2 - 2L - C14NZ,,
9074,FIAT,UNO,1.4 - 1.4L - 1.5 - 1.8 - 11.0L - 2.0 - 2.0L - 2.2 - 2L - C14NZ,,
9074,FIAT,REGATTA 85,1.4 - 1.4L - 1.5 - 1.8 - 11.0L - 2.0 - 2.0L - 2.2 - 2L - C14NZ,,
9074,DAIHATSU,CHARADE,1.4 - 1.4L - 1.5 - 1.8 - 11.0L - 2.0 - 2.0L - 2.2 - 2L - C14NZ - G10 - G11 - G21,2010,
376112,CITROEN,C3,1.4 - 1.4L - 1.5 - 2.1L - EVO,2013,
376112,FIAT,PALIO,1.4 - 1.4L - 1.5 - 2.1L - EVO,2013,
376112,FIAT,UNO,1.4 - 1.4L - 1.5 - 2.1L - EVO,2013,
376112,FIAT,GRAND SIENA,1.4 - 1.4L - 1.5 - 2.1L - EVO,2013,
552184,FIAT,ARGO,1.4 - 1.4L - 1.6 - 1.6L - 1.7 - 1.9L - 2.0L - 2.1L - 3.6L - 3.9L - 4.2L - E-TORQUE - EVO - FIRE - TORQUE - TORQUE 16V,,
552184,FIAT,PALIO,1.4 - 1.4L - 1.6 - 1.6L - 1.7 - 1.9L - 2.0L - 2.1L - 3.9L - EVO - FIRE - TORQUE - TORQUE 16V,,
552184,FIAT,PALIO,1.4 - 1.4L - 1.6 - 1.6L - 1.7 - 1.9L - 2.0L - 2.1L - 3.9L - EVO - FIRE - TORQUE - TORQUE 16V,,
552184,FIAT,PALIO,1.4 - 1.4L - 1.6 - 1.6L - 1.7 - 1.9L - 2.0L - 2.1L - 3.9L - EVO - FIRE - TORQUE - TORQUE 16V,,
552184,FIAT,PALIO,1.4 - 1.4L - 1.6 - 1.6L - 1.7 - 1.9L - 2.0L - 2.1L - 3.9L - EVO - FIRE - TORQUE - TORQUE 16V,,
552184,FIAT,SIENA,1.4 - 1.4L - 1.6 - 1.6L - 1.7 - 1.9L - 2.0L - 2.1L - 3.9L - EVO - FIRE - TORQUE - TORQUE 16V,,
552184,FIAT,SIENA,1.4 - 1.4L - 1.6 - 1.6L - 1.7 - 1.9L - 2.0L - 2.1L - 3.9L - EVO - FIRE - TORQUE - TORQUE 16V,,
552184,FIAT,500,1.4 - 1.4L - 1.6 - 1.6L - 1.7 - 1.9L - 2.0L - 2.1L - 3.9L - EVO - FIRE - TORQUE - TORQUE 16V,2011,2001
552184,FIAT,PUNTO,1.4 - 1.4L - 1.6 - 1.6L - 1.7 - 1.9L - 2.0L - 2.1L - 3.9L - EVO - FIRE - TORQUE - TORQUE 16V,,
552184,FIAT,ARGO,1.4 - 1.4L - 1.6 - 1.6L - 1.7 - 1.9L - 2.0L - 2.1L - 3.9L - EVO - FIRE - TORQUE - TORQUE 16V,2011,2001
49036,RENAULT,DUSTER,1.4 - 1.4L - 1.6 - 1.6L - 1.8 - 1.9L - 11.0L - 2.2 - 2L - 3.2 - 3.9L - F4R - K4M,,
49036,RENAULT,MEGANE II,1.4 - 1.4L - 1.6 - 1.6L - 1.8 - 1.9L - 11.0L - 2.2 - 2L - 3.2 - 3.9L - F4R - K4M,,
310607,RENAULT,DUSTER,1.4 - 1.4L - 1.6 - 1.6L - 1.8 - 1.9L - 11.0L - 2.2 - 2L - 3.2 - 3.9L - F4R - K4M,,
310607,RENAULT,MEGANE II,1.4 - 1.4L - 1.6 - 1.6L - 1.8 - 1.9L - 11.0L - 2.2 - 2L - 3.2 - 3.9L - F4R - K4M,,
9074,FORD,ESCORT,1.4 - 1.4L - 1.6 - 1.6L - 1.8 - 11.0L - 2.0 - 2.0L - 2.2 - 2.3L - 2L - AP1600 - C14NZ,,
9074,VW,GOL,1.4 - 1.4L - 1.6 - 1.6L - 1.8 - 11.0L - 2.0 - 2.0L - 2.2 - 2.3L - 2L - AP1600 - C14NZ,,
9074,VW,SAVEIRO,1.4 - 1.4L - 1.6 - 1.6L - 1.8 - 11.0L - 2.0 - 2.0L - 2.2 - 2.3L - 2L - AP1600 - C14NZ,,
9074,SUZUKI,VITARA,1.4 - 1.4L - 1.6 - 1.6L - 1.8 - 11.0L - 2.0 - 2.0L - 2.2 - 2.4L - 2L - C14NZ - G16,,
9074,MITSUBISHI,LANCER,1.4 - 1.4L - 1.6 - 1.6L - 1.8 - 11.0L - 2.0 - 2.0L - 2.2 - 2.5L - 2L - 4G15 - C14NZ,,
9074,RENAULT,CLIO,1.4 - 1.4L - 1.6 - 1.6L - 1.8 - 11.0L - 2.0 - 2.0L - 2.2 - 2.5L - 2L - C14NZ - C3L,,
9074,CHEVROLET,CORSA,1.4 - 1.4L - 1.6 - 1.6L - 1.8 - 11.0L - 2.0 - 2.0L - 2.2 - 2L - C14NZ,,
9074,FORD,ORION,1.4 - 1.4L - 1.6 - 1.6L - 1.8 - 11.0L - 2.0 - 2.0L - 2.2 - 2L - C14NZ,,
9074,MITSUBISHI,GALANT,1.4 - 1.4L - 1.6 - 1.6L - 1.8 - 11.0L - 2.0 - 2.0L - 2.2 - 2L - C14NZ,,
9074,MITSUBISHI,COLT,1.4 - 1.4L - 1.6 - 1.6L - 1.8 - 11.0L - 2.0 - 2.0L - 2.2 - 2L - C14NZ,,
9074,PEUGEOT,504,1.4 - 1.4L - 1.6 - 1.6L - 1.8 - 11.0L - 2.0 - 2.0L - 2.2 - 2L - C14NZ,,
9074,RENAULT,TRAFIC,1.4 - 1.4L - 1.6 - 1.6L - 1.8 - 11.0L - 2.0 - 2.0L - 2.2 - 2L - C14NZ,,
9074,RENAULT,R9,1.4 - 1.4L - 1.6 - 1.6L - 1.8 - 11.0L - 2.0 - 2.0L - 2.2 - 2L - C14NZ,,
9074,RENAULT,R11,1.4 - 1.4L - 1.6 - 1.6L - 1.8 - 11.0L - 2.0 - 2.0L - 2.2 - 2L - C14NZ,,
9074,RENAULT,R19,1.4 - 1.4L - 1.6 - 1.6L - 1.8 - 11.0L - 2.0 - 2.0L - 2.2 - 2L - C14NZ,,
9074,VW,POINTER,1.4 - 1.4L - 1.6 - 1.6L - 1.8 - 11.0L - 2.0 - 2.0L - 2.2 - 2L - C14NZ,,
49036,RENAULT,KANGOO,1.4 - 1.4L - 1.6 - 1.6L - 1.8 - 11.0L - 2.2 - 2L - 3.2 - 3.6L - 3.9L - K4M - K7M,,
49036,RENAULT,SYMBOL,1.4 - 1.4L - 1.6 - 1.6L - 1.8 - 11.0L - 2.2 - 2L - 3.2 - 3.6L - 3.9L - K4M - K7M,,
310607,RENAULT,KANGOO,1.4 - 1.4L - 1.6 - 1.6L - 1.8 - 11.0L - 2.2 - 2L - 3.2 - 3.6L - 3.9L - K4M - K7M,,
310607,RENAULT,SYMBOL,1.4 - 1.4L - 1.6 - 1.6L - 1.8 - 11.0L - 2.2 - 2L - 3.2 - 3.6L - 3.9L - K4M - K7M,,
49036,RENAULT,LOGAN,1.4 - 1.4L - 1.6 - 1.6L - 1.8 - 11.0L - 2.2 - 2L - 3.2 - 3.6L - K7M,,
310607,RENAULT,LOGAN,1.4 - 1.4L - 1.6 - 1.6L - 1.8 - 11.0L - 2.2 - 2L - 3.2 - 3.6L - K7M,,
49036,RENAULT,CLIO II,1.4 - 1.4L - 1.6 - 1.6L - 1.8 - 11.0L - 2.2 - 2L - 3.2 - 3.9L - K4M,,
49036,RENAULT,SANDERO,1.4 - 1.4L - 1.6 - 1.6L - 1.8 - 11.0L - 2.2 - 2L - 3.2 - 3.9L - K4M,,
310607,RENAULT,CLIO II,1.4 - 1.4L - 1.6 - 1.6L - 1.8 - 11.0L - 2.2 - 2L - 3.2 - 3.9L - K4M,,
310607,RENAULT,SANDERO,1.4 - 1.4L - 1.6 - 1.6L - 1.8 - 11.0L - 2.2 - 2L - 3.2 - 3.9L - K4M,,
49036,RENAULT,FLUENCE,1.4 - 1.4L - 1.6 - 1.6L - 1.8 - 11.0L - 2.2 - 2L - 3.2 - 3.9L - K4M - M4R,,
310607,RENAULT,FLUENCE,1.4 - 1.4L - 1.6 - 1.6L - 1.8 - 11.0L - 2.2 - 2L - 3.2 - 3.9L - K4M - M4R,,
423794,PEUGEOT,2008,1.4 - 1.4L - 1.6 - 1.6L - 1.8 - 2.0 - 2.0L,,1587
552206,CITROEN,C3,1.4 - 1.4L - 1.6 - 1.6L - 1.9 - 1.9L - 2.0 - 2.0L - 2.8L - DW10TD - TU5JP4,2010,2012
262190,CITROEN,C5,1.4 - 1.4L - 1.6 - 1.6L - 2.0 - 2.0L,2003,
262190,CITROEN,C4,1.4 - 1.4L - 1.6 - 1.6L - 2.0 - 2.0L,2003,
262190,CITROEN,C4 GRAN PICASSO,1.4 - 1.4L - 1.6 - 1.6L - 2.0 - 2.0L,2003,
262190,CITROEN,C5 II,1.4 - 1.4L - 1.6 - 1.6L - 2.0 - 2.0L,2003,
262190,CITROEN,C4 II,1.4 - 1.4L - 1.6 - 1.6L - 2.0 - 2.0L,2003,
262190,FORD,S-MAX,1.4 - 1.4L - 1.6 - 1.6L - 2.0 - 2.0L,2003,
262190,FORD,KUGA,1.4 - 1.4L - 1.6 - 1.6L - 2.0 - 2.0L,2003,
262190,PEUGEOT,307,1.4 - 1.4L - 1.6 - 1.6L - 2.0 - 2.0L,2003,
262190,PEUGEOT,308,1.4 - 1.4L - 1.6 - 1.6L - 2.0 - 2.0L,2003,
262190,PEUGEOT,407,1.4 - 1.4L - 1.6 - 1.6L - 2.0 - 2.0L,2003,
262190,PEUGEOT,508,1.4 - 1.4L - 1.6 - 1.6L - 2.0 - 2.0L,2003,
262190,PEUGEOT,3008,1.4 - 1.4L - 1.6 - 1.6L - 2.0 - 2.0L,2003,
262190,PEUGEOT,408,1.4 - 1.4L - 1.6 - 1.6L - 2.0 - 2.0L,2003,
262190,PEUGEOT,307 SW,1.4 - 1.4L - 1.6 - 1.6L - 2.0 - 2.0L,2003,
262190,VOLVO,C30,1.4 - 1.4L - 1.6 - 1.6L - 2.0 - 2.0L,2003,
262190,VOLVO,S80,1.4 - 1.4L - 1.6 - 1.6L - 2.0 - 2.0L,2003,
262190,VOLVO,V50,1.4 - 1.4L - 1.6 - 1.6L - 2.0 - 2.0L,2003,
354966,FIAT,,1.4 - 1.4L - 1.6 - 1.8 - 1.9L - 2.0L - 3.9L - F7P - FIRE - TORQUE - TORQUE 16V,145,146
10718,RENAULT,CLIO,1.4 - 1.4L - 1.6 - 3.6L - K7M,,
165909,RENAULT,CLIO,1.4 - 1.4L - 1.6 - 3.6L - K7M,,
49036,RENAULT,DUSTER,1.4 - 1.4L - 1.8 - 1.9L - 11.0L - 2.0 - 2.0L - 2.2 - 2L - 3.2 - F4R,,
49036,RENAULT,SCENIC II,1.4 - 1.4L - 1.8 - 1.9L - 11.0L - 2.0 - 2.0L - 2.2 - 2L - 3.2 - F4R,,
49036,RENAULT,FLUENCE,1.4 - 1.4L - 1.8 - 1.9L - 11.0L - 2.0 - 2.0L - 2.2 - 2L - 3.2 - F4R,,
310607,RENAULT,DUSTER,1.4 - 1.4L - 1.8 - 1.9L - 11.0L - 2.0 - 2.0L - 2.2 - 2L - 3.2 - F4R,,
310607,RENAULT,SCENIC II,1.4 - 1.4L - 1.8 - 1.9L - 11.0L - 2.0 - 2.0L - 2.2 - 2L - 3.2 - F4R,,
310607,RENAULT,FLUENCE,1.4 - 1.4L - 1.8 - 1.9L - 11.0L - 2.0 - 2.0L - 2.2 - 2L - 3.2 - F4R,,
423794,CHEVROLET,SILVERADO,1.4 - 1.4L - 1.8 - 1.9L - 2.0 - 2.0L - 3L - 5.3,,
9074,NISSAN,PATHFINDER,1.4 - 1.4L - 1.8 - 11.0L - 2.0 - 2.0L - 2.2 - 2.4 - 2L - C14NZ,,
9074,TOYOTA,LAND CRUISER,1.4 - 1.4L - 1.8 - 11.0L - 2.0 - 2.0L - 2.2 - 2.4 - 2L - C14NZ,,
9074,NISSAN,PATROL,1.4 - 1.4L - 1.8 - 11.0L - 2.0 - 2.0L - 2.2 - 2.8 - 2L - C14NZ - L28,,
9074,MITSUBISHI,MONTERO,1.4 - 1.4L - 1.8 - 11.0L - 2.0 - 2.0L - 2.2 - 2L - 3.0 - 4G54 - C14NZ,,
49036,AUDI,A3,1.4 - 1.4L - 1.8 - 11.0L - 2.0 - 2.0L - 2.2 - 2L - 3.2,,
49036,AUDI,A4,1.4 - 1.4L - 1.8 - 11.0L - 2.0 - 2.0L - 2.2 - 2L - 3.2,,
49036,AUDI,S3,1.4 - 1.4L - 1.8 - 11.0L - 2.0 - 2.0L - 2.2 - 2L - 3.2,,
49036,AUDI,TT,1.4 - 1.4L - 1.8 - 11.0L - 2.0 - 2.0L - 2.2 - 2L - 3.2,,
49036,AUDI,Q5,1.4 - 1.4L - 1.8 - 11.0L - 2.0 - 2.0L - 2.2 - 2L - 3.2,,
49036,AUDI,Q3,1.4 - 1.4L - 1.8 - 11.0L - 2.0 - 2.0L - 2.2 - 2L - 3.2,,
49036,MITSUBISHI,LANCER,1.4 - 1.4L - 1.8 - 11.0L - 2.0 - 2.0L - 2.2 - 2L - 3.2,,
49036,PEUGEOT,EXPERT,1.4 - 1.4L - 1.8 - 11.0L - 2.0 - 2.0L - 2.2 - 2L - 3.2,,
49036,PEUGEOT,807,1.4 - 1.4L - 1.8 - 11.0L - 2.0 - 2.0L - 2.2 - 2L - 3.2,,
49036,VW,TIGUAN,1.4 - 1.4L - 1.8 - 11.0L - 2.0 - 2.0L - 2.2 - 2L - 3.2,,
49036,VW,AMAROK,1.4 - 1.4L - 1.8 - 11.0L - 2.0 - 2.0L - 2.2 - 2L - 3.2,,180
49036,VW,CC,1.4 - 1.4L - 1.8 - 11.0L - 2.0 - 2.0L - 2.2 - 2L - 3.2,,
310607,AUDI,A3,1.4 - 1.4L - 1.8 - 11.0L - 2.0 - 2.0L - 2.2 - 2L - 3.2,,
310607,AUDI,A4,1.4 - 1.4L - 1.8 - 11.0L - 2.0 - 2.0L - 2.2 - 2L - 3.2,,
310607,AUDI,S3,1.4 - 1.4L - 1.8 - 11.0L - 2.0 - 2.0L - 2.2 - 2L - 3.2,,
310607,AUDI,TT,1.4 - 1.4L - 1.8 - 11.0L - 2.0 - 2.0L - 2.2 - 2L - 3.2,,
310607,AUDI,Q5,1.4 - 1.4L - 1.8 - 11.0L - 2.0 - 2.0L - 2.2 - 2L - 3.2,,
310607,AUDI,Q3,1.4 - 1.4L - 1.8 - 11.0L - 2.0 - 2.0L - 2.2 - 2L - 3.2,,
310607,MITSUBISHI,LANCER,1.4 - 1.4L - 1.8 - 11.0L - 2.0 - 2.0L - 2.2 - 2L - 3.2,,
310607,PEUGEOT,EXPERT,1.4 - 1.4L - 1.8 - 11.0L - 2.0 - 2.0L - 2.2 - 2L - 3.2,,
310607,PEUGEOT,807,1.4 - 1.4L - 1.8 - 11.0L - 2.0 - 2.0L - 2.2 - 2L - 3.2,,
310607,VW,TIGUAN,1.4 - 1.4L - 1.8 - 11.0L - 2.0 - 2.0L - 2.2 - 2L - 3.2,,
310607,VW,AMAROK,1.4 - 1.4L - 1.8 - 11.0L - 2.0 - 2.0L - 2.2 - 2L - 3.2,,180
49036,FORD,S-MAX,1.4 - 1.4L - 1.8 - 11.0L - 2.0 - 2.0L - 2.2 - 2L - 3.2 - 8.3L - DURATEC,,
49036,RENAULT,MEGANE III,1.4 - 1.4L - 1.8 - 11.0L - 2.0 - 2.0L - 2.2 - 2L - 3.2 - M4R,,
49036,RENAULT,LATITUDE,1.4 - 1.4L - 1.8 - 11.0L - 2.0 - 2.0L - 2.2 - 2L - 3.2 - M4R,,
310607,RENAULT,MEGANE III,1.4 - 1.4L - 1.8 - 11.0L - 2.0 - 2.0L - 2.2 - 2L - 3.2 - M4R,,
310607,RENAULT,LATITUDE,1.4 - 1.4L - 1.8 - 11.0L - 2.0 - 2.0L - 2.2 - 2L - 3.2 - M4R,,
9074,ROVER,DISCOVERY,1.4 - 1.4L - 1.8 - 11.0L - 2.0 - 2.0L - 2.2 - 2L - 3.9 - C14NZ,,
9074,RENAULT,LAGUNA,1.4 - 1.4L - 1.8 - 11.0L - 2.0 - 2.0L - 2.2 - 2L - 3.9L - C14NZ - F3P,,
9074,TOYOTA,CORONA,1.4 - 1.4L - 1.8 - 11.0L - 2.0 - 2.0L - 2.2 - 2L - 3S - 8.3L - C14NZ,,
9074,TOYOTA,CORONA,1.4 - 1.4L - 1.8 - 11.0L - 2.0 - 2.0L - 2.2 - 2L - 3T - 4.0L - C14NZ,,
9074,TOYOTA,LAND CRUISER,1.4 - 1.4L - 1.8 - 11.0L - 2.0 - 2.0L - 2.2 - 2L - 4.0 - C14NZ,,
9074,NISSAN,PATROL,1.4 - 1.4L - 1.8 - 11.0L - 2.0 - 2.0L - 2.2 - 2L - 4.0 - C14NZ - P40,,
9074,TOYOTA,COROLLA,1.4 - 1.4L - 1.8 - 11.0L - 2.0 - 2.0L - 2.2 - 2L - 4.0L - 7AFE - C14NZ,,
9074,FORD,ESCORT,1.4 - 1.4L - 1.8 - 11.0L - 2.0 - 2.0L - 2.2 - 2L - 4.0L - AP1800 - C14NZ,,
9074,VW,GOL,1.4 - 1.4L - 1.8 - 11.0L - 2.0 - 2.0L - 2.2 - 2L - 4.0L - AP1800 - C14NZ,,
9074,VW,SAVEIRO,1.4 - 1.4L - 1.8 - 11.0L - 2.0 - 2.0L - 2.2 - 2L - 4.0L - AP1800 - C14NZ,,
9074,MITSUBISHI,GALANT,1.4 - 1.4L - 1.8 - 11.0L - 2.0 - 2.0L - 2.2 - 2L - 4G63 - 7.2L - C14NZ,,
9074,MITSUBISHI,ECLIPSE,1.4 - 1.4L - 1.8 - 11.0L - 2.0 - 2.0L - 2.2 - 2L - 4G63 - 7.2L - C14NZ,,
9074,MITSUBISHI,L200,1.4 - 1.4L - 1.8 - 11.0L - 2.0 - 2.0L - 2.2 - 2L - 4G63 - 7.2L - C14NZ,,
9074,MITSUBISHI,L300,1.4 - 1.4L - 1.8 - 11.0L - 2.0 - 2.0L - 2.2 - 2L - 4G63 - 7.2L - C14NZ,,
9074,RENAULT,MEGANE,1.4 - 1.4L - 1.8 - 11.0L - 2.0 - 2.0L - 2.2 - 2L - 8.0L - C14NZ - F3R,,
9074,RENAULT,LAGUNA,1.4 - 1.4L - 1.8 - 11.0L - 2.0 - 2.0L - 2.2 - 2L - 8.0L - C14NZ - F3R,,
9074,RENAULT,SCENIC,1.4 - 1.4L - 1.8 - 11.0L - 2.0 - 2.0L - 2.2 - 2L - 8.0L - C14NZ - F3R,,
9074,CHEVROLET,ASTRA,1.4 - 1.4L - 1.8 - 11.0L - 2.0 - 2.0L - 2.2 - 2L - C14NZ,,
9074,CHEVROLET,ASTRA,1.4 - 1.4L - 1.8 - 11.0L - 2.0 - 2.0L - 2.2 - 2L - C14NZ,,
9074,CHEVROLET,ASTRA,1.4 - 1.4L - 1.8 - 11.0L - 2.0 - 2.0L - 2.2 - 2L - C14NZ,,
9074,CHEVROLET,VECTRA,1.4 - 1.4L - 1.8 - 11.0L - 2.0 - 2.0L - 2.2 - 2L - C14NZ,,
9074,CHEVROLET,VECTRA,1.4 - 1.4L - 1.8 - 11.0L - 2.0 - 2.0L - 2.2 - 2L - C14NZ,,
9074,CHEVROLET,CORSA,1.4 - 1.4L - 1.8 - 11.0L - 2.0 - 2.0L - 2.2 - 2L - C14NZ,,
9074,CHEVROLET,CORSA,1.4 - 1.4L - 1.8 - 11.0L - 2.0 - 2.0L - 2.2 - 2L - C14NZ,,
9074,CHEVROLET,CORSA,1.4 - 1.4L - 1.8 - 11.0L - 2.0 - 2.0L - 2.2 - 2L - C14NZ,,
9074,CHEVROLET,S10,1.4 - 1.4L - 1.8 - 11.0L - 2.0 - 2.0L - 2.2 - 2L - C14NZ,,
9074,CHEVROLET,BLAZER,1.4 - 1.4L - 1.8 - 11.0L - 2.0 - 2.0L - 2.2 - 2L - C14NZ,,
9074,CHEVROLET,MERIVA,1.4 - 1.4L - 1.8 - 11.0L - 2.0 - 2.0L - 2.2 - 2L - C14NZ,,
9074,CHEVROLET,ZAFIRA,1.4 - 1.4L - 1.8 - 11.0L - 2.0 - 2.0L - 2.2 - 2L - C14NZ,,
9074,CHEVROLET,AGILE,1.4 - 1.4L - 1.8 - 11.0L - 2.0 - 2.0L - 2.2 - 2L - C14NZ,,
9074,FIAT,PALIO,1.4 - 1.4L - 1.8 - 11.0L - 2.0 - 2.0L - 2.2 - 2L - C14NZ,2004,
9074,FIAT,STRADA,1.4 - 1.4L - 1.8 - 11.0L - 2.0 - 2.0L - 2.2 - 2L - C14NZ,,
9074,FIAT,PUNTO,1.4 - 1.4L - 1.8 - 11.0L - 2.0 - 2.0L - 2.2 - 2L - C14NZ,,
9074,FIAT,IDEA,1.4 - 1.4L - 1.8 - 11.0L - 2.0 - 2.0L - 2.2 - 2L - C14NZ,,
9074,FIAT,REGATTA 2000,1.4 - 1.4L - 1.8 - 11.0L - 2.0 - 2.0L - 2.2 - 2L - C14NZ,,
9074,FORD,GALAXY,1.4 - 1.4L - 1.8 - 11.0L - 2.0 - 2.0L - 2.2 - 2L - C14NZ,,
9074,FORD,GALAXY,1.4 - 1.4L - 1.8 - 11.0L - 2.0 - 2.0L - 2.2 - 2L - C14NZ,,
9074,FORD,ORION,1.4 - 1.4L - 1.8 - 11.0L - 2.0 - 2.0L - 2.2 - 2L - C14NZ,,
9074,FORD,ORION,1.4 - 1.4L - 1.8 - 11.0L - 2.0 - 2.0L - 2.2 - 2L - C14NZ,,
9074,HONDA,ACCORD,1.4 - 1.4L - 1.8 - 11.0L - 2.0 - 2.0L - 2.2 - 2L - C14NZ,,
9074,HONDA,PRELUDE,1.4 - 1.4L - 1.8 - 11.0L - 2.0 - 2.0L - 2.2 - 2L - C14NZ,,
9074,HONDA,CIVIC,1.4 - 1.4L - 1.8 - 11.0L - 2.0 - 2.0L - 2.2 - 2L - C14NZ,,
9074,PEUGEOT,504,1.4 - 1.4L - 1.8 - 11.0L - 2.0 - 2.0L - 2.2 - 2L - C14NZ,,
9074,PEUGEOT,504,1.4 - 1.4L - 1.8 - 11.0L - 2.0 - 2.0L - 2.2 - 2L - C14NZ,,
9074,PEUGEOT,505,1.4 - 1.4L - 1.8 - 11.0L - 2.0 - 2.0L - 2.2 - 2L - C14NZ,,
9074,RENAULT,TRAFIC,1.4 - 1.4L - 1.8 - 11.0L - 2.0 - 2.0L - 2.2 - 2L - C14NZ,,
9074,RENAULT,R11,1.4 - 1.4L - 1.8 - 11.0L - 2.0 - 2.0L - 2.2 - 2L - C14NZ,,
9074,SUZUKI,FUN,1.4 - 1.4L - 1.8 - 11.0L - 2.0 - 2.0L - 2.2 - 2L - C14NZ,,
9074,SUZUKI,FUN,1.4 - 1.4L - 1.8 - 11.0L - 2.0 - 2.0L - 2.2 - 2L - C14NZ,,
9074,TOYOTA,HILUX,1.4 - 1.4L - 1.8 - 11.0L - 2.0 - 2.0L - 2.2 - 2L - C14NZ,,
9074,VW,POINTER,1.4 - 1.4L - 1.8 - 11.0L - 2.0 - 2.0L - 2.2 - 2L - C14NZ,,
9074,VW,POINTER,1.4 - 1.4L - 1.8 - 11.0L - 2.0 - 2.0L - 2.2 - 2L - C14NZ,,
9074,SUZUKI,SWIFT,1.4 - 1.4L - 1.8 - 11.0L - 2.0 - 2.0L - 2.2 - 2L - C14NZ - G10,,
423794,AUDI,RS5,1.4 - 1.4L - 1.8 - 11.0L - 2.0 - 2.0L - 2L - 4.2,,
49036,RENAULT,SANDERO,1.4 - 1.4L - 1.8 - 11.0L - 2.2 - 2L - 3.2 - 3.6L - K7M,,
310607,RENAULT,SANDERO,1.4 - 1.4L - 1.8 - 11.0L - 2.2 - 2L - 3.2 - 3.6L - K7M,,
423794,AUDI,A3,1.4 - 1.4L - 1.8 - 2.0 - 2.0L,,
423794,AUDI,A3,1.4 - 1.4L - 1.8 - 2.0 - 2.0L,,
423794,AUDI,A4,1.4 - 1.4L - 1.8 - 2.0 - 2.0L,,
423794,AUDI,A4,1.4 - 1.4L - 1.8 - 2.0 - 2.0L,,
423794,AUDI,TT,1.4 - 1.4L - 1.8 - 2.0 - 2.0L,,
423794,AUDI,TT,1.4 - 1.4L - 1.8 - 2.0 - 2.0L,,
423794,AUDI,A5,1.4 - 1.4L - 1.8 - 2.0 - 2.0L,,
423794,AUDI,A1,1.4 - 1.4L - 1.8 - 2.0 - 2.0L,,
423794,AUDI,A1,1.4 - 1.4L - 1.8 - 2.0 - 2.0L,,
423794,BMW,X5,1.4 - 1.4L - 1.8 - 2.0 - 2.0L,,
423794,BMW,X3,1.4 - 1.4L - 1.8 - 2.0 - 2.0L,,
423794,BMW,X1,1.4 - 1.4L - 1.8 - 2.0 - 2.0L,,
423794,CHEVROLET,VECTRA,1.4 - 1.4L - 1.8 - 2.0 - 2.0L,,
423794,CHEVROLET,MERIVA,1.4 - 1.4L - 1.8 - 2.0 - 2.0L,,
423794,CHEVROLET,ZAFIRA,1.4 - 1.4L - 1.8 - 2.0 - 2.0L,,
423794,CHEVROLET,CELTA,1.4 - 1.4L - 1.8 - 2.0 - 2.0L,,
423794,CHEVROLET,AVEO,1.4 - 1.4L - 1.8 - 2.0 - 2.0L,,
423794,CHEVROLET,CAPTIVA,1.4 - 1.4L - 1.8 - 2.0 - 2.0L,,
423794,CHEVROLET,AGILE,1.4 - 1.4L - 1.8 - 2.0 - 2.0L,,
423794,CHEVROLET,MONTANA,1.4 - 1.4L - 1.8 - 2.0 - 2.0L,,
423794,CHEVROLET,TRACKER,1.4 - 1.4L - 1.8 - 2.0 - 2.0L,,
423794,CHEVROLET,CRUZE,1.4 - 1.4L - 1.8 - 2.0 - 2.0L,,
423794,CHEVROLET,SONIC,1.4 - 1.4L - 1.8 - 2.0 - 2.0L,,
423794,CHEVROLET,ONIX,1.4 - 1.4L - 1.8 - 2.0 - 2.0L,,
423794,CHEVROLET,CLASSIC,1.4 - 1.4L - 1.8 - 2.0 - 2.0L,,
423794,CHRYSLER,PT CRUISER,1.4 - 1.4L - 1.8 - 2.0 - 2.0L,,
423794,DODGE,JOURNEY,1.4 - 1.4L - 1.8 - 2.0 - 2.0L,,
423794,FIAT,PALIO,1.4 - 1.4L - 1.8 - 2.0 - 2.0L,,
423794,FIAT,SIENA,1.4 - 1.4L - 1.8 - 2.0 - 2.0L,,
423794,FIAT,STRADA,1.4 - 1.4L - 1.8 - 2.0 - 2.0L,,
423794,FIAT,500,1.4 - 1.4L - 1.8 - 2.0 - 2.0L,,
423794,FIAT,PALIO WEEKEND,1.4 - 1.4L - 1.8 - 2.0 - 2.0L,,
423794,FIAT,PUNTO,1.4 - 1.4L - 1.8 - 2.0 - 2.0L,,
423794,FIAT,STILO,1.4 - 1.4L - 1.8 - 2.0 - 2.0L,,
423794,FIAT,IDEA,1.4 - 1.4L - 1.8 - 2.0 - 2.0L,,
423794,FIAT,ADVENTURE,1.4 - 1.4L - 1.8 - 2.0 - 2.0L,,
423794,FIAT,LINEA,1.4 - 1.4L - 1.8 - 2.0 - 2.0L,,
423794,FIAT,QUBO,1.4 - 1.4L - 1.8 - 2.0 - 2.0L,,
423794,FIAT,PALIO FIRE,1.4 - 1.4L - 1.8 - 2.0 - 2.0L,,
423794,FIAT,SIENA FIRE,1.4 - 1.4L - 1.8 - 2.0 - 2.0L,,
423794,HONDA,FIT,1.4 - 1.4L - 1.8 - 2.0 - 2.0L,,
423794,HONDA,CITY,1.4 - 1.4L - 1.8 - 2.0 - 2.0L,,
423794,HONDA,PILOT,1.4 - 1.4L - 1.8 - 2.0 - 2.0L,,
423794,JEEP,PATRIOT,1.4 - 1.4L - 1.8 - 2.0 - 2.0L,,
423794,LAND ROVER,DEFENDER,1.4 - 1.4L - 1.8 - 2.0 - 2.0L,,
423794,MITSUBISHI,OUTLANDER,1.4 - 1.4L - 1.8 - 2.0 - 2.0L,,
423794,NISSAN,SENTRA,1.4 - 1.4L - 1.8 - 2.0 - 2.0L,,
423794,NISSAN,X-TRAIL,1.4 - 1.4L - 1.8 - 2.0 - 2.0L,,
423794,NISSAN,TIIDA,1.4 - 1.4L - 1.8 - 2.0 - 2.0L,,
423794,NISSAN,MURANO,1.4 - 1.4L - 1.8 - 2.0 - 2.0L,,
423794,NISSAN,NP300,1.4 - 1.4L - 1.8 - 2.0 - 2.0L,,
423794,NISSAN,VERSA,1.4 - 1.4L - 1.8 - 2.0 - 2.0L,,
423794,PEUGEOT,3008,1.4 - 1.4L - 1.8 - 2.0 - 2.0L,,
423794,PEUGEOT,RCZ,1.4 - 1.4L - 1.8 - 2.0 - 2.0L,,
423794,PEUGEOT,5008,1.4 - 1.4L - 1.8 - 2.0 - 2.0L,,
423794,SUBARU,LEGACY,1.4 - 1.4L - 1.8 - 2.0 - 2.0L,,
423794,SUBARU,OUTBACK,1.4 - 1.4L - 1.8 - 2.0 - 2.0L,,
423794,VW,PASSAT,1.4 - 1.4L - 1.8 - 2.0 - 2.0L,,
423794,VW,BORA,1.4 - 1.4L - 1.8 - 2.0 - 2.0L,,
423794,VW,TIGUAN,1.4 - 1.4L - 1.8 - 2.0 - 2.0L,,
423794,VARIOS,,1.4 - 1.4L - 1.8 - 2.0 - 2.0L,2000,505
423794,CHEVROLET,S10,1.4 - 1.4L - 1.8 - 2.0 - 2.0L - 2.4,,
423794,VW,VENTO,1.4 - 1.4L - 1.8 - 2.0 - 2.0L - 2.5,,
423794,CHEVROLET,S10,1.4 - 1.4L - 1.8 - 2.0 - 2.0L - 2.8,,
423794,AUDI,RS5,1.4 - 1.4L - 1.8 - 2.0 - 2.0L - 3.0,,
423794,VW,CC,1.4 - 1.4L - 1.8 - 2.0 - 2.0L - 3.6,,
423794,VW,TOUAREG,1.4 - 1.4L - 1.8 - 2.0 - 2.0L - 3.6 - 4.1,,
423182,AUDI,Q3,1.4 - 1.4L - 2.0 - 2.0L,2011,
423182,VW,PASSAT,1.4 - 1.4L - 2.0 - 2.0L,2011,
423182,VW,SHARAN,1.4 - 1.4L - 2.0 - 2.0L,2011,
423182,VW,SHARAN,1.4 - 1.4L - 2.0 - 2.0L,2011,
423182,VW,VENTO,1.4 - 1.4L - 2.0 - 2.0L,2011,
423182,VW,TIGUAN,1.4 - 1.4L - 2.0 - 2.0L,2011,
195897,FIAT,PALIO,1.4 - 1.4L - 2.0L - FIRE,,
195897,FIAT,SIENA,1.4 - 1.4L - 2.0L - FIRE,,
195897,VW,COUNTRY,1.4 - 1.4L - 2.0L - FIRE,,
308147,FIAT,PALIO,1.4 - 1.4L - 2.0L - FIRE,2008,
308147,FIAT,SIENA,1.4 - 1.4L - 2.0L - FIRE,2008,
308147,FIAT,PUNTO,1.4 - 1.4L - 2.0L - FIRE,2008,
308147,FIAT,IDEA,1.4 - 1.4L - 2.0L - FIRE,2008,
410821,FIAT,500,1.4 - 1.4L - 2.0L - FIRE,2014,
410821,FIAT,DOBLO,1.4 - 1.4L - 2.0L - FIRE,2014,
427613,VARIOS,,1.4 - 1.4L - 2.0L - FIRE,mar-10,
552193,FIAT,500,1.4 - 1.4L - 2.0L - FIRE,2007,2004
552193,FIAT,PUNTO,1.4 - 1.4L - 2.0L - FIRE,2007,2004
552193,FIAT,IDEA,1.4 - 1.4L - 2.0L - FIRE,2007,2004
552193,FIAT,QUBO,1.4 - 1.4L - 2.0L - FIRE,2007,2004
416881,FIAT,PALIO,1.4 - 1.4L - 2.1L - EVO,2010,
416881,FIAT,SIENA,1.4 - 1.4L - 2.1L - EVO,2010,
416881,FIAT,FIORINO,1.4 - 1.4L - 2.1L - EVO,2010,
416881,FIAT,UNO,1.4 - 1.4L - 2.1L - EVO,2010,
416881,FIAT,STRADA,1.4 - 1.4L - 2.1L - EVO,2010,
416881,FIAT,500,1.4 - 1.4L - 2.1L - EVO,2010,
416881,FIAT,PUNTO,1.4 - 1.4L - 2.1L - EVO,2010,
416881,FIAT,IDEA,1.4 - 1.4L - 2.1L - EVO,2010,
416881,FIAT,DOBLO,1.4 - 1.4L - 2.1L - EVO,2010,
416881,FIAT,GRAND SIENA,1.4 - 1.4L - 2.1L - EVO,2010,
416881,FIAT,MOBI,1.4 - 1.4L - 2.1L - EVO,2010,
552194,FIAT,PALIO,1.4 - 1.4L - 2.1L - EVO,2012,2004
552943,FIAT,PALIO,1.4 - 1.4L - 2.1L - EVO,2012,
552943,FIAT,PALIO WEEKEND,1.4 - 1.4L - 2.1L - EVO,2012,
552943,FIAT,PALIO ADVENTURE,1.4 - 1.4L - 2.1L - EVO,2012,
552943,FIAT,GRAND SIENA,1.4 - 1.4L - 2.1L - EVO,2012,
416908,FORD,FIESTA,1.4 - 1.5,2001,
416908,FORD,ECOSPORT,1.4 - 1.5,2001,
416908,HONDA,FIT,1.4 - 1.5,2001,
416908,HONDA,CITY,1.4 - 1.5,2001,
432720,HONDA,FIT,1.4 - 1.5,2010,2014
432720,HONDA,CITY,1.4 - 1.5,2010,2014
435781,VW,,1.4 - 1.5 - 1.6,,
451101,PEUGEOT,208,1.4 - 1.5 - 1.6,2002,
552912,CITROEN,BERLINGO,1.4 - 1.5 - 1.6,2017,
552912,CITROEN,C3,1.4 - 1.5 - 1.6,2017,
552912,CITROEN,C4,1.4 - 1.5 - 1.6,2017,
552912,CITROEN,C-ELYSEE,1.4 - 1.5 - 1.6,2017,
552912,CITROEN,C4 LOUNGE,1.4 - 1.5 - 1.6,2017,
552912,FIAT,QUBO,1.4 - 1.5 - 1.6,2017,
552912,PEUGEOT,206,1.4 - 1.5 - 1.6,2017,
552912,PEUGEOT,307,1.4 - 1.5 - 1.6,2017,
552912,PEUGEOT,PARTNER,1.4 - 1.5 - 1.6,2017,
552912,PEUGEOT,301,1.4 - 1.5 - 1.6,2017,
552912,PEUGEOT,308,1.4 - 1.5 - 1.6,2017,
552912,PEUGEOT,207,1.4 - 1.5 - 1.6,2017,
552912,PEUGEOT,408,1.4 - 1.5 - 1.6,2017,
552912,PEUGEOT,HOGGAR,1.4 - 1.5 - 1.6,2017,
552912,PEUGEOT,208,1.4 - 1.5 - 1.6,2017,
552912,PEUGEOT,2008,1.4 - 1.5 - 1.6,2017,
262190,CITROEN,C3 II,1.4 - 1.5 - 1.6 - 1.6L,2003,
262190,PEUGEOT,208,1.4 - 1.5 - 1.6 - 1.6L - 2.3L - TU4,2003,
552587,FIAT,MAREA,1.4 - 1.5 - 1.6 - 1.7 - 1.8 - 1.9 - 2.0,1990,1996
552587,RENAULT,MEGANE,1.4 - 1.5 - 1.6 - 1.7 - 1.8 - 1.9 - 2.0,1990,1996
552587,RENAULT,EXPRESS,1.4 - 1.5 - 1.6 - 1.7 - 1.8 - 1.9 - 2.0,1990,1996
552587,RENAULT,R9,1.4 - 1.5 - 1.6 - 1.7 - 1.8 - 2.0,1990,1996
552587,RENAULT,SYMBOL,1.4 - 1.5 - 1.6 - 1.7 - 1.8 - 2.0,1990,1996
560314,RENAULT,SYMBOL,1.4 - 1.5 - 1.6 - 1.7 - 1.8 - 2.0,1994,
411460,FORD,FIESTA,1.4 - 1.5 - 1.6 - 2.2L - 3.8L - DV4 - DV6,,
411460,FORD,ECOSPORT,1.4 - 1.5 - 1.6 - 2.2L - 3.8L - DV4 - DV6,,
552587,ALFA ROMEO,145,1.4 - 1.5 - 1.7 - 1.8 - 2.0,1990,1996
552587,ALFA ROMEO,155,1.4 - 1.5 - 1.7 - 1.8 - 2.0,1990,1996
552587,ALFA ROMEO,146,1.4 - 1.5 - 1.7 - 1.8 - 2.0,1990,1996
552587,ALFA ROMEO,164,1.4 - 1.5 - 1.7 - 1.8 - 2.0,1990,1996
552587,ALFA ROMEO,33,1.4 - 1.5 - 1.7 - 1.8 - 2.0,1990,1996
552587,FIAT,FIORINO,1.4 - 1.5 - 1.7 - 1.8 - 2.0,1990,1996
552587,FIAT,STRADA,1.4 - 1.5 - 1.7 - 1.8 - 2.0,1990,1996
552587,FIAT,IDEA,1.4 - 1.5 - 1.7 - 1.8 - 2.0,1990,1996
552587,RENAULT,CLIO,1.4 - 1.5 - 1.7 - 1.8 - 2.0,1990,1996
552587,RENAULT,R19,1.4 - 1.5 - 1.7 - 1.8 - 2.0,1990,1996
552587,RENAULT,KANGOO,1.4 - 1.5 - 1.7 - 1.8 - 2.0,1990,1996
552587,RENAULT,SCENIC,1.4 - 1.5 - 1.7 - 1.8 - 2.0,1990,1996
552587,RENAULT,CLIO II,1.4 - 1.5 - 1.7 - 1.8 - 2.0,1990,1996
552587,RENAULT,LOGAN,1.4 - 1.5 - 1.7 - 1.8 - 2.0,1990,1996
552587,RENAULT,SANDERO,1.4 - 1.5 - 1.7 - 1.8 - 2.0,1990,1996
552587,RENAULT,MEGANE II,1.4 - 1.5 - 1.7 - 1.8 - 2.0,1990,1996
552587,RENAULT,KANGOO II,1.4 - 1.5 - 1.7 - 1.8 - 2.0,1990,1996
560314,ALFA ROMEO,33,1.4 - 1.5 - 1.7 - 1.8 - 2.0,1994,
49036,RENAULT,CLIO II,1.4 - 1.5 - 1.8 - 1.9L - 11.0L - 2.2 - 2L - 3.2 - K9K,,
49036,RENAULT,SYMBOL,1.4 - 1.5 - 1.8 - 1.9L - 11.0L - 2.2 - 2L - 3.2 - K9K,,
310607,RENAULT,CLIO II,1.4 - 1.5 - 1.8 - 1.9L - 11.0L - 2.2 - 2L - 3.2 - K9K,,
310607,RENAULT,SYMBOL,1.4 - 1.5 - 1.8 - 1.9L - 11.0L - 2.2 - 2L - 3.2 - K9K,,
457548,HONDA,ACCORD,1.4 - 1.5 - 1.8 - 2.0 - 2.4 - 3.5,,
457548,HONDA,CIVIC,1.4 - 1.5 - 1.8 - 2.0 - 2.4 - 3.5,,
457548,HONDA,CR-V,1.4 - 1.5 - 1.8 - 2.0 - 2.4 - 3.5,,
457548,HONDA,FIT,1.4 - 1.5 - 1.8 - 2.0 - 2.4 - 3.5,,
290879,VW,FOX,1.4 - 1.5L - 1.6 - 1.6L - 2.8L - BAH - EA111,,
290879,VW,SURAN,1.4 - 1.5L - 1.6 - 1.6L - 2.8L - BAH - EA111,,
290879,VW,GOL TREND,1.4 - 1.5L - 1.6 - 1.6L - 2.8L - BAH - EA111,,
556173,VW,SURAN,1.4 - 1.5L - 1.6 - 1.8 - 1.9 - 2.0 - 2.8L - 3.8L - 4.3L - AP - BAH - EA111,2010,2015
290880,VW,GOLF,1.4 - 1.5L - 1.6 - BAH,,
290880,VW,CADDY,1.4 - 1.5L - 1.6 - BAH,,
290880,VW,FOX,1.4 - 1.5L - 1.6 - BAH,,
290880,VW,SURAN,1.4 - 1.5L - 1.6 - BAH,,
290880,VW,GOL TREND,1.4 - 1.5L - 1.6 - BAH,,
378111,VW,GOL,1.4 - 1.5L - 1.6 - BAH,,
378111,VW,POLO,1.4 - 1.5L - 1.6 - BAH,,
378111,VW,SAVEIRO,1.4 - 1.5L - 1.6 - BAH,,
378111,VW,VOYAGE,1.4 - 1.5L - 1.6 - BAH,,
378111,VW,COUNTRY,1.4 - 1.5L - 1.6 - BAH,,
378111,VW,FOX,1.4 - 1.5L - 1.6 - BAH,,
378111,VW,SURAN,1.4 - 1.5L - 1.6 - BAH,,
378111,VW,GOL TREND,1.4 - 1.5L - 1.6 - BAH,,
53388,RENAULT,,1.4 - 1.6,,
92014,CHEVROLET,CORSA,1.4 - 1.6,1994,
169046,RENAULT,CLIO,1.4 - 1.6,,
253310,CHEVROLET,CORSA,1.4 - 1.6,,
313903,CHEVROLET,CORSA,1.4 - 1.6,,
315140,CHEVROLET,CORSA,1.4 - 1.6,,
315141,CHEVROLET,CORSA,1.4 - 1.6,,
376832,CHEVROLET,CORSA,1.4 - 1.6,1995,
408421,CHEVROLET,CORSA,1.4 - 1.6,2003,
408421,CHEVROLET,AVEO,1.4 - 1.6,2003,
408421,DAEWOO,,1.4 - 1.6,2003,
416825,CHEVROLET,CORSA,1.4 - 1.6,2009,
416825,CHEVROLET,CELTA,1.4 - 1.6,2009,
416825,CHEVROLET,AGILE,1.4 - 1.6,2009,
416825,CHEVROLET,MONTANA,1.4 - 1.6,2009,
416825,CHEVROLET,PRISMA,1.4 - 1.6,2009,
416825,CHEVROLET,ONIX,1.4 - 1.6,2009,
416979,CITROEN,BERLINGO,1.4 - 1.6,1992,
416979,CITROEN,XSARA PICASSO,1.4 - 1.6,1992,
416979,PEUGEOT,206,1.4 - 1.6,1992,
416979,PEUGEOT,207,1.4 - 1.6,1992,
416979,PEUGEOT,HOGGAR,1.4 - 1.6,1992,
423053,VW,GOL,1.4 - 1.6,,
423053,VW,GOLF,1.4 - 1.6,,
423053,VW,POLO,1.4 - 1.6,,
423053,VW,VOYAGE,1.4 - 1.6,,
423053,VW,CADDY,1.4 - 1.6,,
423053,VW,FOX,1.4 - 1.6,,
423053,VW,SURAN,1.4 - 1.6,,
423053,VW,GOL TREND,1.4 - 1.6,,
431490,CHEVROLET,CORSA,1.4 - 1.6,2012,2013
431490,CHEVROLET,PRISMA,1.4 - 1.6,2012,2013
431490,CHEVROLET,ONIX,1.4 - 1.6,2012,2013
432842,PEUGEOT,208,1.4 - 1.6,,
441092,CITROEN,DS3,1.4 - 1.6,,
441092,CITROEN,DS4,1.4 - 1.6,,
441092,CITROEN,DS5,1.4 - 1.6,,
441092,FIAT,500,1.4 - 1.6,,
441092,FIAT,500,1.4 - 1.6,,
441092,MERCEDES BENZ,ML63,1.4 - 1.6,,
441092,PEUGEOT,307,1.4 - 1.6,,
441092,PEUGEOT,308,1.4 - 1.6,,
441092,PEUGEOT,408,1.4 - 1.6,,
441092,PEUGEOT,208,1.4 - 1.6,,
441092,PEUGEOT,4008,1.4 - 1.6,,
441092,TOYOTA,ETIOS,1.4 - 1.6,,
451100,CHEVROLET,CORSA,1.4 - 1.6,1995,
451100,CHEVROLET,COMBO,1.4 - 1.6,1995,
451100,CHEVROLET,CELTA,1.4 - 1.6,1995,
451100,CHEVROLET,AGILE,1.4 - 1.6,1995,
451101,CITROEN,C3,1.4 - 1.6,2002,
451101,CITROEN,C4,1.4 - 1.6,2002,
451101,CITROEN,C4 PICASSO,1.4 - 1.6,2002,
451101,CITROEN,C-ELYSEE,1.4 - 1.6,2002,
451101,PEUGEOT,307,1.4 - 1.6,2002,
451101,PEUGEOT,301,1.4 - 1.6,2002,
451101,PEUGEOT,207,1.4 - 1.6,2002,
534297,CHEVROLET,CORSA,1.4 - 1.6,1994,
534297,CHEVROLET,CELTA,1.4 - 1.6,1994,
552605,CHEVROLET,CORSA,1.4 - 1.6,2009,2010
552605,VW,SENDA,1.4 - 1.6,2009,1997
552605,VW,VOYAGE,1.4 - 1.6,2009,
552605,VW,GOL TREND,1.4 - 1.6,2009,
552638,CHEVROLET,CORSA,1.4 - 1.6,,
553903,FORD,-,1.4 - 1.6,,
554005,AUDI,A3,1.4 - 1.6,,
554005,AUDI,A1,1.4 - 1.6,,
554005,AUDI,Q3,1.4 - 1.6,,
554005,SEAT,IBIZA,1.4 - 1.6,,
554005,SEAT,LEON,1.4 - 1.6,,
554005,VW,SAVEIRO,1.4 - 1.6,,
554005,VW,VOYAGE,1.4 - 1.6,,
554005,VW,FOX,1.4 - 1.6,,
554005,VW,SURAN,1.4 - 1.6,,
554005,VW,CROSSFOX,1.4 - 1.6,,
554005,VW,GOL TREND,1.4 - 1.6,,
554005,VW,UP,1.4 - 1.6,,
556204,FIAT,PALIO,1.4 - 1.6,2012,
556204,FIAT,SIENA,1.4 - 1.6,2012,
556204,NISSAN,MARCH,1.4 - 1.6,2012,
556204,NISSAN,VERSA,1.4 - 1.6,2012,
563201,CHEVROLET,CORSA,1.4 - 1.6,,
262190,CITROEN,BERLINGO,1.4 - 1.6 - 1.6L,2003,
262190,CITROEN,BERLINGO,1.4 - 1.6 - 1.6L,2003,
262190,CITROEN,XSARA,1.4 - 1.6 - 1.6L,2003,
262190,CITROEN,XSARA PICASSO,1.4 - 1.6 - 1.6L,2003,
262190,CITROEN,C3,1.4 - 1.6 - 1.6L,2003,
262190,CITROEN,C3,1.4 - 1.6 - 1.6L,2003,
262190,CITROEN,C4,1.4 - 1.6 - 1.6L,2003,
262190,CITROEN,C4,1.4 - 1.6 - 1.6L,2003,
262190,CITROEN,DS4,1.4 - 1.6 - 1.6L,2003,
262190,CITROEN,C5 II,1.4 - 1.6 - 1.6L,2003,
262190,CITROEN,CACTUS,1.4 - 1.6 - 1.6L,2003,
262190,CITROEN,C3 II,1.4 - 1.6 - 1.6L,2003,
262190,CITROEN,C4 II,1.4 - 1.6 - 1.6L,2003,
262190,FIAT,QUBO,1.4 - 1.6 - 1.6L,2003,
262190,PEUGEOT,206,1.4 - 1.6 - 1.6L,2003,
262190,PEUGEOT,206,1.4 - 1.6 - 1.6L,2003,
262190,PEUGEOT,206,1.4 - 1.6 - 1.6L,2003,
262190,PEUGEOT,307,1.4 - 1.6 - 1.6L,2003,
262190,PEUGEOT,PARTNER,1.4 - 1.6 - 1.6L,2003,
262190,PEUGEOT,301,1.4 - 1.6 - 1.6L,2003,
262190,PEUGEOT,308,1.4 - 1.6 - 1.6L,2003,
262190,PEUGEOT,207,1.4 - 1.6 - 1.6L,2003,
262190,PEUGEOT,508,1.4 - 1.6 - 1.6L,2003,
262190,PEUGEOT,408,1.4 - 1.6 - 1.6L,2003,
262190,PEUGEOT,208,1.4 - 1.6 - 1.6L,2003,
262190,PEUGEOT,208,1.4 - 1.6 - 1.6L,2003,
262190,PEUGEOT,RCZ,1.4 - 1.6 - 1.6L,2003,
262190,PEUGEOT,5008,1.4 - 1.6 - 1.6L,2003,
262190,PEUGEOT,2008,1.4 - 1.6 - 1.6L,2003,
262190,PEUGEOT,206 SW,1.4 - 1.6 - 1.6L,2003,
262190,PEUGEOT,PARTNER II,1.4 - 1.6 - 1.6L,2003,
262190,DS,DS4,1.4 - 1.6 - 1.6L,2003,
262190,DS,DS7,1.4 - 1.6 - 1.6L,2003,
441092,PEUGEOT,2008,1.4 - 1.6 - 1.6L,,
49036,VOLVO,V50,1.4 - 1.6 - 1.6L - 1.8 - 11.0L - 2.0 - 2.2 - 2L - 3.2,,
49036,AUDI,A1,1.4 - 1.6 - 1.6L - 1.8 - 11.0L - 2.2 - 2L - 3.2,,
49036,PEUGEOT,2008,1.4 - 1.6 - 1.6L - 1.8 - 11.0L - 2.2 - 2L - 3.2,,
49036,VW,VOYAGE,1.4 - 1.6 - 1.6L - 1.8 - 11.0L - 2.2 - 2L - 3.2,,
49036,VW,FOX,1.4 - 1.6 - 1.6L - 1.8 - 11.0L - 2.2 - 2L - 3.2,,
49036,VW,SURAN,1.4 - 1.6 - 1.6L - 1.8 - 11.0L - 2.2 - 2L - 3.2,,
49036,VW,GOL TREND,1.4 - 1.6 - 1.6L - 1.8 - 11.0L - 2.2 - 2L - 3.2,,
310607,AUDI,A1,1.4 - 1.6 - 1.6L - 1.8 - 11.0L - 2.2 - 2L - 3.2,,
310607,PEUGEOT,2008,1.4 - 1.6 - 1.6L - 1.8 - 11.0L - 2.2 - 2L - 3.2,,
310607,VW,VOYAGE,1.4 - 1.6 - 1.6L - 1.8 - 11.0L - 2.2 - 2L - 3.2,,
310607,VW,FOX,1.4 - 1.6 - 1.6L - 1.8 - 11.0L - 2.2 - 2L - 3.2,,
310607,VW,SURAN,1.4 - 1.6 - 1.6L - 1.8 - 11.0L - 2.2 - 2L - 3.2,,
310607,VW,GOL TREND,1.4 - 1.6 - 1.6L - 1.8 - 11.0L - 2.2 - 2L - 3.2,,
409599,ALFA ROMEO,,1.4 - 1.6 - 1.6L - 1.8 - MULTIJET,2014,
456304,FORD,,1.4 - 1.6 - 1.6L - 1.9L - 2.2L - 2.8L - DV4 - TU5JP4,,
456304,PEUGEOT,PARTNER,1.4 - 1.6 - 1.6L - 1.9L - 2.2L - 2.8L - DV4 - TU5JP4,,
456304,PEUGEOT,207,1.4 - 1.6 - 1.6L - 1.9L - 2.2L - 2.8L - DV4 - TU5JP4,,
262190,CITROEN,BERLINGO II,1.4 - 1.6 - 1.6L - 1.9L - 2.8L - TU5JP4,2003,
262190,PEUGEOT,207,1.4 - 1.6 - 1.6L - 1.9L - 2.8L - TU5JP4,2003,
262190,CITROEN,JUMPER III,1.4 - 1.6 - 1.6L - 11.0L - 2.2 - 2L,2003,
262190,PEUGEOT,508,1.4 - 1.6 - 1.6L - 11.0L - 2.2 - 2L,2003,
262190,ROVER,LANDROVER,1.4 - 1.6 - 1.6L - 11.0L - 2.2 - 2L,2003,
262190,PEUGEOT,307,1.4 - 1.6 - 1.6L - 2.0,2003,
356274,CHEVROLET,AVEO,1.4 - 1.6 - 1.6L - 2.0L - 3.0L - A16DMS - F14D3,,
356274,DAEWOO,NUBIRA,1.4 - 1.6 - 1.6L - 2.0L - 3.0L - A16DMS - F14D3,,
356274,DAEWOO,KALOS,1.4 - 1.6 - 1.6L - 2.0L - 3.0L - A16DMS - F14D3,,
262190,FORD,TRANSIT,1.4 - 1.6 - 1.6L - 2.4,2003,
550821,CHEVROLET,CORSA,1.4 - 1.6 - 1.7,,
550821,CHEVROLET,PRISMA,1.4 - 1.6 - 1.7,,
552616,CHEVROLET,CORSA,1.4 - 1.6 - 1.7,2009,2010
556246,CHEVROLET,CORSA,1.4 - 1.6 - 1.7,1994,2010
556246,CHEVROLET,COMBO,1.4 - 1.6 - 1.7,1994,2010
556246,CHEVROLET,CELTA,1.4 - 1.6 - 1.7,1994,2010
556246,CHEVROLET,AGILE,1.4 - 1.6 - 1.7,1994,2010
556246,CHEVROLET,PRISMA,1.4 - 1.6 - 1.7,1994,2010
556246,CHEVROLET,CLASSIC,1.4 - 1.6 - 1.7,1994,2010
556246,SUZUKI,FUN,1.4 - 1.6 - 1.7,1994,2010
552564,FIAT,BRAVA,1.4 - 1.6 - 1.7 - 1.8 - 1.9 - 2.0,1994,2002
560314,FIAT,MAREA,1.4 - 1.6 - 1.7 - 1.8 - 1.9 - 2.0,1994,
560314,FIAT,BRAVA,1.4 - 1.6 - 1.7 - 1.8 - 1.9 - 2.0,1994,
560314,RENAULT,MEGANE,1.4 - 1.6 - 1.7 - 1.8 - 1.9 - 2.0,1994,
560314,RENAULT,EXPRESS,1.4 - 1.6 - 1.7 - 1.8 - 1.9 - 2.0,1994,
560314,RENAULT,R9,1.4 - 1.6 - 1.7 - 1.8 - 2.0,1994,
564176,CHEVROLET,COMBO,1.4 - 1.6 - 1.7 - 2.0,1991,1994
135435,CHEVROLET,CORSA,1.4 - 1.6 - 1.8,,
135435,CHEVROLET,MERIVA,1.4 - 1.6 - 1.8,,
135435,CHEVROLET,AGILE,1.4 - 1.6 - 1.8,,
135435,CHEVROLET,MONTANA,1.4 - 1.6 - 1.8,,
135435,CHEVROLET,SPIN,1.4 - 1.6 - 1.8,,
135435,FIAT,PALIO,1.4 - 1.6 - 1.8,,
135435,SUZUKI,FUN,1.4 - 1.6 - 1.8,,
253331,FORD,FIESTA,1.4 - 1.6 - 1.8,,
253331,FORD,ECOSPORT,1.4 - 1.6 - 1.8,,
362943,RENAULT,CLIO,1.4 - 1.6 - 1.8,1994,1999
365853,RENAULT,CLIO,1.4 - 1.6 - 1.8,1994,1999
451108,CHEVROLET,CORSA,1.4 - 1.6 - 1.8,2002,
451108,CHEVROLET,COMBO,1.4 - 1.6 - 1.8,2002,
451108,CHEVROLET,MERIVA,1.4 - 1.6 - 1.8,2002,
451108,CHEVROLET,MONTANA,1.4 - 1.6 - 1.8,2002,
451108,CHEVROLET,PRISMA,1.4 - 1.6 - 1.8,2002,
463995,CHEVROLET,CORSA,1.4 - 1.6 - 1.8,,
552605,VW,GACEL,1.4 - 1.6 - 1.8,2009,1995
296309,SEAT,,1.4 - 1.6 - 1.8 - 1.9,,
296309,VW,,1.4 - 1.6 - 1.8 - 1.9,,
424155,VW,GOLF,1.4 - 1.6 - 1.8 - 1.9 - 2.0,2000,
424155,VW,FOX,1.4 - 1.6 - 1.8 - 1.9 - 2.0,2000,
424155,VW,SURAN,1.4 - 1.6 - 1.8 - 1.9 - 2.0,2000,
424155,VW,CROSSFOX,1.4 - 1.6 - 1.8 - 1.9 - 2.0,2000,
424155,VW,GOL TREND,1.4 - 1.6 - 1.8 - 1.9 - 2.0,2000,
556173,VW,SAVEIRO,1.4 - 1.6 - 1.8 - 1.9 - 2.0 - 2.8L - 3.8L - 4.3L - AP - EA111,2010,2015
556173,VW,VOYAGE,1.4 - 1.6 - 1.8 - 1.9 - 2.0 - 2.8L - 3.8L - 4.3L - AP - EA111,2008,2019
556173,VW,GOL TREND,1.4 - 1.6 - 1.8 - 1.9 - 2.0 - 2.8L - 3.8L - 4.3L - AP - EA111,2008,2020
556173,VW,POLO,1.4 - 1.6 - 1.8 - 1.9 - 2.0 - 2.9L - 3.8L - 4.1L - 4.3L - ADZ - AP,2001,2009
556173,FORD,GALAXY,1.4 - 1.6 - 1.8 - 1.9 - 2.0 - 3.8L - 4.3L - AP,1994,1996
556173,VW,GOL,1.4 - 1.6 - 1.8 - 1.9 - 2.0 - 3.8L - 4.3L - AP,,
556173,VW,SENDA,1.4 - 1.6 - 1.8 - 1.9 - 2.0 - 3.8L - 4.3L - AP,1989,1997
49036,VOLVO,C30,1.4 - 1.6 - 1.8 - 11.0L - 2.0 - 2.2 - 2.4 - 2L - 3.2,,
49036,VOLVO,S40,1.4 - 1.6 - 1.8 - 11.0L - 2.0 - 2.2 - 2L - 3.2,,
357157,CITROEN,BERLINGO,1.4 - 1.6 - 1.8 - 2.0,1999,
357157,CITROEN,XSARA,1.4 - 1.6 - 1.8 - 2.0,1999,
357157,PEUGEOT,206,1.4 - 1.6 - 1.8 - 2.0,1999,
357157,PEUGEOT,306,1.4 - 1.6 - 1.8 - 2.0,1999,
357157,PEUGEOT,106,1.4 - 1.6 - 1.8 - 2.0,1999,
357157,PEUGEOT,405,1.4 - 1.6 - 1.8 - 2.0,1999,
357157,PEUGEOT,806,1.4 - 1.6 - 1.8 - 2.0,1999,
357157,PEUGEOT,406,1.4 - 1.6 - 1.8 - 2.0,1999,
357157,PEUGEOT,PARTNER,1.4 - 1.6 - 1.8 - 2.0,1999,
564176,VW,GACEL,1.4 - 1.6 - 1.8 - 2.0,1991,1994
564176,VW,QUANTUM,1.4 - 1.6 - 1.8 - 2.0,1991,1994
564176,VW,CARAT,1.4 - 1.6 - 1.8 - 2.0,1991,1994
428270,CHEVROLET,AVEO,1.4 - 1.6 - 1.8 - 2.0L - F14D3,2005,
428270,CHEVROLET,TRACKER,1.4 - 1.6 - 1.8 - 2.0L - F14D3,2005,
428270,CHEVROLET,CRUZE,1.4 - 1.6 - 1.8 - 2.0L - F14D3,2005,
428270,CHEVROLET,SONIC,1.4 - 1.6 - 1.8 - 2.0L - F14D3,2005,
428270,FIAT,CROMA,1.4 - 1.6 - 1.8 - 2.0L - F14D3,2005,
360814,CHEVROLET,CORSA,1.4 - 1.6 - 1.8 - 4.2L - X18XE,2001,2002
360814,CHEVROLET,COBALT,1.4 - 1.6 - 1.8 - 4.2L - X18XE,2001,2002
360814,CHEVROLET,PRISMA,1.4 - 1.6 - 1.8 - 4.2L - X18XE,2001,2002
360814,FIAT,PALIO,1.4 - 1.6 - 1.8 - 4.2L - X18XE,2001,2002
360814,FIAT,SIENA,1.4 - 1.6 - 1.8 - 4.2L - X18XE,2001,2002
360814,FIAT,DOBLO,1.4 - 1.6 - 1.8 - 4.2L - X18XE,2001,2002
568644,PEUGEOT,PARTNER,1.4 - 1.6 - 1.8L - 1.9 - 1.9L - 12.0L - 2.3L - 2.8L - TU5JP4 - ZETEC ROCAM,,
568644,VW,FOX,1.4 - 1.6 - 1.8L - 1.9 - 12.0L - 2.3L - 2.8L - EA111 - ZETEC ROCAM,,
568644,VW,SURAN,1.4 - 1.6 - 1.8L - 1.9 - 12.0L - 2.3L - 2.8L - EA111 - ZETEC ROCAM,,
568644,PEUGEOT,206,1.4 - 1.6 - 1.8L - 1.9 - 12.0L - 2.3L - 3.9L - TU5J4 - TU5JP - ZETEC ROCAM,,206
568644,CITROEN,BERLINGO,1.4 - 1.6 - 1.8L - 1.9 - 12.0L - 2.3L - ZETEC ROCAM,,
568644,FORD,ESCORT,1.4 - 1.6 - 1.8L - 1.9 - 12.0L - 2.3L - ZETEC ROCAM,,
568644,FORD,FIESTA,1.4 - 1.6 - 1.8L - 1.9 - 12.0L - 2.3L - ZETEC ROCAM,,
568644,FORD,KA,1.4 - 1.6 - 1.8L - 1.9 - 12.0L - 2.3L - ZETEC ROCAM,,
568644,FORD,COURIER,1.4 - 1.6 - 1.8L - 1.9 - 12.0L - 2.3L - ZETEC ROCAM,,
568644,FORD,ECOSPORT,1.4 - 1.6 - 1.8L - 1.9 - 12.0L - 2.3L - ZETEC ROCAM,,
568644,PEUGEOT,EXPERT,1.4 - 1.6 - 1.8L - 1.9 - 12.0L - 2.3L - ZETEC ROCAM,,
212727,FORD,FIESTA,1.4 - 1.6 - 1.8L - 12.0L - 2.3L - ZETEC ROCAM,,
212727,FORD,ECOSPORT,1.4 - 1.6 - 1.8L - 12.0L - 2.3L - ZETEC ROCAM,,
212728,FORD,FIESTA,1.4 - 1.6 - 1.8L - 12.0L - 2.3L - ZETEC ROCAM,,
212728,FORD,ECOSPORT,1.4 - 1.6 - 1.8L - 12.0L - 2.3L - ZETEC ROCAM,,
246721,FORD,FIESTA,1.4 - 1.6 - 1.8L - 12.0L - 2.3L - ZETEC ROCAM,,
246721,FORD,ECOSPORT,1.4 - 1.6 - 1.8L - 12.0L - 2.3L - ZETEC ROCAM,,
246722,FORD,FIESTA,1.4 - 1.6 - 1.8L - 12.0L - 2.3L - ZETEC ROCAM,,
246722,FORD,ECOSPORT,1.4 - 1.6 - 1.8L - 12.0L - 2.3L - ZETEC ROCAM,,
307353,FORD,FIESTA,1.4 - 1.6 - 1.8L - 12.0L - 2.3L - ZETEC ROCAM,,
307353,FORD,ECOSPORT,1.4 - 1.6 - 1.8L - 12.0L - 2.3L - ZETEC ROCAM,,
355243,FORD,FIESTA,1.4 - 1.6 - 1.8L - 12.0L - 2.3L - ZETEC ROCAM,,
355243,FORD,ECOSPORT,1.4 - 1.6 - 1.8L - 12.0L - 2.3L - ZETEC ROCAM,,
552605,VW,SAVEIRO,1.4 - 1.6 - 1.9,2009,
552573,VW,FOX,1.4 - 1.6 - 1.9 - 2.0,2003,
552573,VW,SURAN,1.4 - 1.6 - 1.9 - 2.0,2003,
560313,CITROEN,SAXO,1.4 - 1.6 - 1.9 - 2.0,2001,
560313,CITROEN,XSARA,1.4 - 1.6 - 1.9 - 2.0,2001,
560313,CITROEN,C3,1.4 - 1.6 - 1.9 - 2.0,2001,
560313,PEUGEOT,206,1.4 - 1.6 - 1.9 - 2.0,2001,
560313,PEUGEOT,207,1.4 - 1.6 - 1.9 - 2.0,2001,
564176,VW,SAVEIRO,1.4 - 1.6 - 1.9 - 2.0,1991,1994
552572,RENAULT,MEGANE,1.4 - 1.6 - 1.9 - 2.0 - R11 - R19,1998,
419938,CHEVROLET,AVEO,1.4 - 1.6 - 12.0L - 2.0L - DOHC - F14D3,2004,
419938,DAEWOO,NUBIRA,1.4 - 1.6 - 12.0L - 2.0L - DOHC - F14D3,2004,
419938,DAEWOO,KALOS,1.4 - 1.6 - 12.0L - 2.0L - DOHC - F14D3,2004,
451101,PEUGEOT,206,1.4 - 1.6 - 2.0,2002,
552573,FORD,FIESTA,1.4 - 1.6 - 2.0,2003,
552573,FORD,FOCUS,1.4 - 1.6 - 2.0,2003,
552573,FORD,ECOSPORT,1.4 - 1.6 - 2.0,2003,
552573,VW,SAVEIRO,1.4 - 1.6 - 2.0,2003,
552573,VW,VOYAGE,1.4 - 1.6 - 2.0,2003,
552573,VW,CROSSFOX,1.4 - 1.6 - 2.0,2003,
552573,VW,GOL TREND,1.4 - 1.6 - 2.0,2003,
552622,FORD,FIESTA,1.4 - 1.6 - 2.0,2003,2011
552622,FORD,FOCUS,1.4 - 1.6 - 2.0,2003,2011
552622,FORD,ECOSPORT,1.4 - 1.6 - 2.0,2003,2011
560339,FORD,FIESTA,1.4 - 1.6 - 2.0,2003,
560339,FORD,FOCUS,1.4 - 1.6 - 2.0,2003,
560339,FORD,ECOSPORT,1.4 - 1.6 - 2.0,2003,
564176,CHEVROLET,CHEVETTE,1.4 - 1.6 - 2.0,1991,1994
564176,CHEVROLET,CORSA,1.4 - 1.6 - 2.0,1991,1994
564176,CHEVROLET,MONZA,1.4 - 1.6 - 2.0,1991,1994
564176,CHEVROLET,KADETT,1.4 - 1.6 - 2.0,1991,1994
564176,CHEVROLET,CELTA,1.4 - 1.6 - 2.0,1991,1994
564176,CHEVROLET,AGILE,1.4 - 1.6 - 2.0,1991,1994
564176,CHEVROLET,PRISMA,1.4 - 1.6 - 2.0,1991,1994
564176,CHEVROLET,CLASSIC,1.4 - 1.6 - 2.0,1991,1994
564176,FORD,ESCORT,1.4 - 1.6 - 2.0,1991,1994
564176,FORD,GALAXY,1.4 - 1.6 - 2.0,1991,1994
564176,SUZUKI,FUN,1.4 - 1.6 - 2.0,1991,1994
564176,TOYOTA,COROLLA,1.4 - 1.6 - 2.0,1991,1994
564176,VW,GOL,1.4 - 1.6 - 2.0,1991,1994
564176,VW,PASSAT,1.4 - 1.6 - 2.0,1991,1994
564176,VW,POLO,1.4 - 1.6 - 2.0,1991,1994
564176,VW,SENDA,1.4 - 1.6 - 2.0,1991,1994
564176,VW,SANTANA,1.4 - 1.6 - 2.0,1991,1994
564176,VW,VOYAGE,1.4 - 1.6 - 2.0,1991,1994
564176,VW,GOL TREND,1.4 - 1.6 - 2.0,1991,1994
564176,VW,GOLF III,1.4 - 1.6 - 2.0,1991,1994
411460,CITROEN,BERLINGO,1.4 - 1.6 - 2.2L - 3.8L - DV4 - DV6,,
411460,CITROEN,C3,1.4 - 1.6 - 2.2L - 3.8L - DV4 - DV6,,
411460,CITROEN,C4,1.4 - 1.6 - 2.2L - 3.8L - DV4 - DV6,,
411460,CITROEN,C4 PICASSO,1.4 - 1.6 - 2.2L - 3.8L - DV4 - DV6,,
411460,PEUGEOT,307,1.4 - 1.6 - 2.2L - 3.8L - DV4 - DV6,,
411460,PEUGEOT,EXPERT,1.4 - 1.6 - 2.2L - 3.8L - DV4 - DV6,,
411460,PEUGEOT,PARTNER,1.4 - 1.6 - 2.2L - 3.8L - DV4 - DV6,,
411460,PEUGEOT,308,1.4 - 1.6 - 2.2L - 3.8L - DV4 - DV6,,
411460,PEUGEOT,207,1.4 - 1.6 - 2.2L - 3.8L - DV4 - DV6,,
411460,PEUGEOT,3008,1.4 - 1.6 - 2.2L - 3.8L - DV4 - DV6,,
411460,PEUGEOT,408,1.4 - 1.6 - 2.2L - 3.8L - DV4 - DV6,,
431921,PEUGEOT,,1.4 - 1.6 - 2.2L - 3.8L - DV4 - DV6,,
450910,VW,GOL,1.4 - 1.6 - 3.5L - MSI,2013,
450910,VW,GOLF,1.4 - 1.6 - 3.5L - MSI,2013,
450910,VW,POLO,1.4 - 1.6 - 3.5L - MSI,2013,
450910,VW,SAVEIRO,1.4 - 1.6 - 3.5L - MSI,2013,
450910,VW,VOYAGE,1.4 - 1.6 - 3.5L - MSI,2013,
450910,VW,FOX,1.4 - 1.6 - 3.5L - MSI,2013,
450910,VW,SPACEFOX,1.4 - 1.6 - 3.5L - MSI,2013,
450910,VW,TIGUAN,1.4 - 1.6 - 3.5L - MSI,2013,
450910,VW,UP,1.4 - 1.6 - 3.5L - MSI,2013,
450910,VW,VIRTUS,1.4 - 1.6 - 3.5L - MSI,2013,
450910,VW,T-CROSS,1.4 - 1.6 - 3.5L - MSI,2013,
10656,PEUGEOT,206,1.4 - 1.6 - 3.9L - TU5JP,,
10656,PEUGEOT,106,1.4 - 1.6 - 3.9L - TU5JP,,
10656,PEUGEOT,205,1.4 - 1.6 - 3.9L - TU5JP,,
297101,PEUGEOT,206,1.4 - 1.6 - 3.9L - TU5JP,,
297101,PEUGEOT,106,1.4 - 1.6 - 3.9L - TU5JP,,
297101,PEUGEOT,205,1.4 - 1.6 - 3.9L - TU5JP,,
441092,VARIOS,,1.4 - 1.6 - B71,,
451114,RENAULT,R9,1.4 - 1.6 - R11 - R19,1987,
451114,RENAULT,R11,1.4 - 1.6 - R11 - R19,1987,
451114,RENAULT,CLIO,1.4 - 1.6 - R11 - R19,1987,
451114,RENAULT,R19,1.4 - 1.6 - R11 - R19,1987,
451114,RENAULT,MEGANE,1.4 - 1.6 - R11 - R19,1987,
451114,RENAULT,KANGOO,1.4 - 1.6 - R11 - R19,1987,
451114,RENAULT,SYMBOL,1.4 - 1.6 - R11 - R19,1987,
552572,RENAULT,R9,1.4 - 1.6 - R11 - R19,1998,
552572,RENAULT,R11,1.4 - 1.6 - R11 - R19,1998,
552572,RENAULT,R19,1.4 - 1.6 - R11 - R19,1998,
552572,RENAULT,KANGOO,1.4 - 1.6 - R11 - R19,1998,
552578,RENAULT,R9,1.4 - 1.6 - R11 - R19,1987,1995
552578,RENAULT,R11,1.4 - 1.6 - R11 - R19,1987,1995
552578,RENAULT,CLIO,1.4 - 1.6 - R11 - R19,1987,1995
552578,RENAULT,R19,1.4 - 1.6 - R11 - R19,1987,1995
556248,RENAULT,R9,1.4 - 1.6 - R11 - R19,1987,1995
556248,RENAULT,R11,1.4 - 1.6 - R11 - R19,1987,1995
556248,RENAULT,CLIO,1.4 - 1.6 - R11 - R19,1987,1995
556248,RENAULT,R19,1.4 - 1.6 - R11 - R19,1987,1995
560324,RENAULT,R9,1.4 - 1.6 - R11 - R19,1987,
560324,RENAULT,R11,1.4 - 1.6 - R11 - R19,1987,
560324,RENAULT,CLIO,1.4 - 1.6 - R11 - R19,1987,
560324,RENAULT,R19,1.4 - 1.6 - R11 - R19,1987,
534295,CITROEN,BERLINGO,1.4 - 1.6L - 1.7 - 1.8 - 1.9 - XUD7 - XUD9,,
534295,CITROEN,XANTIA,1.4 - 1.6L - 1.7 - 1.8 - 1.9 - XUD7 - XUD9,,
534295,CITROEN,ZX,1.4 - 1.6L - 1.7 - 1.8 - 1.9 - XUD7 - XUD9,,
534295,CITROEN,XSARA,1.4 - 1.6L - 1.7 - 1.8 - 1.9 - XUD7 - XUD9,,
534295,FIAT,DUCATO,1.4 - 1.6L - 1.7 - 1.8 - 1.9 - XUD7 - XUD9,,
534295,PEUGEOT,306,1.4 - 1.6L - 1.7 - 1.8 - 1.9 - XUD7 - XUD9,,
534295,PEUGEOT,205,1.4 - 1.6L - 1.7 - 1.8 - 1.9 - XUD7 - XUD9,,
534295,PEUGEOT,405,1.4 - 1.6L - 1.7 - 1.8 - 1.9 - XUD7 - XUD9,,
534295,PEUGEOT,BOXER,1.4 - 1.6L - 1.7 - 1.8 - 1.9 - XUD7 - XUD9,,
534295,PEUGEOT,PARTNER,1.4 - 1.6L - 1.7 - 1.8 - 1.9 - XUD7 - XUD9,,
49036,RENAULT,MEGANE II,1.4 - 1.6L - 1.8 - 1.9L - 11.0L - 2.2 - 2L - 3.2 - F9Q - K9K,,
310607,RENAULT,MEGANE II,1.4 - 1.6L - 1.8 - 1.9L - 11.0L - 2.2 - 2L - 3.2 - F9Q - K9K,,
552605,CHEVROLET,COMBO,1.4 - 1.7,2009,
552616,CHEVROLET,COMBO,1.4 - 1.7,2009,
552616,CHEVROLET,CELTA,1.4 - 1.7,2009,
552616,CHEVROLET,AGILE,1.4 - 1.7,2009,
552616,CHEVROLET,PRISMA,1.4 - 1.7,2009,2013
552616,CHEVROLET,CLASSIC,1.4 - 1.7,2009,
552616,SUZUKI,FUN,1.4 - 1.7,2009,2011
552564,ALFA ROMEO,145,1.4 - 1.7 - 1.8 - 1.9 - 2.0,1994,2002
552564,ALFA ROMEO,155,1.4 - 1.7 - 1.8 - 1.9 - 2.0,1994,2002
552564,ALFA ROMEO,146,1.4 - 1.7 - 1.8 - 1.9 - 2.0,1994,2002
552564,FIAT,PALIO,1.4 - 1.7 - 1.8 - 1.9 - 2.0,1997,
552564,FIAT,SIENA,1.4 - 1.7 - 1.8 - 1.9 - 2.0,1997,
552564,FIAT,FIORINO,1.4 - 1.7 - 1.8 - 1.9 - 2.0,1994,2002
552564,FIAT,UNO,1.4 - 1.7 - 1.8 - 1.9 - 2.0,2010,
552564,FIAT,TIPO,1.4 - 1.7 - 1.8 - 1.9 - 2.0,1993,
552564,FIAT,MAREA,1.4 - 1.7 - 1.8 - 1.9 - 2.0,1998,
552564,FIAT,TEMPRA,1.4 - 1.7 - 1.8 - 1.9 - 2.0,1992,
552564,FIAT,PALIO WEEKEND,1.4 - 1.7 - 1.8 - 1.9 - 2.0,1997,
552564,FIAT,STILO,1.4 - 1.7 - 1.8 - 1.9 - 2.0,2003,
552564,FIAT,PALIO ADVENTURE,1.4 - 1.7 - 1.8 - 1.9 - 2.0,2005,
49036,FIAT,DUNA,1.4 - 1.7 - 1.8 - 11.0L - 2.2 - 2L - 3.2,,
49036,FIAT,FIORINO,1.4 - 1.7 - 1.8 - 11.0L - 2.2 - 2L - 3.2,,
560314,ALFA ROMEO,145,1.4 - 1.7 - 1.8 - 2.0,1994,
560314,ALFA ROMEO,155,1.4 - 1.7 - 1.8 - 2.0,1994,
560314,ALFA ROMEO,146,1.4 - 1.7 - 1.8 - 2.0,1994,
560314,ALFA ROMEO,164,1.4 - 1.7 - 1.8 - 2.0,1994,
560314,FIAT,STRADA,1.4 - 1.7 - 1.8 - 2.0,1994,
560314,FIAT,TIPO,1.4 - 1.7 - 1.8 - 2.0,1994,
560314,FIAT,BRAVO,1.4 - 1.7 - 1.8 - 2.0,1994,
560314,FIAT,TEMPRA,1.4 - 1.7 - 1.8 - 2.0,1994,
560314,FIAT,PUNTO,1.4 - 1.7 - 1.8 - 2.0,1994,
560314,FIAT,IDEA,1.4 - 1.7 - 1.8 - 2.0,1994,
560314,FIAT,DOBLO,1.4 - 1.7 - 1.8 - 2.0,1994,
560314,FIAT,LINEA,1.4 - 1.7 - 1.8 - 2.0,1994,
560314,FIAT,FIORUNO,1.4 - 1.7 - 1.8 - 2.0,1994,
560314,RENAULT,CLIO,1.4 - 1.7 - 1.8 - 2.0,1994,
560314,RENAULT,R19,1.4 - 1.7 - 1.8 - 2.0,1994,
560314,RENAULT,KANGOO,1.4 - 1.7 - 1.8 - 2.0,1994,
560314,RENAULT,TWINGO,1.4 - 1.7 - 1.8 - 2.0,1994,
560314,RENAULT,LAGUNA,1.4 - 1.7 - 1.8 - 2.0,1994,
560314,RENAULT,SCENIC,1.4 - 1.7 - 1.8 - 2.0,1994,
560314,RENAULT,CLIO II,1.4 - 1.7 - 1.8 - 2.0,1994,
560314,RENAULT,LOGAN,1.4 - 1.7 - 1.8 - 2.0,1994,
560314,RENAULT,SANDERO,1.4 - 1.7 - 1.8 - 2.0,1994,
560314,RENAULT,MEGANE II,1.4 - 1.7 - 1.8 - 2.0,1994,
416911,CHEVROLET,CORSA,1.4 - 1.8,,
416911,CHEVROLET,MERIVA,1.4 - 1.8,,
416911,CHEVROLET,CELTA,1.4 - 1.8,,
416911,CHEVROLET,AGILE,1.4 - 1.8,,
416911,CHEVROLET,MONTANA,1.4 - 1.8,,
416911,CHEVROLET,COBALT,1.4 - 1.8,,
432373,FIAT,PALIO WEEKEND,1.4 - 1.8,2010,
432373,FIAT,PUNTO,1.4 - 1.8,2010,
432373,FIAT,IDEA,1.4 - 1.8,2010,
432373,FIAT,DOBLO,1.4 - 1.8,2010,
432373,FIAT,LINEA,1.4 - 1.8,2010,
534298,FORD,ESCORT,1.4 - 1.8,1996,
534298,FORD,MONDEO,1.4 - 1.8,1996,
553904,CHEVROLET,AGILE,1.4 - 1.8,,
553904,CHEVROLET,CORSA II,1.4 - 1.8,,
354885,VARIOS,,1.4 - 1.8 - 1.8L - 1.9L - 2.8L - 3L - 5.3 - CUMMINS - TIPO,,
512075,VARIOS,,1.4 - 1.8 - 1.8L - 1.9L - 2.8L - 3L - 5.3 - CUMMINS - TIPO,,
49036,VARIOS,,1.4 - 1.8 - 1.8L - 11.0L - 2.2 - 2.8L - 2L - 3.2 - CUMMINS - TIPO,,
416831,CHEVROLET,CORSA,1.4 - 1.8 - 1.8L - 2.0 - 2.8 - 4.2 - MWM,1991,
396205,FIAT,PALIO,1.4 - 1.8 - 1.9,2009,
396205,FIAT,PUNTO,1.4 - 1.8 - 1.9,2009,
396205,FIAT,LINEA,1.4 - 1.8 - 1.9,2009,
49036,FORD,RANGER,1.4 - 1.8 - 1.9L - 11.0L - 2.2 - 2.3 - 2L - 3.2 - 3L - 8.3L - DURATEC,,
49036,FORD,F100,1.4 - 1.8 - 1.9L - 11.0L - 2.2 - 2.3 - 2L - 3.2 - 3L - 8.3L - DURATEC,,
310607,FORD,RANGER,1.4 - 1.8 - 1.9L - 11.0L - 2.2 - 2.3 - 2L - 3.2 - 3L - 8.3L - DURATEC,,
310607,FORD,F100,1.4 - 1.8 - 1.9L - 11.0L - 2.2 - 2.3 - 2L - 3.2 - 3L - 8.3L - DURATEC,,
49036,LAND ROVER,RANGE ROVER,1.4 - 1.8 - 1.9L - 11.0L - 2.2 - 2L - 3.2 - 3L - 4.3,,
310607,LAND ROVER,RANGE ROVER,1.4 - 1.8 - 1.9L - 11.0L - 2.2 - 2L - 3.2 - 3L - 4.3,,
49036,AUDI,R8,1.4 - 1.8 - 1.9L - 11.0L - 2.2 - 2L - 3.2 - 3L - 5.2 - 5.3 - V10,,
310607,AUDI,R8,1.4 - 1.8 - 1.9L - 11.0L - 2.2 - 2L - 3.2 - 3L - 5.2 - 5.3 - V10,,
354885,CHEVROLET,CORSA,1.4 - 1.8 - 1.9L - 2.8L - 3L - 5.3 - TIPO,,
354885,CHEVROLET,SILVERADO,1.4 - 1.8 - 1.9L - 2.8L - 3L - 5.3 - TIPO,,
354885,CHEVROLET,TRACKER,1.4 - 1.8 - 1.9L - 2.8L - 3L - 5.3 - TIPO,,
354885,CHEVROLET,ONIX,1.4 - 1.8 - 1.9L - 2.8L - 3L - 5.3 - TIPO,,
512075,CHEVROLET,CORSA,1.4 - 1.8 - 1.9L - 2.8L - 3L - 5.3 - TIPO,,
512075,CHEVROLET,SILVERADO,1.4 - 1.8 - 1.9L - 2.8L - 3L - 5.3 - TIPO,,
512075,CHEVROLET,TRACKER,1.4 - 1.8 - 1.9L - 2.8L - 3L - 5.3 - TIPO,,
512075,CHEVROLET,ONIX,1.4 - 1.8 - 1.9L - 2.8L - 3L - 5.3 - TIPO,,
407206,CHEVROLET,AGILE,1.4 - 1.8 - 1.9L - X14Y,,
407206,CHEVROLET,CORSA II,1.4 - 1.8 - 1.9L - X14Y,,
500325,CHEVROLET,AGILE,1.4 - 1.8 - 1.9L - X14Y,,
500325,CHEVROLET,CORSA II,1.4 - 1.8 - 1.9L - X14Y,,
49036,VW,VENTO,1.4 - 1.8 - 11.0L - 2.0 - 2.2 - 2.5 - 2L - 3.2,,
310607,VW,VENTO,1.4 - 1.8 - 11.0L - 2.0 - 2.2 - 2.5 - 2L - 3.2,,
49036,SUBARU,LEGACY,1.4 - 1.8 - 11.0L - 2.0 - 2.2 - 2.5 - 2L - 3.2 - 3.6,,
49036,SUBARU,OUTBACK,1.4 - 1.8 - 11.0L - 2.0 - 2.2 - 2.5 - 2L - 3.2 - 3.6,,
310607,SUBARU,LEGACY,1.4 - 1.8 - 11.0L - 2.0 - 2.2 - 2.5 - 2L - 3.2 - 3.6,,
310607,SUBARU,OUTBACK,1.4 - 1.8 - 11.0L - 2.0 - 2.2 - 2.5 - 2L - 3.2 - 3.6,,
49036,VW,PASSAT,1.4 - 1.8 - 11.0L - 2.0 - 2.2 - 2L - 3.2,,
49036,VW,BORA,1.4 - 1.8 - 11.0L - 2.0 - 2.2 - 2L - 3.2,,
310607,VW,BORA,1.4 - 1.8 - 11.0L - 2.0 - 2.2 - 2L - 3.2,,
49036,VW,CC,1.4 - 1.8 - 11.0L - 2.0 - 2.2 - 2L - 3.2 - 3.6,,
49036,CHEVROLET,S10,1.4 - 1.8 - 11.0L - 2.2 - 2.4 - 2L - 3.2,,
49036,KIA,SORENTO,1.4 - 1.8 - 11.0L - 2.2 - 2.4 - 2L - 3.2,,
49036,VOLVO,S40,1.4 - 1.8 - 11.0L - 2.2 - 2.4 - 2L - 3.2,,
310607,CHEVROLET,S10,1.4 - 1.8 - 11.0L - 2.2 - 2.4 - 2L - 3.2,,
310607,KIA,SORENTO,1.4 - 1.8 - 11.0L - 2.2 - 2.4 - 2L - 3.2,,
49036,AUDI,TT,1.4 - 1.8 - 11.0L - 2.2 - 2.5 - 2L - 3.2,,
310607,AUDI,TT,1.4 - 1.8 - 11.0L - 2.2 - 2.5 - 2L - 3.2,,
49036,FORD,RANGER,1.4 - 1.8 - 11.0L - 2.2 - 2.5 - 2L - 3.2 - 8.3L - DURATEC,,
49036,FORD,KUGA,1.4 - 1.8 - 11.0L - 2.2 - 2.5 - 2L - 3.2 - 8.3L - DURATEC,,
310607,FORD,RANGER,1.4 - 1.8 - 11.0L - 2.2 - 2.5 - 2L - 3.2 - 8.3L - DURATEC,,
49036,RENAULT,MASTER,1.4 - 1.8 - 11.0L - 2.2 - 2.5 - 2L - 3.2 - G9U,,
310607,RENAULT,MASTER,1.4 - 1.8 - 11.0L - 2.2 - 2.5 - 2L - 3.2 - G9U,,
49036,VOLVO,V70,1.4 - 1.8 - 11.0L - 2.2 - 2.5 - 2L - 3.2 - T4F,,
49036,AUDI,A6,1.4 - 1.8 - 11.0L - 2.2 - 2.8 - 2L - 3.2,,
49036,CHEVROLET,S10,1.4 - 1.8 - 11.0L - 2.2 - 2.8 - 2L - 3.2,,
310607,AUDI,A6,1.4 - 1.8 - 11.0L - 2.2 - 2.8 - 2L - 3.2,,
310607,CHEVROLET,S10,1.4 - 1.8 - 11.0L - 2.2 - 2.8 - 2L - 3.2,,
310607,VARIOS,,1.4 - 1.8 - 11.0L - 2.2 - 2.8L - 2L - 3.2 - TIPO,,
49036,AUDI,A4,1.4 - 1.8 - 11.0L - 2.2 - 2L - 3.0 - 3.2,,
49036,AUDI,A6,1.4 - 1.8 - 11.0L - 2.2 - 2L - 3.0 - 3.2,,
49036,AUDI,Q7,1.4 - 1.8 - 11.0L - 2.2 - 2L - 3.0 - 3.2,,
49036,AUDI,Q5,1.4 - 1.8 - 11.0L - 2.2 - 2L - 3.0 - 3.2,,
49036,AUDI,A7,1.4 - 1.8 - 11.0L - 2.2 - 2L - 3.0 - 3.2,,
49036,AUDI,RS5,1.4 - 1.8 - 11.0L - 2.2 - 2L - 3.0 - 3.2,,
49036,FORD,RANGER,1.4 - 1.8 - 11.0L - 2.2 - 2L - 3.0 - 3.2,,
49036,VW,TOUAREG,1.4 - 1.8 - 11.0L - 2.2 - 2L - 3.0 - 3.2,,
310607,AUDI,A4,1.4 - 1.8 - 11.0L - 2.2 - 2L - 3.0 - 3.2,,
310607,AUDI,A6,1.4 - 1.8 - 11.0L - 2.2 - 2L - 3.0 - 3.2,,
310607,AUDI,Q7,1.4 - 1.8 - 11.0L - 2.2 - 2L - 3.0 - 3.2,,
310607,AUDI,Q5,1.4 - 1.8 - 11.0L - 2.2 - 2L - 3.0 - 3.2,,
310607,AUDI,A7,1.4 - 1.8 - 11.0L - 2.2 - 2L - 3.0 - 3.2,,
310607,AUDI,RS5,1.4 - 1.8 - 11.0L - 2.2 - 2L - 3.0 - 3.2,,
310607,FORD,RANGER,1.4 - 1.8 - 11.0L - 2.2 - 2L - 3.0 - 3.2,,
49036,TOYOTA,CAMRY,1.4 - 1.8 - 11.0L - 2.2 - 2L - 3.0L - 3.2 - L4,,
310607,TOYOTA,CAMRY,1.4 - 1.8 - 11.0L - 2.2 - 2L - 3.0L - 3.2 - L4,,
49036,ALFA ROMEO,SPIDER,1.4 - 1.8 - 11.0L - 2.2 - 2L - 3.2,,
49036,ALFA ROMEO,SPIDER,1.4 - 1.8 - 11.0L - 2.2 - 2L - 3.2,,
49036,ALFA ROMEO,SPIDER,1.4 - 1.8 - 11.0L - 2.2 - 2L - 3.2,,
49036,ALFA ROMEO,159,1.4 - 1.8 - 11.0L - 2.2 - 2L - 3.2,,
49036,ALFA ROMEO,159,1.4 - 1.8 - 11.0L - 2.2 - 2L - 3.2,,
49036,ALFA ROMEO,159,1.4 - 1.8 - 11.0L - 2.2 - 2L - 3.2,,
49036,ALFA ROMEO,MITO,1.4 - 1.8 - 11.0L - 2.2 - 2L - 3.2,,
49036,ALFA ROMEO,BRERA,1.4 - 1.8 - 11.0L - 2.2 - 2L - 3.2,,
49036,ALFA ROMEO,BRERA,1.4 - 1.8 - 11.0L - 2.2 - 2L - 3.2,,
49036,ALFA ROMEO,BRERA,1.4 - 1.8 - 11.0L - 2.2 - 2L - 3.2,,
49036,AUDI,A3,1.4 - 1.8 - 11.0L - 2.2 - 2L - 3.2,,
49036,AUDI,A3,1.4 - 1.8 - 11.0L - 2.2 - 2L - 3.2,,
49036,AUDI,A4,1.4 - 1.8 - 11.0L - 2.2 - 2L - 3.2,,
49036,AUDI,TT,1.4 - 1.8 - 11.0L - 2.2 - 2L - 3.2,,
49036,AUDI,A5,1.4 - 1.8 - 11.0L - 2.2 - 2L - 3.2,,
49036,AUDI,A1,1.4 - 1.8 - 11.0L - 2.2 - 2L - 3.2,,
49036,BMW,X5,1.4 - 1.8 - 11.0L - 2.2 - 2L - 3.2,,
49036,BMW,X3,1.4 - 1.8 - 11.0L - 2.2 - 2L - 3.2,,
49036,BMW,X1,1.4 - 1.8 - 11.0L - 2.2 - 2L - 3.2,,
49036,CHEVROLET,VECTRA,1.4 - 1.8 - 11.0L - 2.2 - 2L - 3.2,,
49036,CHEVROLET,MERIVA,1.4 - 1.8 - 11.0L - 2.2 - 2L - 3.2,,
49036,CHEVROLET,ZAFIRA,1.4 - 1.8 - 11.0L - 2.2 - 2L - 3.2,,
49036,CHEVROLET,CELTA,1.4 - 1.8 - 11.0L - 2.2 - 2L - 3.2,,
49036,CHEVROLET,AVEO,1.4 - 1.8 - 11.0L - 2.2 - 2L - 3.2,,
49036,CHEVROLET,SPARK,1.4 - 1.8 - 11.0L - 2.2 - 2L - 3.2,,
49036,CHEVROLET,CAPTIVA,1.4 - 1.8 - 11.0L - 2.2 - 2L - 3.2,,
49036,CHEVROLET,AGILE,1.4 - 1.8 - 11.0L - 2.2 - 2L - 3.2,,
49036,CHEVROLET,MONTANA,1.4 - 1.8 - 11.0L - 2.2 - 2L - 3.2,,
49036,CHEVROLET,CRUZE,1.4 - 1.8 - 11.0L - 2.2 - 2L - 3.2,,
49036,CHEVROLET,SONIC,1.4 - 1.8 - 11.0L - 2.2 - 2L - 3.2,,
49036,CHEVROLET,CLASSIC,1.4 - 1.8 - 11.0L - 2.2 - 2L - 3.2,,
49036,CHRYSLER,PT CRUISER,1.4 - 1.8 - 11.0L - 2.2 - 2L - 3.2,,
49036,CITROEN,BERLINGO,1.4 - 1.8 - 11.0L - 2.2 - 2L - 3.2,,
49036,CITROEN,PICASSO,1.4 - 1.8 - 11.0L - 2.2 - 2L - 3.2,,
49036,CITROEN,XSARA PICASSO,1.4 - 1.8 - 11.0L - 2.2 - 2L - 3.2,,
49036,CITROEN,C3,1.4 - 1.8 - 11.0L - 2.2 - 2L - 3.2,,
49036,FIAT,DUCATO,1.4 - 1.8 - 11.0L - 2.2 - 2L - 3.2,,
49036,FIAT,PALIO,1.4 - 1.8 - 11.0L - 2.2 - 2L - 3.2,,
49036,FIAT,SIENA,1.4 - 1.8 - 11.0L - 2.2 - 2L - 3.2,,
49036,FIAT,STRADA,1.4 - 1.8 - 11.0L - 2.2 - 2L - 3.2,,
49036,FIAT,500,1.4 - 1.8 - 11.0L - 2.2 - 2L - 3.2,,
49036,FIAT,500,1.4 - 1.8 - 11.0L - 2.2 - 2L - 3.2,,
49036,FIAT,PALIO WEEKEND,1.4 - 1.8 - 11.0L - 2.2 - 2L - 3.2,,
49036,FIAT,PUNTO,1.4 - 1.8 - 11.0L - 2.2 - 2L - 3.2,,
49036,FIAT,STILO,1.4 - 1.8 - 11.0L - 2.2 - 2L - 3.2,,
49036,FIAT,IDEA,1.4 - 1.8 - 11.0L - 2.2 - 2L - 3.2,,
49036,FIAT,ADVENTURE,1.4 - 1.8 - 11.0L - 2.2 - 2L - 3.2,,
49036,FIAT,LINEA,1.4 - 1.8 - 11.0L - 2.2 - 2L - 3.2,,
49036,FIAT,QUBO,1.4 - 1.8 - 11.0L - 2.2 - 2L - 3.2,,
49036,FIAT,PALIO FIRE,1.4 - 1.8 - 11.0L - 2.2 - 2L - 3.2,,
49036,FIAT,SIENA FIRE,1.4 - 1.8 - 11.0L - 2.2 - 2L - 3.2,,
49036,FORD,RANGER,1.4 - 1.8 - 11.0L - 2.2 - 2L - 3.2,,
49036,FORD,RANGER,1.4 - 1.8 - 11.0L - 2.2 - 2L - 3.2,,
49036,FORD,FALCON,1.4 - 1.8 - 11.0L - 2.2 - 2L - 3.2,,
49036,FORD,FIESTA,1.4 - 1.8 - 11.0L - 2.2 - 2L - 3.2,,
49036,FORD,KA,1.4 - 1.8 - 11.0L - 2.2 - 2L - 3.2,,
49036,FORD,MONDEO,1.4 - 1.8 - 11.0L - 2.2 - 2L - 3.2,,
49036,FORD,SIERRA,1.4 - 1.8 - 11.0L - 2.2 - 2L - 3.2,,
49036,FORD,TAUNUS,1.4 - 1.8 - 11.0L - 2.2 - 2L - 3.2,,
49036,FORD,FOCUS,1.4 - 1.8 - 11.0L - 2.2 - 2L - 3.2,,
49036,FORD,TRANSIT,1.4 - 1.8 - 11.0L - 2.2 - 2L - 3.2,,
49036,FORD,F350,1.4 - 1.8 - 11.0L - 2.2 - 2L - 3.2,,
49036,FORD,F250,1.4 - 1.8 - 11.0L - 2.2 - 2L - 3.2,,
49036,FORD,ECOSPORT,1.4 - 1.8 - 11.0L - 2.2 - 2L - 3.2,,
49036,HONDA,ACCORD,1.4 - 1.8 - 11.0L - 2.2 - 2L - 3.2,,
49036,HONDA,FIT,1.4 - 1.8 - 11.0L - 2.2 - 2L - 3.2,,
49036,HONDA,CRV,1.4 - 1.8 - 11.0L - 2.2 - 2L - 3.2,,
49036,HONDA,CITY,1.4 - 1.8 - 11.0L - 2.2 - 2L - 3.2,,
49036,HONDA,PILOT,1.4 - 1.8 - 11.0L - 2.2 - 2L - 3.2,,
49036,HYUNDAI,SANTA FE,1.4 - 1.8 - 11.0L - 2.2 - 2L - 3.2,,
49036,HYUNDAI,TUCSON,1.4 - 1.8 - 11.0L - 2.2 - 2L - 3.2,,
49036,HYUNDAI,GENESIS,1.4 - 1.8 - 11.0L - 2.2 - 2L - 3.2,,
49036,HYUNDAI,I30,1.4 - 1.8 - 11.0L - 2.2 - 2L - 3.2,,
49036,HYUNDAI,I10,1.4 - 1.8 - 11.0L - 2.2 - 2L - 3.2,,
49036,HYUNDAI,VELOSTER,1.4 - 1.8 - 11.0L - 2.2 - 2L - 3.2,,
49036,HYUNDAI,H1,1.4 - 1.8 - 11.0L - 2.2 - 2L - 3.2,,
49036,JEEP,PATRIOT,1.4 - 1.8 - 11.0L - 2.2 - 2L - 3.2,,
49036,KIA,SPORTAGE,1.4 - 1.8 - 11.0L - 2.2 - 2L - 3.2,,
49036,KIA,SORENTO,1.4 - 1.8 - 11.0L - 2.2 - 2L - 3.2,,
49036,KIA,PICANTO,1.4 - 1.8 - 11.0L - 2.2 - 2L - 3.2,,
49036,KIA,CERATO,1.4 - 1.8 - 11.0L - 2.2 - 2L - 3.2,,
49036,KIA,RONDO,1.4 - 1.8 - 11.0L - 2.2 - 2L - 3.2,,
49036,LAND ROVER,DEFENDER,1.4 - 1.8 - 11.0L - 2.2 - 2L - 3.2,,
49036,LAND ROVER,FREELANDER,1.4 - 1.8 - 11.0L - 2.2 - 2L - 3.2,,
49036,LAND ROVER,RANGE ROVER,1.4 - 1.8 - 11.0L - 2.2 - 2L - 3.2,,
49036,MERCEDES BENZ,SPRINTER,1.4 - 1.8 - 11.0L - 2.2 - 2L - 3.2,,
49036,MERCEDES BENZ,VITO,1.4 - 1.8 - 11.0L - 2.2 - 2L - 3.2,,
49036,MERCEDES BENZ,VIANO,1.4 - 1.8 - 11.0L - 2.2 - 2L - 3.2,,
49036,MERCEDES BENZ,C240,1.4 - 1.8 - 11.0L - 2.2 - 2L - 3.2,,
49036,MERCEDES BENZ,C200,1.4 - 1.8 - 11.0L - 2.2 - 2L - 3.2,,
49036,MERCEDES BENZ,E320,1.4 - 1.8 - 11.0L - 2.2 - 2L - 3.2,,
49036,MERCEDES BENZ,A160,1.4 - 1.8 - 11.0L - 2.2 - 2L - 3.2,,
49036,MERCEDES BENZ,CLASE C,1.4 - 1.8 - 11.0L - 2.2 - 2L - 3.2,,
49036,MERCEDES BENZ,C220,1.4 - 1.8 - 11.0L - 2.2 - 2L - 3.2,,
49036,MERCEDES BENZ,CLASE E,1.4 - 1.8 - 11.0L - 2.2 - 2L - 3.2,,
49036,MERCEDES BENZ,S400,1.4 - 1.8 - 11.0L - 2.2 - 2L - 3.2,,
49036,MERCEDES BENZ,C270,1.4 - 1.8 - 11.0L - 2.2 - 2L - 3.2,,
49036,MERCEDES BENZ,A190,1.4 - 1.8 - 11.0L - 2.2 - 2L - 3.2,,
49036,MERCEDES BENZ,C230,1.4 - 1.8 - 11.0L - 2.2 - 2L - 3.2,,
49036,MERCEDES BENZ,ML320,1.4 - 1.8 - 11.0L - 2.2 - 2L - 3.2,,
49036,MERCEDES BENZ,ML270,1.4 - 1.8 - 11.0L - 2.2 - 2L - 3.2,,
49036,MERCEDES BENZ,E270,1.4 - 1.8 - 11.0L - 2.2 - 2L - 3.2,,
49036,MERCEDES BENZ,ML400,1.4 - 1.8 - 11.0L - 2.2 - 2L - 3.2,,
49036,MERCEDES BENZ,B200,1.4 - 1.8 - 11.0L - 2.2 - 2L - 3.2,,
49036,MERCEDES BENZ,S500,1.4 - 1.8 - 11.0L - 2.2 - 2L - 3.2,,
49036,MERCEDES BENZ,ML350,1.4 - 1.8 - 11.0L - 2.2 - 2L - 3.2,,
49036,MERCEDES BENZ,ML500,1.4 - 1.8 - 11.0L - 2.2 - 2L - 3.2,,
49036,MERCEDES BENZ,ML63,1.4 - 1.8 - 11.0L - 2.2 - 2L - 3.2,,
49036,MERCEDES BENZ,CLK500,1.4 - 1.8 - 11.0L - 2.2 - 2L - 3.2,,
49036,MERCEDES BENZ,SLK 350,1.4 - 1.8 - 11.0L - 2.2 - 2L - 3.2,,
49036,MERCEDES BENZ,B170,1.4 - 1.8 - 11.0L - 2.2 - 2L - 3.2,,
49036,MERCEDES BENZ,CLK350,1.4 - 1.8 - 11.0L - 2.2 - 2L - 3.2,,
49036,MITSUBISHI,MONTERO,1.4 - 1.8 - 11.0L - 2.2 - 2L - 3.2,,
49036,MITSUBISHI,L200,1.4 - 1.8 - 11.0L - 2.2 - 2L - 3.2,,
49036,MITSUBISHI,OUTLANDER,1.4 - 1.8 - 11.0L - 2.2 - 2L - 3.2,,
49036,NISSAN,SENTRA,1.4 - 1.8 - 11.0L - 2.2 - 2L - 3.2,,
49036,NISSAN,X-TRAIL,1.4 - 1.8 - 11.0L - 2.2 - 2L - 3.2,,
49036,NISSAN,TIIDA,1.4 - 1.8 - 11.0L - 2.2 - 2L - 3.2,,
49036,NISSAN,MURANO,1.4 - 1.8 - 11.0L - 2.2 - 2L - 3.2,,
49036,NISSAN,NP300,1.4 - 1.8 - 11.0L - 2.2 - 2L - 3.2,,
49036,NISSAN,VERSA,1.4 - 1.8 - 11.0L - 2.2 - 2L - 3.2,,
49036,PEUGEOT,206,1.4 - 1.8 - 11.0L - 2.2 - 2L - 3.2,,
49036,PEUGEOT,504,1.4 - 1.8 - 11.0L - 2.2 - 2L - 3.2,,
49036,PEUGEOT,205,1.4 - 1.8 - 11.0L - 2.2 - 2L - 3.2,,
49036,PEUGEOT,BOXER,1.4 - 1.8 - 11.0L - 2.2 - 2L - 3.2,,
49036,PEUGEOT,307,1.4 - 1.8 - 11.0L - 2.2 - 2L - 3.2,,
49036,PEUGEOT,EXPERT,1.4 - 1.8 - 11.0L - 2.2 - 2L - 3.2,,
49036,PEUGEOT,PARTNER,1.4 - 1.8 - 11.0L - 2.2 - 2L - 3.2,,
49036,PEUGEOT,308,1.4 - 1.8 - 11.0L - 2.2 - 2L - 3.2,,
49036,PEUGEOT,807,1.4 - 1.8 - 11.0L - 2.2 - 2L - 3.2,,
49036,PEUGEOT,508,1.4 - 1.8 - 11.0L - 2.2 - 2L - 3.2,,
49036,PEUGEOT,3008,1.4 - 1.8 - 11.0L - 2.2 - 2L - 3.2,,
49036,PEUGEOT,408,1.4 - 1.8 - 11.0L - 2.2 - 2L - 3.2,,
49036,PEUGEOT,208,1.4 - 1.8 - 11.0L - 2.2 - 2L - 3.2,,
49036,PEUGEOT,RCZ,1.4 - 1.8 - 11.0L - 2.2 - 2L - 3.2,,
49036,PEUGEOT,5008,1.4 - 1.8 - 11.0L - 2.2 - 2L - 3.2,,
49036,PEUGEOT,4008,1.4 - 1.8 - 11.0L - 2.2 - 2L - 3.2,,
49036,RENAULT,TRAFIC,1.4 - 1.8 - 11.0L - 2.2 - 2L - 3.2,,
49036,RENAULT,TWINGO,1.4 - 1.8 - 11.0L - 2.2 - 2L - 3.2,,
49036,SUBARU,FORESTER,1.4 - 1.8 - 11.0L - 2.2 - 2L - 3.2,,
49036,SUBARU,IMPREZA,1.4 - 1.8 - 11.0L - 2.2 - 2L - 3.2,,
49036,SUBARU,TRIBECA,1.4 - 1.8 - 11.0L - 2.2 - 2L - 3.2,,
49036,TOYOTA,HILUX,1.4 - 1.8 - 11.0L - 2.2 - 2L - 3.2,,
49036,TOYOTA,COROLLA,1.4 - 1.8 - 11.0L - 2.2 - 2L - 3.2,,
49036,TOYOTA,LAND CRUISER,1.4 - 1.8 - 11.0L - 2.2 - 2L - 3.2,,
49036,TOYOTA,PRIUS,1.4 - 1.8 - 11.0L - 2.2 - 2L - 3.2,,
49036,TOYOTA,ETIOS,1.4 - 1.8 - 11.0L - 2.2 - 2L - 3.2,,
49036,TOYOTA,PRADO,1.4 - 1.8 - 11.0L - 2.2 - 2L - 3.2,,
49036,VOLVO,V40,1.4 - 1.8 - 11.0L - 2.2 - 2L - 3.2,,
49036,VOLVO,XC70,1.4 - 1.8 - 11.0L - 2.2 - 2L - 3.2,,
49036,VOLVO,XC90,1.4 - 1.8 - 11.0L - 2.2 - 2L - 3.2,,
49036,VOLVO,XC60,1.4 - 1.8 - 11.0L - 2.2 - 2L - 3.2,,
49036,VW,SHARAN,1.4 - 1.8 - 11.0L - 2.2 - 2L - 3.2,,
49036,VW,SCIROCCO,1.4 - 1.8 - 11.0L - 2.2 - 2L - 3.2,,
49036,VW,UP,1.4 - 1.8 - 11.0L - 2.2 - 2L - 3.2,,
49036,VW,GOL POWER,1.4 - 1.8 - 11.0L - 2.2 - 2L - 3.2,,
49036,CHERY,TIGGO,1.4 - 1.8 - 11.0L - 2.2 - 2L - 3.2,,
49036,CHERY,FACE,1.4 - 1.8 - 11.0L - 2.2 - 2L - 3.2,,
49036,CHERY,QQ,1.4 - 1.8 - 11.0L - 2.2 - 2L - 3.2,,
310607,ALFA ROMEO,SPIDER,1.4 - 1.8 - 11.0L - 2.2 - 2L - 3.2,,
310607,ALFA ROMEO,SPIDER,1.4 - 1.8 - 11.0L - 2.2 - 2L - 3.2,,
310607,ALFA ROMEO,SPIDER,1.4 - 1.8 - 11.0L - 2.2 - 2L - 3.2,,
310607,ALFA ROMEO,159,1.4 - 1.8 - 11.0L - 2.2 - 2L - 3.2,,
310607,ALFA ROMEO,159,1.4 - 1.8 - 11.0L - 2.2 - 2L - 3.2,,
310607,ALFA ROMEO,159,1.4 - 1.8 - 11.0L - 2.2 - 2L - 3.2,,
310607,ALFA ROMEO,MITO,1.4 - 1.8 - 11.0L - 2.2 - 2L - 3.2,,
310607,ALFA ROMEO,BRERA,1.4 - 1.8 - 11.0L - 2.2 - 2L - 3.2,,
310607,ALFA ROMEO,BRERA,1.4 - 1.8 - 11.0L - 2.2 - 2L - 3.2,,
310607,ALFA ROMEO,BRERA,1.4 - 1.8 - 11.0L - 2.2 - 2L - 3.2,,
310607,AUDI,A3,1.4 - 1.8 - 11.0L - 2.2 - 2L - 3.2,,
310607,AUDI,A3,1.4 - 1.8 - 11.0L - 2.2 - 2L - 3.2,,
310607,AUDI,A4,1.4 - 1.8 - 11.0L - 2.2 - 2L - 3.2,,
310607,AUDI,TT,1.4 - 1.8 - 11.0L - 2.2 - 2L - 3.2,,
310607,AUDI,A5,1.4 - 1.8 - 11.0L - 2.2 - 2L - 3.2,,
310607,AUDI,A1,1.4 - 1.8 - 11.0L - 2.2 - 2L - 3.2,,
310607,BMW,X5,1.4 - 1.8 - 11.0L - 2.2 - 2L - 3.2,,
310607,BMW,X3,1.4 - 1.8 - 11.0L - 2.2 - 2L - 3.2,,
310607,BMW,X1,1.4 - 1.8 - 11.0L - 2.2 - 2L - 3.2,,
310607,CHEVROLET,VECTRA,1.4 - 1.8 - 11.0L - 2.2 - 2L - 3.2,,
310607,CHEVROLET,MERIVA,1.4 - 1.8 - 11.0L - 2.2 - 2L - 3.2,,
310607,CHEVROLET,ZAFIRA,1.4 - 1.8 - 11.0L - 2.2 - 2L - 3.2,,
310607,CHEVROLET,CELTA,1.4 - 1.8 - 11.0L - 2.2 - 2L - 3.2,,
310607,CHEVROLET,AVEO,1.4 - 1.8 - 11.0L - 2.2 - 2L - 3.2,,
310607,CHEVROLET,SPARK,1.4 - 1.8 - 11.0L - 2.2 - 2L - 3.2,,
310607,CHEVROLET,CAPTIVA,1.4 - 1.8 - 11.0L - 2.2 - 2L - 3.2,,
310607,CHEVROLET,AGILE,1.4 - 1.8 - 11.0L - 2.2 - 2L - 3.2,,
310607,CHEVROLET,MONTANA,1.4 - 1.8 - 11.0L - 2.2 - 2L - 3.2,,
310607,CHEVROLET,CRUZE,1.4 - 1.8 - 11.0L - 2.2 - 2L - 3.2,,
310607,CHEVROLET,SONIC,1.4 - 1.8 - 11.0L - 2.2 - 2L - 3.2,,
310607,CHEVROLET,ONIX,1.4 - 1.8 - 11.0L - 2.2 - 2L - 3.2,,
310607,CHEVROLET,CLASSIC,1.4 - 1.8 - 11.0L - 2.2 - 2L - 3.2,,
310607,CHRYSLER,PT CRUISER,1.4 - 1.8 - 11.0L - 2.2 - 2L - 3.2,,
310607,DODGE,JOURNEY,1.4 - 1.8 - 11.0L - 2.2 - 2L - 3.2,,
310607,FIAT,DUCATO,1.4 - 1.8 - 11.0L - 2.2 - 2L - 3.2,,
310607,FIAT,PALIO,1.4 - 1.8 - 11.0L - 2.2 - 2L - 3.2,,
310607,FIAT,SIENA,1.4 - 1.8 - 11.0L - 2.2 - 2L - 3.2,,
310607,FIAT,STRADA,1.4 - 1.8 - 11.0L - 2.2 - 2L - 3.2,,
310607,FIAT,500,1.4 - 1.8 - 11.0L - 2.2 - 2L - 3.2,,
310607,FIAT,500,1.4 - 1.8 - 11.0L - 2.2 - 2L - 3.2,,
310607,FIAT,PALIO WEEKEND,1.4 - 1.8 - 11.0L - 2.2 - 2L - 3.2,,
310607,FIAT,PUNTO,1.4 - 1.8 - 11.0L - 2.2 - 2L - 3.2,,
310607,FIAT,STILO,1.4 - 1.8 - 11.0L - 2.2 - 2L - 3.2,,
310607,FIAT,IDEA,1.4 - 1.8 - 11.0L - 2.2 - 2L - 3.2,,
310607,FIAT,ADVENTURE,1.4 - 1.8 - 11.0L - 2.2 - 2L - 3.2,,
310607,FIAT,LINEA,1.4 - 1.8 - 11.0L - 2.2 - 2L - 3.2,,
310607,FIAT,QUBO,1.4 - 1.8 - 11.0L - 2.2 - 2L - 3.2,,
310607,FIAT,PALIO FIRE,1.4 - 1.8 - 11.0L - 2.2 - 2L - 3.2,,
310607,FIAT,SIENA FIRE,1.4 - 1.8 - 11.0L - 2.2 - 2L - 3.2,,
310607,FORD,RANGER,1.4 - 1.8 - 11.0L - 2.2 - 2L - 3.2,,
310607,FORD,RANGER,1.4 - 1.8 - 11.0L - 2.2 - 2L - 3.2,,
310607,FORD,FIESTA,1.4 - 1.8 - 11.0L - 2.2 - 2L - 3.2,,
310607,FORD,KA,1.4 - 1.8 - 11.0L - 2.2 - 2L - 3.2,,
310607,FORD,FOCUS,1.4 - 1.8 - 11.0L - 2.2 - 2L - 3.2,,
310607,FORD,TRANSIT,1.4 - 1.8 - 11.0L - 2.2 - 2L - 3.2,,
310607,FORD,ECOSPORT,1.4 - 1.8 - 11.0L - 2.2 - 2L - 3.2,,
310607,HONDA,ACCORD,1.4 - 1.8 - 11.0L - 2.2 - 2L - 3.2,,
310607,HONDA,FIT,1.4 - 1.8 - 11.0L - 2.2 - 2L - 3.2,,
310607,HONDA,CRV,1.4 - 1.8 - 11.0L - 2.2 - 2L - 3.2,,
310607,HONDA,CITY,1.4 - 1.8 - 11.0L - 2.2 - 2L - 3.2,,
310607,HONDA,PILOT,1.4 - 1.8 - 11.0L - 2.2 - 2L - 3.2,,
310607,HYUNDAI,SANTA FE,1.4 - 1.8 - 11.0L - 2.2 - 2L - 3.2,,
310607,HYUNDAI,TUCSON,1.4 - 1.8 - 11.0L - 2.2 - 2L - 3.2,,
310607,HYUNDAI,GENESIS,1.4 - 1.8 - 11.0L - 2.2 - 2L - 3.2,,
310607,HYUNDAI,I30,1.4 - 1.8 - 11.0L - 2.2 - 2L - 3.2,,
310607,HYUNDAI,I10,1.4 - 1.8 - 11.0L - 2.2 - 2L - 3.2,,
310607,HYUNDAI,VELOSTER,1.4 - 1.8 - 11.0L - 2.2 - 2L - 3.2,,
310607,JEEP,PATRIOT,1.4 - 1.8 - 11.0L - 2.2 - 2L - 3.2,,
310607,KIA,SPORTAGE,1.4 - 1.8 - 11.0L - 2.2 - 2L - 3.2,,
310607,KIA,SORENTO,1.4 - 1.8 - 11.0L - 2.2 - 2L - 3.2,,
310607,KIA,PICANTO,1.4 - 1.8 - 11.0L - 2.2 - 2L - 3.2,,
310607,KIA,CERATO,1.4 - 1.8 - 11.0L - 2.2 - 2L - 3.2,,
310607,KIA,RONDO,1.4 - 1.8 - 11.0L - 2.2 - 2L - 3.2,,
310607,LAND ROVER,DEFENDER,1.4 - 1.8 - 11.0L - 2.2 - 2L - 3.2,,
310607,LAND ROVER,FREELANDER,1.4 - 1.8 - 11.0L - 2.2 - 2L - 3.2,,
310607,LAND ROVER,RANGE ROVER,1.4 - 1.8 - 11.0L - 2.2 - 2L - 3.2,,
310607,MITSUBISHI,MONTERO,1.4 - 1.8 - 11.0L - 2.2 - 2L - 3.2,,
310607,MITSUBISHI,L200,1.4 - 1.8 - 11.0L - 2.2 - 2L - 3.2,,
310607,MITSUBISHI,OUTLANDER,1.4 - 1.8 - 11.0L - 2.2 - 2L - 3.2,,
310607,NISSAN,SENTRA,1.4 - 1.8 - 11.0L - 2.2 - 2L - 3.2,,
310607,NISSAN,X-TRAIL,1.4 - 1.8 - 11.0L - 2.2 - 2L - 3.2,,
310607,NISSAN,TIIDA,1.4 - 1.8 - 11.0L - 2.2 - 2L - 3.2,,
310607,NISSAN,MURANO,1.4 - 1.8 - 11.0L - 2.2 - 2L - 3.2,,
310607,NISSAN,NP300,1.4 - 1.8 - 11.0L - 2.2 - 2L - 3.2,,
310607,NISSAN,VERSA,1.4 - 1.8 - 11.0L - 2.2 - 2L - 3.2,,
310607,PEUGEOT,206,1.4 - 1.8 - 11.0L - 2.2 - 2L - 3.2,,
310607,PEUGEOT,BOXER,1.4 - 1.8 - 11.0L - 2.2 - 2L - 3.2,,
310607,PEUGEOT,307,1.4 - 1.8 - 11.0L - 2.2 - 2L - 3.2,,
310607,PEUGEOT,EXPERT,1.4 - 1.8 - 11.0L - 2.2 - 2L - 3.2,,
310607,PEUGEOT,PARTNER,1.4 - 1.8 - 11.0L - 2.2 - 2L - 3.2,,
310607,PEUGEOT,308,1.4 - 1.8 - 11.0L - 2.2 - 2L - 3.2,,
310607,PEUGEOT,807,1.4 - 1.8 - 11.0L - 2.2 - 2L - 3.2,,
310607,PEUGEOT,508,1.4 - 1.8 - 11.0L - 2.2 - 2L - 3.2,,
310607,PEUGEOT,3008,1.4 - 1.8 - 11.0L - 2.2 - 2L - 3.2,,
310607,PEUGEOT,408,1.4 - 1.8 - 11.0L - 2.2 - 2L - 3.2,,
310607,PEUGEOT,208,1.4 - 1.8 - 11.0L - 2.2 - 2L - 3.2,,
310607,PEUGEOT,RCZ,1.4 - 1.8 - 11.0L - 2.2 - 2L - 3.2,,
310607,PEUGEOT,5008,1.4 - 1.8 - 11.0L - 2.2 - 2L - 3.2,,
310607,PEUGEOT,4008,1.4 - 1.8 - 11.0L - 2.2 - 2L - 3.2,,
310607,RENAULT,TWINGO,1.4 - 1.8 - 11.0L - 2.2 - 2L - 3.2,,
310607,SUBARU,FORESTER,1.4 - 1.8 - 11.0L - 2.2 - 2L - 3.2,,
310607,SUBARU,IMPREZA,1.4 - 1.8 - 11.0L - 2.2 - 2L - 3.2,,
310607,SUBARU,TRIBECA,1.4 - 1.8 - 11.0L - 2.2 - 2L - 3.2,,
310607,TOYOTA,HILUX,1.4 - 1.8 - 11.0L - 2.2 - 2L - 3.2,,
310607,TOYOTA,COROLLA,1.4 - 1.8 - 11.0L - 2.2 - 2L - 3.2,,
310607,TOYOTA,LAND CRUISER,1.4 - 1.8 - 11.0L - 2.2 - 2L - 3.2,,
310607,TOYOTA,PRIUS,1.4 - 1.8 - 11.0L - 2.2 - 2L - 3.2,,
310607,TOYOTA,ETIOS,1.4 - 1.8 - 11.0L - 2.2 - 2L - 3.2,,
310607,TOYOTA,PRADO,1.4 - 1.8 - 11.0L - 2.2 - 2L - 3.2,,
310607,VW,SHARAN,1.4 - 1.8 - 11.0L - 2.2 - 2L - 3.2,,
310607,VW,SCIROCCO,1.4 - 1.8 - 11.0L - 2.2 - 2L - 3.2,,
310607,VW,GOL POWER,1.4 - 1.8 - 11.0L - 2.2 - 2L - 3.2,,
310607,CHERY,TIGGO,1.4 - 1.8 - 11.0L - 2.2 - 2L - 3.2,,
310607,CHERY,QQ,1.4 - 1.8 - 11.0L - 2.2 - 2L - 3.2,,
392766,ALFA ROMEO,MITO,1.4 - 1.8 - 11.0L - 2.2 - 2L - 3.2,,
392766,VW,GOL POWER,1.4 - 1.8 - 11.0L - 2.2 - 2L - 3.2,,
49036,LAND ROVER,RANGE ROVER,1.4 - 1.8 - 11.0L - 2.2 - 2L - 3.2 - 3.6,,
310607,LAND ROVER,RANGE ROVER,1.4 - 1.8 - 11.0L - 2.2 - 2L - 3.2 - 3.6,,
49036,VW,TOUAREG,1.4 - 1.8 - 11.0L - 2.2 - 2L - 3.2 - 3.6 - 4.1,,
49036,AUDI,A8,1.4 - 1.8 - 11.0L - 2.2 - 2L - 3.2 - 4.2,,
49036,AUDI,Q7,1.4 - 1.8 - 11.0L - 2.2 - 2L - 3.2 - 4.2,,
49036,AUDI,RS5,1.4 - 1.8 - 11.0L - 2.2 - 2L - 3.2 - 4.2,,
49036,AUDI,R8,1.4 - 1.8 - 11.0L - 2.2 - 2L - 3.2 - 4.2,,
310607,AUDI,A8,1.4 - 1.8 - 11.0L - 2.2 - 2L - 3.2 - 4.2,,
310607,AUDI,Q7,1.4 - 1.8 - 11.0L - 2.2 - 2L - 3.2 - 4.2,,
310607,AUDI,RS5,1.4 - 1.8 - 11.0L - 2.2 - 2L - 3.2 - 4.2,,
310607,AUDI,R8,1.4 - 1.8 - 11.0L - 2.2 - 2L - 3.2 - 4.2,,
49036,VOLVO,S80,1.4 - 1.8 - 11.0L - 2.2 - 2L - 3.2 - T4F,,
49036,VOLVO,S60,1.4 - 1.8 - 11.0L - 2.2 - 2L - 3.2 - T4F,,
49036,VOLVO,V60,1.4 - 1.8 - 11.0L - 2.2 - 2L - 3.2 - T4F,,
410841,AUDI,A3,1.4 - 1.8 - 2.0,2013,
410841,VW,GOLF,1.4 - 1.8 - 2.0,2013,
410842,AUDI,A3,1.4 - 1.8 - 2.0,2013,
410842,VW,GOLF,1.4 - 1.8 - 2.0,2013,
552605,VW,QUANTUM,1.4 - 1.8 - 2.0,2009,2000
552605,VW,CARAT,1.4 - 1.8 - 2.0,2009,1992
552605,CHEVROLET,MONZA,1.4 - 2.0,2009,1998
552605,VW,SANTANA,1.4 - 2.0,2009,2007
142451,RENAULT,TRAFIC,1.4 - 2.0 - R11,,2003
142451,RENAULT,R9,1.4 - 2.0 - R11,,2003
142451,RENAULT,R11,1.4 - 2.0 - R11,,2003
142449,RENAULT,TRAFIC,1.4 - 2.0 - R11 - R18,,1995
357065,VW,GOLF,1.4 - 2.0L - AEX,,
357065,VW,FOX,1.4 - 2.0L - AEX,,
357065,VW,GOL TREND,1.4 - 2.0L - AEX,,
443969,CITROEN,C3,1.4 - 2.2L - DV4,,
443969,FORD,ECOSPORT,1.4 - 2.2L - DV4,,
168191,CHEVROLET,ASTRA,1.4 - 2.8 - DURAMAX - S10,,
168191,CHEVROLET,VECTRA,1.4 - 2.8 - DURAMAX - S10,,
168191,CHEVROLET,CORSA,1.4 - 2.8 - DURAMAX - S10,,
168191,CHEVROLET,S10,1.4 - 2.8 - DURAMAX - S10,,
168191,CHEVROLET,CALIBRA,1.4 - 2.8 - DURAMAX - S10,,
552908,FIAT,DUNA,1.4 - 2.8L - TIPO,1989,
552908,FIAT,FIORINO,1.4 - 2.8L - TIPO,1989,
552908,FIAT,UNO,1.4 - 2.8L - TIPO,1989,
552908,FIAT,TIPO,1.4 - 2.8L - TIPO,1989,
552931,FIAT,DUNA,1.4 - 2.8L - TIPO,1990,2001
552931,FIAT,TIPO,1.4 - 2.8L - TIPO,1990,2001
552931,FIAT,DUNA WEEKEND,1.4 - 2.8L - TIPO,1990,2001
552931,FIAT,PREMIO,1.4 - 2.8L - TIPO,1990,2001
456314,CHEVROLET,CORSA,1.4 - 8.5 - 9.5,2010,
456314,CHEVROLET,CORSA,1.4 - 8.5 - 9.5,2010,
456314,VW,FOX,1.4 - 8.5 - 9.5,2010,
456314,VW,SURAN,1.4 - 8.5 - 9.5,2010,
456314,VW,AMAROK,1.4 - 8.5 - 9.5,2010,
560072,SUZUKI,FUN,1.4 - F15,2001,
552906,CHEVROLET,CORSA,1.4 - F15 - F17,2000,
552906,CHEVROLET,CELTA,1.4 - F15 - F17,2000,
552906,CHEVROLET,AGILE,1.4 - F15 - F17,2000,
552906,CHEVROLET,PRISMA,1.4 - F15 - F17,2000,
552906,SUZUKI,FUN,1.4 - F15 - F17,2000,
556180,RENAULT,LOGAN,1.4L - 1.5 - 1.6 - 1.8L - 1.9L - 2.0 - 3.6L - 3.9L - DW10 - K4M - K7M - K9K,2013,
556180,RENAULT,SANDERO,1.4L - 1.5 - 1.6 - 1.8L - 1.9L - 2.0 - 3.6L - 3.9L - DW10 - K4M - K7M - K9K,2013,
556180,RENAULT,SYMBOL,1.4L - 1.5 - 1.6 - 1.8L - 1.9L - 2.0 - 3.6L - DW10 - K7M - K9K,2013,
556160,RENAULT,MEGANE,1.4L - 1.5 - 1.6 - 1.9L - 2.0 - 3.9L - F4R - K4M - K9K,2006,2011
406977,FORD,CARGO 2631,1.4L - 1.5L - 1.6L - 1.8L - 1.9L - 3L - 6BTAA - 6CT - 6CTAA - 8.3 - CUMMINS - OM904 - OM906,2422,2425
252386,AUDI,A6,1.4L - 1.6 - 1.6L - 1.8 - 1.9 - 1Y-AAZ - 2.0 - 2.0L - 2.3L - 2.9L - 4.0L - 4.1L - 4.6L - 5.3L - 8.3L - AAE - ADZ - AHU - AP1600 - AP1800 - AP2000,,
252386,AUDI,A6,1.4L - 1.6 - 1.6L - 1.8 - 1.9 - 1Y-AAZ - 2.0 - 2.0L - 2.3L - 2.9L - 4.0L - 4.1L - 4.6L - 5.3L - 8.3L - AAE - ADZ - AHU - AP1600 - AP1800 - AP2000,,
252386,AUDI,QUATTRO,1.4L - 1.6 - 1.6L - 1.8 - 1.9 - 1Y-AAZ - 2.0 - 2.0L - 2.3L - 2.9L - 4.0L - 4.1L - 4.6L - 5.3L - 8.3L - AAE - ADZ - AHU - AP1600 - AP1800 - AP2000,,
252386,FORD,ESCORT,1.4L - 1.6 - 1.6L - 1.8 - 1.9 - 1Y-AAZ - 2.0 - 2.0L - 2.3L - 2.9L - 4.0L - 4.1L - 4.6L - 5.3L - 8.3L - AAE - ADZ - AHU - AP1600 - AP1800 - AP2000,,
252386,FORD,ESCORT,1.4L - 1.6 - 1.6L - 1.8 - 1.9 - 1Y-AAZ - 2.0 - 2.0L - 2.3L - 2.9L - 4.0L - 4.1L - 4.6L - 5.3L - 8.3L - AAE - ADZ - AHU - AP1600 - AP1800 - AP2000,,
252386,FORD,ESCORT,1.4L - 1.6 - 1.6L - 1.8 - 1.9 - 1Y-AAZ - 2.0 - 2.0L - 2.3L - 2.9L - 4.0L - 4.1L - 4.6L - 5.3L - 8.3L - AAE - ADZ - AHU - AP1600 - AP1800 - AP2000,,
252386,FORD,ESCORT,1.4L - 1.6 - 1.6L - 1.8 - 1.9 - 1Y-AAZ - 2.0 - 2.0L - 2.3L - 2.9L - 4.0L - 4.1L - 4.6L - 5.3L - 8.3L - AAE - ADZ - AHU - AP1600 - AP1800 - AP2000,,
252386,SEAT,IBIZA,1.4L - 1.6 - 1.6L - 1.8 - 1.9 - 1Y-AAZ - 2.0 - 2.0L - 2.3L - 2.9L - 4.0L - 4.1L - 4.6L - 5.3L - 8.3L - AAE - ADZ - AHU - AP1600 - AP1800 - AP2000,,
252386,SEAT,IBIZA,1.4L - 1.6 - 1.6L - 1.8 - 1.9 - 1Y-AAZ - 2.0 - 2.0L - 2.3L - 2.9L - 4.0L - 4.1L - 4.6L - 5.3L - 8.3L - AAE - ADZ - AHU - AP1600 - AP1800 - AP2000,,
252386,SEAT,CORDOBA,1.4L - 1.6 - 1.6L - 1.8 - 1.9 - 1Y-AAZ - 2.0 - 2.0L - 2.3L - 2.9L - 4.0L - 4.1L - 4.6L - 5.3L - 8.3L - AAE - ADZ - AHU - AP1600 - AP1800 - AP2000,,
252386,SEAT,CORDOBA,1.4L - 1.6 - 1.6L - 1.8 - 1.9 - 1Y-AAZ - 2.0 - 2.0L - 2.3L - 2.9L - 4.0L - 4.1L - 4.6L - 5.3L - 8.3L - AAE - ADZ - AHU - AP1600 - AP1800 - AP2000,,
252386,SEAT,TOLEDO,1.4L - 1.6 - 1.6L - 1.8 - 1.9 - 1Y-AAZ - 2.0 - 2.0L - 2.3L - 2.9L - 4.0L - 4.1L - 4.6L - 5.3L - 8.3L - AAE - ADZ - AHU - AP1600 - AP1800 - AP2000,,
252386,SEAT,TOLEDO,1.4L - 1.6 - 1.6L - 1.8 - 1.9 - 1Y-AAZ - 2.0 - 2.0L - 2.3L - 2.9L - 4.0L - 4.1L - 4.6L - 5.3L - 8.3L - AAE - ADZ - AHU - AP1600 - AP1800 - AP2000,,
252386,VW,GOL,1.4L - 1.6 - 1.6L - 1.8 - 1.9 - 1Y-AAZ - 2.0 - 2.0L - 2.3L - 2.9L - 4.0L - 4.1L - 4.6L - 5.3L - 8.3L - AAE - ADZ - AHU - AP1600 - AP1800 - AP2000,,
252386,VW,POLO,1.4L - 1.6 - 1.6L - 1.8 - 1.9 - 1Y-AAZ - 2.0 - 2.0L - 2.3L - 2.9L - 4.0L - 4.1L - 4.6L - 5.3L - 8.3L - AAE - ADZ - AHU - AP1600 - AP1800 - AP2000,,
252386,VW,POLO,1.4L - 1.6 - 1.6L - 1.8 - 1.9 - 1Y-AAZ - 2.0 - 2.0L - 2.3L - 2.9L - 4.0L - 4.1L - 4.6L - 5.3L - 8.3L - AAE - ADZ - AHU - AP1600 - AP1800 - AP2000,,
252386,VW,POLO,1.4L - 1.6 - 1.6L - 1.8 - 1.9 - 1Y-AAZ - 2.0 - 2.0L - 2.3L - 2.9L - 4.0L - 4.1L - 4.6L - 5.3L - 8.3L - AAE - ADZ - AHU - AP1600 - AP1800 - AP2000,,
16956,VW,GACEL,1.4L - 1.6 - 1.6L - 1.8 - 2.0 - 2.0L - 2.3L - 4.0L - 8.3L - AP1600 - AP1800 - AP2000 - AP800,2000,
16956,VW,GOL,1.4L - 1.6 - 1.6L - 1.8 - 2.0 - 2.0L - 2.3L - 4.0L - 8.3L - AP1600 - AP1800 - AP2000 - AP800,2000,
16956,VW,GOL,1.4L - 1.6 - 1.6L - 1.8 - 2.0 - 2.0L - 2.3L - 4.0L - 8.3L - AP1600 - AP1800 - AP2000 - AP800,2000,
16956,VW,GOL,1.4L - 1.6 - 1.6L - 1.8 - 2.0 - 2.0L - 2.3L - 4.0L - 8.3L - AP1600 - AP1800 - AP2000 - AP800,2000,
16956,VW,CARAT,1.4L - 1.6 - 1.6L - 1.8 - 2.0 - 2.0L - 2.3L - 4.0L - 8.3L - AP1600 - AP1800 - AP2000 - AP800,2000,
16956,VW,CARAT,1.4L - 1.6 - 1.6L - 1.8 - 2.0 - 2.0L - 2.3L - 4.0L - 8.3L - AP1600 - AP1800 - AP2000 - AP800,2000,
16956,VW,CARAT,1.4L - 1.6 - 1.6L - 1.8 - 2.0 - 2.0L - 2.3L - 4.0L - 8.3L - AP1600 - AP1800 - AP2000 - AP800,2000,
16956,VW,CARAT,1.4L - 1.6 - 1.6L - 1.8 - 2.0 - 2.0L - 2.3L - 4.0L - 8.3L - AP1600 - AP1800 - AP2000 - AP800,2000,
450552,VW,GOL,1.4L - 1.6 - 1.6L - 1.8 - 2.0 - 2.0L - 3.8L - 4.3L - AP,,
552206,PEUGEOT,206,1.4L - 1.6 - 1.6L - 1.9 - 1.9L - 2.0 - 2.0L - 2.8L - 3.9L - DW10TD - TU5J4 - TU5JP4,2010,2012
552206,PEUGEOT,206,1.4L - 1.6 - 1.6L - 1.9 - 1.9L - 2.0 - 2.0L - 2.8L - 3.9L - DW10TD - TU5JP - TU5JP4,2010,2012
552206,PEUGEOT,206,1.4L - 1.6 - 1.6L - 1.9 - 1.9L - 2.0 - 2.0L - 2.8L - 5.9L - DW10TD - DW8-L3 - TU5JP4,2010,2012
552206,CITROEN,C4,1.4L - 1.6 - 1.6L - 1.9 - 1.9L - 2.0 - 2.0L - 2.8L - DW10TD - EW10J4 - TU5JP4,2010,2012
552206,CITROEN,BERLINGO,1.4L - 1.6 - 1.6L - 1.9 - 1.9L - 2.0 - 2.0L - 2.8L - DW10TD - TU5JP4,2010,2012
552206,CITROEN,BERLINGO,1.4L - 1.6 - 1.6L - 1.9 - 1.9L - 2.0 - 2.0L - 2.8L - DW10TD - TU5JP4,2010,2012
552206,CITROEN,BERLINGO,1.4L - 1.6 - 1.6L - 1.9 - 1.9L - 2.0 - 2.0L - 2.8L - DW10TD - TU5JP4,2010,2012
552206,CITROEN,BERLINGO,1.4L - 1.6 - 1.6L - 1.9 - 1.9L - 2.0 - 2.0L - 2.8L - DW10TD - TU5JP4,2010,2012
552206,CITROEN,C3,1.4L - 1.6 - 1.6L - 1.9 - 1.9L - 2.0 - 2.0L - 2.8L - DW10TD - TU5JP4,2010,2012
552206,CITROEN,C4,1.4L - 1.6 - 1.6L - 1.9 - 1.9L - 2.0 - 2.0L - 2.8L - DW10TD - TU5JP4,2010,2012
552206,CITROEN,C4,1.4L - 1.6 - 1.6L - 1.9 - 1.9L - 2.0 - 2.0L - 2.8L - DW10TD - TU5JP4,2010,2012
49004,RENAULT,DUSTER,1.4L - 1.6 - 1.6L - 1.9L - 3.9L - F4R - K4M,,
49004,RENAULT,MEGANE II,1.4L - 1.6 - 1.6L - 1.9L - 3.9L - F4R - K4M,,
142298,SEAT,LEON,1.4L - 1.6 - 1.6L - 2.0 - 2.0L,,
142298,VW,GOLF,1.4L - 1.6 - 1.6L - 2.0 - 2.0L,,
142298,VW,PASSAT,1.4L - 1.6 - 1.6L - 2.0 - 2.0L,,
142298,VW,BORA,1.4L - 1.6 - 1.6L - 2.0 - 2.0L,,
142298,VW,FOX,1.4L - 1.6 - 1.6L - 2.0 - 2.0L,,
142298,VW,SURAN,1.4L - 1.6 - 1.6L - 2.0 - 2.0L,,
367972,VW,GOLF,1.4L - 1.6 - 1.6L - 2.0 - 2.0L,2002,
367972,VW,GOLF,1.4L - 1.6 - 1.6L - 2.0 - 2.0L,2002,
367972,VW,POLO,1.4L - 1.6 - 1.6L - 2.0 - 2.0L,2002,
367972,VW,FOX,1.4L - 1.6 - 1.6L - 2.0 - 2.0L,2002,
367972,VW,SURAN,1.4L - 1.6 - 1.6L - 2.0 - 2.0L,2002,
423002,VOLVO,V50,1.4L - 1.6 - 1.6L - 2.0 - 2.0L - 3.0,,
49004,RENAULT,KANGOO,1.4L - 1.6 - 1.6L - 3.6L - 3.9L - K4M - K7M,,
49004,RENAULT,SYMBOL,1.4L - 1.6 - 1.6L - 3.6L - 3.9L - K4M - K7M,,
416891,RENAULT,CLIO,1.4L - 1.6 - 1.6L - 3.6L - 3.9L - K4M - K7M,,2016
416891,RENAULT,MEGANE,1.4L - 1.6 - 1.6L - 3.6L - 3.9L - K4M - K7M,,2016
416891,RENAULT,KANGOO,1.4L - 1.6 - 1.6L - 3.6L - 3.9L - K4M - K7M,,2016
416891,RENAULT,LOGAN,1.4L - 1.6 - 1.6L - 3.6L - 3.9L - K4M - K7M,,2016
416891,RENAULT,SANDERO,1.4L - 1.6 - 1.6L - 3.6L - 3.9L - K4M - K7M,,2016
456528,RENAULT,CLIO,1.4L - 1.6 - 1.6L - 3.6L - 3.9L - K4M - K7M - R19,,
456528,RENAULT,CLIO,1.4L - 1.6 - 1.6L - 3.6L - 3.9L - K4M - K7M - R19,,
456528,RENAULT,R19,1.4L - 1.6 - 1.6L - 3.6L - 3.9L - K4M - K7M - R19,,
49004,RENAULT,LOGAN,1.4L - 1.6 - 1.6L - 3.6L - K7M,,
49004,RENAULT,CLIO II,1.4L - 1.6 - 1.6L - 3.9L - K4M,,
49004,RENAULT,SANDERO,1.4L - 1.6 - 1.6L - 3.9L - K4M,,
435039,RENAULT,,1.4L - 1.6 - 1.6L - 3.9L - K4M,,
49004,RENAULT,FLUENCE,1.4L - 1.6 - 1.6L - 3.9L - K4M - M4R,,
423002,VOLVO,C30,1.4L - 1.6 - 1.8 - 2.0 - 2.0L - 2.4 - 3.0,,
552198,AUDI,A3,1.4L - 1.6 - 1.8 - 2.0 - 2.0L - 2.5 - 4.5L - BFB - BKD,2005,2006
552198,AUDI,A3,1.4L - 1.6 - 1.8 - 2.0 - 2.0L - 2.5 - 4.5L - BFB - BKD,2005,2006
552198,AUDI,A3,1.4L - 1.6 - 1.8 - 2.0 - 2.0L - 2.5 - 4.5L - BFB - BKD,2005,2006
552198,VW,PASSAT,1.4L - 1.6 - 1.8 - 2.0 - 2.0L - 2.5 - 4.5L - BFB - BKD,2005,2006
552198,VW,VENTO,1.4L - 1.6 - 1.8 - 2.0 - 2.0L - 2.5 - 4.5L - BFB - BKD,2005,2006
552198,VW,VENTO,1.4L - 1.6 - 1.8 - 2.0 - 2.0L - 2.5 - 4.5L - BFB - BKD,2005,2006
552198,VW,TIGUAN,1.4L - 1.6 - 1.8 - 2.0 - 2.0L - 2.5 - 4.5L - BFB - BKD,2005,2006
423002,VOLVO,S40,1.4L - 1.6 - 1.8 - 2.0 - 2.0L - 3.0,,
568613,RENAULT,MEGANE,1.4L - 1.6 - 2.0 - 3.9L - 8.0L - F3R - F5R - K4M - N7Q,,
568613,RENAULT,KANGOO,1.4L - 1.6 - 2.0 - 3.9L - 8.0L - F3R - F5R - K4M - N7Q,,
568613,RENAULT,LAGUNA,1.4L - 1.6 - 2.0 - 3.9L - 8.0L - F3R - F5R - K4M - N7Q,,
568613,RENAULT,SCENIC,1.4L - 1.6 - 2.0 - 3.9L - 8.0L - F3R - F5R - K4M - N7Q,,
560141,RENAULT,CLIO,1.4L - 1.6 - 2.5L - 3.6L - C2L - C3L - K7M - R11 - R12 - R18,1989,
560141,RENAULT,EXPRESS,1.4L - 1.6 - 2.5L - 3.6L - C2L - C3L - K7M - R11 - R12 - R18,1989,
357142,RENAULT,CLIO,1.4L - 1.6 - 3.6L - 3.9L - K4M - K7M,2001,
357142,RENAULT,KANGOO,1.4L - 1.6 - 3.6L - 3.9L - K4M - K7M,2001,
357142,RENAULT,DUSTER,1.4L - 1.6 - 3.6L - 3.9L - K4M - K7M,2001,
357142,RENAULT,LOGAN,1.4L - 1.6 - 3.6L - 3.9L - K4M - K7M,2001,
323905,RENAULT,MEGANE,1.4L - 1.6 - 3.6L - K7M,,40
456305,RENAULT,MEGANE,1.4L - 1.6 - 3.6L - K7M,,
456305,RENAULT,SCENIC,1.4L - 1.6 - 3.6L - K7M,,
565866,RENAULT,LOGAN,1.4L - 1.6 - 3.6L - K7M,2011,
565866,RENAULT,SANDERO,1.4L - 1.6 - 3.6L - K7M,2011,
565866,RENAULT,SYMBOL,1.4L - 1.6 - 3.6L - K7M,2011,
212752,RENAULT,CLIO,1.4L - 1.6 - 3.9L - K4M,,
212752,RENAULT,MEGANE,1.4L - 1.6 - 3.9L - K4M,,
212752,RENAULT,SCENIC,1.4L - 1.6 - 3.9L - K4M,,
219826,RENAULT,CLIO,1.4L - 1.6 - 3.9L - K4M,,
219826,RENAULT,MEGANE,1.4L - 1.6 - 3.9L - K4M,,
219826,RENAULT,SCENIC,1.4L - 1.6 - 3.9L - K4M,,
219827,RENAULT,CLIO,1.4L - 1.6 - 3.9L - K4M,,
219827,RENAULT,MEGANE,1.4L - 1.6 - 3.9L - K4M,,
219827,RENAULT,SCENIC,1.4L - 1.6 - 3.9L - K4M,,
296244,RENAULT,,1.4L - 1.6 - 3.9L - K4M,,
427625,VARIOS,,1.4L - 1.6 - 3.9L - K4M,143,5010
427628,VARIOS,,1.4L - 1.6 - 3.9L - K4M,,
560120,RENAULT,CLIO,1.4L - 1.6 - 3.9L - K4M,2000,
560120,RENAULT,KANGOO,1.4L - 1.6 - 3.9L - K4M,2000,
560120,RENAULT,LOGAN,1.4L - 1.6 - 3.9L - K4M,2000,
560120,RENAULT,SANDERO,1.4L - 1.6 - 3.9L - K4M,2000,
560120,RENAULT,SYMBOL,1.4L - 1.6 - 3.9L - K4M,2000,
406977,FORD,CARGO 2628,1.4L - 1.6L - 1.8L - 1.9L - 3L - 5.9 - 6CT - 6CTAA - 8.3 - CUMMINS - ISBE - OM904 - OM906,2422,2425
406977,FORD,CARGO 2632,1.4L - 1.6L - 1.8L - 1.9L - 3L - 6CT - 6CTAA - 8.3 - CUMMINS - ISC - OM904 - OM906,2422,2425
406977,FORD,CARGO 1932,1.4L - 1.6L - 1.8L - 1.9L - 3L - 6CT - 6CTAA - 8.3 - CUMMINS - ISCE - OM904 - OM906,2422,2425
406977,CUMMINS,-,1.4L - 1.6L - 1.8L - 1.9L - 3L - 6CT - 6CTAA - 8.3 - CUMMINS - OM904 - OM906,2422,2425
406977,FORD,CARGO 1622,1.4L - 1.6L - 1.8L - 1.9L - 3L - 6CT - 6CTAA - 8.3 - CUMMINS - OM904 - OM906,2422,2425
406977,FORD,CARGO 1722,1.4L - 1.6L - 1.8L - 1.9L - 3L - 6CT - 6CTAA - 8.3 - CUMMINS - OM904 - OM906,2422,2425
406977,FORD,CARGO 1722,1.4L - 1.6L - 1.8L - 1.9L - 3L - 6CT - 6CTAA - 8.3 - CUMMINS - OM904 - OM906,2422,2425
406977,FORD,CARGO 1722,1.4L - 1.6L - 1.8L - 1.9L - 3L - 6CT - 6CTAA - 8.3 - CUMMINS - OM904 - OM906,2422,2425
406977,FORD,CARGO 1831,1.4L - 1.6L - 1.8L - 1.9L - 3L - 6CT - 6CTAA - 8.3 - CUMMINS - OM904 - OM906,2422,2425
406977,FORD,CARGO 2626,1.4L - 1.6L - 1.8L - 1.9L - 3L - 6CT - 6CTAA - 8.3 - CUMMINS - OM904 - OM906,2422,2425
406977,FORD,CARGO 2631,1.4L - 1.6L - 1.8L - 1.9L - 3L - 6CT - 6CTAA - 8.3 - CUMMINS - OM904 - OM906,2422,2425
406977,FORD,CARGO 1730,1.4L - 1.6L - 1.8L - 1.9L - 3L - 6CT - 6CTAA - 8.3 - CUMMINS - OM904 - OM906,2422,2425
315001,CUMMINS,-,1.4L - 1.6L - 1.8L - 11.0L - 2L - 4.2 - 6.4 - CUMMINS - ISB - OM904 - OM906,,
315001,MERCEDES BENZ,1622,1.4L - 1.6L - 1.8L - 11.0L - 2L - 4.2 - 6.4 - CUMMINS - ISB - OM904 - OM906,,
315001,MERCEDES BENZ,915,1.4L - 1.6L - 1.8L - 11.0L - 2L - 4.2 - 6.4 - CUMMINS - ISB - OM904 - OM906,,
359553,CUMMINS,-,1.4L - 1.6L - 1.8L - 11.0L - 2L - 4.2 - 6.4 - CUMMINS - ISB - OM904 - OM906,,
359553,MERCEDES BENZ,1622,1.4L - 1.6L - 1.8L - 11.0L - 2L - 4.2 - 6.4 - CUMMINS - ISB - OM904 - OM906,,
359553,MERCEDES BENZ,915,1.4L - 1.6L - 1.8L - 11.0L - 2L - 4.2 - 6.4 - CUMMINS - ISB - OM904 - OM906,,
456379,FORD,CARGO 816,1.4L - 1.6L - 1.8L - 4.5 - 6.7 - CUMMINS - ISB - ISBE - ISF,2012,
456379,FORD,CARGO 2628,1.4L - 1.6L - 1.8L - 4.5 - 6.7 - CUMMINS - ISB - ISBE - ISF,2012,
456379,FORD,CARGO 2623,1.4L - 1.6L - 1.8L - 4.5 - 6.7 - CUMMINS - ISB - ISBE - ISF,2012,
456379,FORD,CARGO 2629,1.4L - 1.6L - 1.8L - 4.5 - 6.7 - CUMMINS - ISB - ISBE - ISF,2012,
456379,FORD,CARGO 1319,1.4L - 1.6L - 1.8L - 4.5 - 6.7 - CUMMINS - ISB - ISBE - ISF,2012,
456379,FORD,CARGO 1519,1.4L - 1.6L - 1.8L - 4.5 - 6.7 - CUMMINS - ISB - ISBE - ISF,2012,
456379,FORD,CARGO 2423,1.4L - 1.6L - 1.8L - 4.5 - 6.7 - CUMMINS - ISB - ISBE - ISF,2012,
456379,FORD,CARGO 2429,1.4L - 1.6L - 1.8L - 4.5 - 6.7 - CUMMINS - ISB - ISBE - ISF,2012,
500364,IVECO,STRALIS,1.4L - 1.6L - 1.8L - 6.4L - CUMMINS - CUMMINS INTERACT - CURSOR 13 - ISBE - OM904 - OM906 - OM924,1998,
500364,FORD,-,1.4L - 1.6L - 1.8L - CUMMINS - CUMMINS INTERACT - ISBE - OM904 - OM906 - OM924,1998,
500364,MERCEDES BENZ,,1.4L - 1.6L - 1.8L - CUMMINS - CUMMINS INTERACT - ISBE - OM904 - OM906 - OM924,1998,
500364,MERCEDES BENZ,914,1.4L - 1.6L - 1.8L - CUMMINS - CUMMINS INTERACT - ISBE - OM904 - OM906 - OM924,1998,
500364,MERCEDES BENZ,1215,1.4L - 1.6L - 1.8L - CUMMINS - CUMMINS INTERACT - ISBE - OM904 - OM906 - OM924,1998,
500364,MERCEDES BENZ,1218,1.4L - 1.6L - 1.8L - CUMMINS - CUMMINS INTERACT - ISBE - OM904 - OM906 - OM924,1998,
500364,MERCEDES BENZ,1618,1.4L - 1.6L - 1.8L - CUMMINS - CUMMINS INTERACT - ISBE - OM904 - OM906 - OM924,1998,
500364,MERCEDES BENZ,712,1.4L - 1.6L - 1.8L - CUMMINS - CUMMINS INTERACT - ISBE - OM904 - OM906 - OM924,1998,
500364,MERCEDES BENZ,ATEGO,1.4L - 1.6L - 1.8L - CUMMINS - CUMMINS INTERACT - ISBE - OM904 - OM906 - OM924,1998,
500364,MERCEDES BENZ,ACCELO,1.4L - 1.6L - 1.8L - CUMMINS - CUMMINS INTERACT - ISBE - OM904 - OM906 - OM924,1998,
500364,MERCEDES BENZ,ATRON,1.4L - 1.6L - 1.8L - CUMMINS - CUMMINS INTERACT - ISBE - OM904 - OM906 - OM924,1998,
428740,MERCEDES BENZ,AXOR,1.4L - 1.6L - 1.8L - CUMMINS - CUMMINS INTERACT - ISBE - OM926LA,2008,2010
460952,TOYOTA,COROLLA,1.4L - 1.6L - 2.0 - 2.0L - 3.5 - 4.6 - D4D,2007,
460952,LEXUS,,1.4L - 1.6L - 2.0 - 2.0L - 3.5 - 4.6 - D4D,2007,
425806,MERCEDES BENZ,-,1.4L - 1.6L - OM904 - OM906,,
425806,MERCEDES BENZ,-,1.4L - 1.6L - OM904 - OM906,,
392766,MITSUBISHI,LANCER,1.4L - 1.8 - 11.0L - 2.0 - 2.0L - 2.2 - 2L - 3.2,,
392766,PEUGEOT,EXPERT,1.4L - 1.8 - 11.0L - 2.0 - 2.0L - 2.2 - 2L - 3.2,,
392766,PEUGEOT,807,1.4L - 1.8 - 11.0L - 2.0 - 2.0L - 2.2 - 2L - 3.2,,
392766,VW,TIGUAN,1.4L - 1.8 - 11.0L - 2.0 - 2.0L - 2.2 - 2L - 3.2,,
358449,TOYOTA,HILUX,1.4L - 1.8 - 1AZFE - 1KD-FTV - 1ZZ-FE - 2.0 - 2.0L - 2.5 - 2GRFE - 2KD-FTV - 3.0 - 3.5 - 4.2L - 9.0L,2001,
358449,TOYOTA,HILUX,1.4L - 1.8 - 1AZFE - 1KD-FTV - 1ZZ-FE - 2.0 - 2.0L - 2.5 - 2GRFE - 2KD-FTV - 3.0 - 3.5 - 4.2L - 9.0L,2001,
358449,TOYOTA,COROLLA,1.4L - 1.8 - 1AZFE - 1KD-FTV - 1ZZ-FE - 2.0 - 2.0L - 2.5 - 2GRFE - 2KD-FTV - 3.0 - 3.5 - 4.2L - 9.0L,2001,
358449,TOYOTA,CAMRY,1.4L - 1.8 - 1AZFE - 1KD-FTV - 1ZZ-FE - 2.0 - 2.0L - 2.5 - 2GRFE - 2KD-FTV - 3.0 - 3.5 - 4.2L - 9.0L,2001,
358449,TOYOTA,RAV 4,1.4L - 1.8 - 1AZFE - 1KD-FTV - 1ZZ-FE - 2.0 - 2.0L - 2.5 - 2GRFE - 2KD-FTV - 3.0 - 3.5 - 4.2L - 9.0L,2001,
358449,TOYOTA,FIELDER,1.4L - 1.8 - 1AZFE - 1KD-FTV - 1ZZ-FE - 2.0 - 2.0L - 2.5 - 2GRFE - 2KD-FTV - 3.0 - 3.5 - 4.2L - 9.0L,2001,
358449,LEXUS,,1.4L - 1.8 - 1AZFE - 1KD-FTV - 1ZZ-FE - 2.0 - 2.0L - 2.5 - 2GRFE - 2KD-FTV - 3.0 - 3.5 - 4.2L - 9.0L,2001,
45484,VW,GACEL,1.4L - 1.8 - 2.0 - 2.0L,,
45484,VW,GOL,1.4L - 1.8 - 2.0 - 2.0L,,
45484,VW,SENDA,1.4L - 1.8 - 2.0 - 2.0L,,
45484,VW,CARAT,1.4L - 1.8 - 2.0 - 2.0L,,
45484,VW,CARAT,1.4L - 1.8 - 2.0 - 2.0L,,
45484,VW,SAVEIRO,1.4L - 1.8 - 2.0 - 2.0L,,
357145,CHEVROLET,ASTRA,1.4L - 1.8 - 2.0 - 2.0L,,
357145,CHEVROLET,ASTRA,1.4L - 1.8 - 2.0 - 2.0L,,
357145,CHEVROLET,CORSA,1.4L - 1.8 - 2.0 - 2.0L,,
552634,FIAT,PALIO,1.4L - 1.8 - 2.0L - FIRE,2002,
552634,FIAT,SIENA,1.4L - 1.8 - 2.0L - FIRE,2002,
552634,FIAT,FIORINO,1.4L - 1.8 - 2.0L - FIRE,2002,
552634,FIAT,STRADA,1.4L - 1.8 - 2.0L - FIRE,2002,
552634,FIAT,PALIO WEEKEND,1.4L - 1.8 - 2.0L - FIRE,2002,
552634,FIAT,IDEA,1.4L - 1.8 - 2.0L - FIRE,2002,
449977,FORD,CARGO,1.4L - 1.8L - 1.9L - 250 - 5.9 - 6.7 - CUMMINS - ISB,250,1517
372299,CUMMINS,-,1.4L - 1.8L - 4B - 4BTAA - CUMMINS,,
372299,CUMMINS,-,1.4L - 1.8L - 4B - 4BTAA - CUMMINS,,
310709,CUMMINS,-,1.4L - 1.8L - 6.0 - CUMMINS - ISB,,
310709,CUMMINS,-,1.4L - 1.8L - 6.0 - CUMMINS - ISB,,
323660,CUMMINS,,1.4L - 1.8L - CUMMINS - ISB,,
373638,FORD,CARGO,1.4L - 1.8L - CUMMINS - ISB,1317,1717
409981,VARIOS,,1.4L - 1.8L - CUMMINS - ISB,,
350914,MWM,-,1.4L - 1.8L - MWM - MWM SPRINT 4.07T - MWM SPRINT 6.07T,,
350914,MWM,-,1.4L - 1.8L - MWM - MWM SPRINT 4.07T - MWM SPRINT 6.07T,,
432228,AUDI,A3,1.4L - 1.9 - 2.0 - 2.0L,,
432228,AUDI,A3,1.4L - 1.9 - 2.0 - 2.0L,,
432228,AUDI,A4,1.4L - 1.9 - 2.0 - 2.0L,,
432228,AUDI,A4,1.4L - 1.9 - 2.0 - 2.0L,,
432228,AUDI,A6,1.4L - 1.9 - 2.0 - 2.0L,,
432228,AUDI,A6,1.4L - 1.9 - 2.0 - 2.0L,,
432228,MITSUBISHI,LANCER,1.4L - 1.9 - 2.0 - 2.0L,,
432228,MITSUBISHI,OUTLANDER,1.4L - 1.9 - 2.0 - 2.0L,,
432228,SEAT,IBIZA,1.4L - 1.9 - 2.0 - 2.0L,,
432228,SEAT,IBIZA,1.4L - 1.9 - 2.0 - 2.0L,,
432228,SEAT,TOLEDO,1.4L - 1.9 - 2.0 - 2.0L,,
432228,SEAT,TOLEDO,1.4L - 1.9 - 2.0 - 2.0L,,
432228,SEAT,LEON,1.4L - 1.9 - 2.0 - 2.0L,,
432228,SEAT,LEON,1.4L - 1.9 - 2.0 - 2.0L,,
432228,SEAT,ALTEA,1.4L - 1.9 - 2.0 - 2.0L,,
432228,SEAT,ALTEA,1.4L - 1.9 - 2.0 - 2.0L,,
432228,VW,GOLF,1.4L - 1.9 - 2.0 - 2.0L,,
197542,FORD,F100,1.4L - 1.9L - 11.0L - 2.0 - 2.0L - 2.2 - 2.3 - 2L - 3.6 - 3L - R18 - R21,,
197542,FORD,FALCON,1.4L - 1.9L - 11.0L - 2.0 - 2.0L - 2.2 - 2.3 - 2L - 3.6 - 3L - R18 - R21,,
197542,FORD,SIERRA,1.4L - 1.9L - 11.0L - 2.0 - 2.0L - 2.2 - 2.3 - 2L - 3.6 - 3L - R18 - R21,,
197542,FORD,TAUNUS,1.4L - 1.9L - 11.0L - 2.0 - 2.0L - 2.2 - 2.3 - 2L - 3.6 - 3L - R18 - R21,,
197542,RENAULT,R18,1.4L - 1.9L - 11.0L - 2.0 - 2.0L - 2.2 - 2.3 - 2L - 3.6 - 3L - R18 - R21,,
197542,RENAULT,R21,1.4L - 1.9L - 11.0L - 2.0 - 2.0L - 2.2 - 2.3 - 2L - 3.6 - 3L - R18 - R21,,
197542,RENAULT,FUEGO,1.4L - 1.9L - 11.0L - 2.0 - 2.0L - 2.2 - 2.3 - 2L - 3.6 - 3L - R18 - R21,,
197542,RENAULT,TRAFIC,1.4L - 1.9L - 11.0L - 2.0 - 2.0L - 2.2 - 2.3 - 2L - 3.6 - 3L - R18 - R21,,
197542,RENAULT,TRAFIC,1.4L - 1.9L - 11.0L - 2.0 - 2.0L - 2.2 - 2.3 - 2L - 3.6 - 3L - R18 - R21,,
423002,LAND ROVER,RANGE ROVER,1.4L - 1.9L - 2.0 - 2.0L - 3.0 - 3L - 4.3,,
423002,AUDI,R8,1.4L - 1.9L - 2.0 - 2.0L - 3.0 - 3L - 5.2 - 5.3 - V10,,
423002,RENAULT,DUSTER,1.4L - 1.9L - 2.0 - 2.0L - 3.0 - F4R,,
49004,RENAULT,DUSTER,1.4L - 1.9L - 2.0 - 2.0L - F4R,,
49004,RENAULT,SCENIC II,1.4L - 1.9L - 2.0 - 2.0L - F4R,,
49004,RENAULT,FLUENCE,1.4L - 1.9L - 2.0 - 2.0L - F4R,,
498890,VARIOS,,1.4L - 1.9L - 3.6L - 3.9L - F4R - K4M - K7M,,
500331,RENAULT,MEGANE,1.4L - 1.9L - 3.9L - F4P - F4R - K4J - K4M,,
500331,RENAULT,MEGANE,1.4L - 1.9L - 3.9L - F4P - F4R - K4J - K4M,,
500331,RENAULT,MEGANE,1.4L - 1.9L - 3.9L - F4P - F4R - K4J - K4M,,
500331,RENAULT,MEGANE,1.4L - 1.9L - 3.9L - F4P - F4R - K4J - K4M,,
500331,RENAULT,CLIO II,1.4L - 1.9L - 3.9L - F4P - F4R - K4J - K4M,,
500331,RENAULT,CLIO II,1.4L - 1.9L - 3.9L - F4P - F4R - K4J - K4M,,
500331,RENAULT,CLIO II,1.4L - 1.9L - 3.9L - F4P - F4R - K4J - K4M,,
500331,RENAULT,CLIO II,1.4L - 1.9L - 3.9L - F4P - F4R - K4J - K4M,,
432236,LAND ROVER,DISCOVERY,1.4L - 11.0L - 2.0 - 2.0L - 2.2 - 2L,,
432236,LAND ROVER,FREELANDER,1.4L - 11.0L - 2.0 - 2.0L - 2.2 - 2L,,
432236,LAND ROVER,RANGE ROVER,1.4L - 11.0L - 2.0 - 2.0L - 2.2 - 2L,,
432236,MITSUBISHI,OUTLANDER,1.4L - 11.0L - 2.0 - 2.0L - 2.2 - 2L,,
432236,PEUGEOT,BOXER,1.4L - 11.0L - 2.0 - 2.0L - 2.2 - 2L,,
432236,PEUGEOT,607,1.4L - 11.0L - 2.0 - 2.0L - 2.2 - 2L,,
432236,PEUGEOT,308,1.4L - 11.0L - 2.0 - 2.0L - 2.2 - 2L,,
432236,PEUGEOT,407,1.4L - 11.0L - 2.0 - 2.0L - 2.2 - 2L,,
432236,PEUGEOT,807,1.4L - 11.0L - 2.0 - 2.0L - 2.2 - 2L,,
432236,PEUGEOT,508,1.4L - 11.0L - 2.0 - 2.0L - 2.2 - 2L,,
432236,PEUGEOT,3008,1.4L - 11.0L - 2.0 - 2.0L - 2.2 - 2L,,
432236,PEUGEOT,4007,1.4L - 11.0L - 2.0 - 2.0L - 2.2 - 2L,,
423002,KIA,SORENTO,1.4L - 11.0L - 2.0 - 2.0L - 2.2 - 2L - 3.0,,
423002,AUDI,A8,1.4L - 11.0L - 2.0 - 2.0L - 2L - 3.0 - 4.2,,
423002,AUDI,Q7,1.4L - 11.0L - 2.0 - 2.0L - 2L - 3.0 - 4.2,,
423002,AUDI,RS5,1.4L - 11.0L - 2.0 - 2.0L - 2L - 3.0 - 4.2,,
423002,AUDI,R8,1.4L - 11.0L - 2.0 - 2.0L - 2L - 3.0 - 4.2,,
8702,RENAULT,FLUENCE,1.4L - 2.0 - 2.0L,1992,
255321,PEUGEOT,EXPERT,1.4L - 2.0 - 2.0L,,
255321,PEUGEOT,807,1.4L - 2.0 - 2.0L,,
255321,VW,TIGUAN,1.4L - 2.0 - 2.0L,,
321051,PEUGEOT,206,1.4L - 2.0 - 2.0L,,
321051,PEUGEOT,406,1.4L - 2.0 - 2.0L,,
321051,PEUGEOT,307,1.4L - 2.0 - 2.0L,,
321051,PEUGEOT,407,1.4L - 2.0 - 2.0L,,
436074,VW,,1.4L - 2.0 - 2.0L,,
432236,CITROEN,JUMPER,1.4L - 2.0 - 2.0L - 2.2,,
432236,CITROEN,C5,1.4L - 2.0 - 2.0L - 2.2,,
432236,CITROEN,C8,1.4L - 2.0 - 2.0L - 2.2,,
432236,CITROEN,C4,1.4L - 2.0 - 2.0L - 2.2,,
432236,CITROEN,C6,1.4L - 2.0 - 2.0L - 2.2,,
432236,CITROEN,DS4,1.4L - 2.0 - 2.0L - 2.2,,
432236,CITROEN,DS5,1.4L - 2.0 - 2.0L - 2.2,,
432236,FORD,MONDEO,1.4L - 2.0 - 2.0L - 2.2,,
432236,FORD,FOCUS,1.4L - 2.0 - 2.0L - 2.2,,
432236,FORD,KUGA,1.4L - 2.0 - 2.0L - 2.2,,
432236,PEUGEOT,BOXER,1.4L - 2.0 - 2.0L - 2.2,,
432236,PEUGEOT,607,1.4L - 2.0 - 2.0L - 2.2,,
432236,PEUGEOT,308,1.4L - 2.0 - 2.0L - 2.2,,
432236,PEUGEOT,407,1.4L - 2.0 - 2.0L - 2.2,,
432236,PEUGEOT,807,1.4L - 2.0 - 2.0L - 2.2,,
432236,PEUGEOT,508,1.4L - 2.0 - 2.0L - 2.2,,
432236,PEUGEOT,3008,1.4L - 2.0 - 2.0L - 2.2,,
432236,PEUGEOT,4007,1.4L - 2.0 - 2.0L - 2.2,,
322047,CHEVROLET,ASTRA,1.4L - 2.0 - 2.0L - 2.2 - 8.3L - OHC,,
322047,CHEVROLET,VECTRA,1.4L - 2.0 - 2.0L - 2.2 - 8.3L - OHC,,
322047,CHEVROLET,MONZA,1.4L - 2.0 - 2.0L - 2.2 - 8.3L - OHC,,
322047,CHEVROLET,KADETT,1.4L - 2.0 - 2.0L - 2.2 - 8.3L - OHC,,
357111,FIAT,MAREA,1.4L - 2.0 - 2.0L - 2.4,1998,2000
423002,KIA,SORENTO,1.4L - 2.0 - 2.0L - 2.4 - 3.0,,
423002,VOLVO,S40,1.4L - 2.0 - 2.0L - 2.4 - 3.0,,
423002,AUDI,TT,1.4L - 2.0 - 2.0L - 2.5 - 3.0,,
423002,VOLVO,V70,1.4L - 2.0 - 2.0L - 2.5 - 3.0 - 3.2 - T4F,,
423002,SUBARU,LEGACY,1.4L - 2.0 - 2.0L - 2.5 - 3.0 - 3.6,,
423002,SUBARU,OUTBACK,1.4L - 2.0 - 2.0L - 2.5 - 3.0 - 3.6,,
423002,AUDI,A4,1.4L - 2.0 - 2.0L - 3.0,,
423002,AUDI,A4,1.4L - 2.0 - 2.0L - 3.0,,
423002,AUDI,A6,1.4L - 2.0 - 2.0L - 3.0,,
423002,AUDI,S3,1.4L - 2.0 - 2.0L - 3.0,,
423002,AUDI,Q7,1.4L - 2.0 - 2.0L - 3.0,,
423002,AUDI,A5,1.4L - 2.0 - 2.0L - 3.0,,
423002,AUDI,Q5,1.4L - 2.0 - 2.0L - 3.0,,
423002,AUDI,Q3,1.4L - 2.0 - 2.0L - 3.0,,
423002,AUDI,A7,1.4L - 2.0 - 2.0L - 3.0,,
423002,AUDI,RS5,1.4L - 2.0 - 2.0L - 3.0,,
423002,BMW,X5,1.4L - 2.0 - 2.0L - 3.0,,
423002,BMW,X3,1.4L - 2.0 - 2.0L - 3.0,,
423002,BMW,X1,1.4L - 2.0 - 2.0L - 3.0,,
423002,CHEVROLET,CORSA,1.4L - 2.0 - 2.0L - 3.0,,
423002,CHEVROLET,ZAFIRA,1.4L - 2.0 - 2.0L - 3.0,,
423002,CHEVROLET,AVEO,1.4L - 2.0 - 2.0L - 3.0,,
423002,CHEVROLET,CAPTIVA,1.4L - 2.0 - 2.0L - 3.0,,
423002,CHEVROLET,SONIC,1.4L - 2.0 - 2.0L - 3.0,,
423002,FORD,FIESTA,1.4L - 2.0 - 2.0L - 3.0,,
423002,FORD,KA,1.4L - 2.0 - 2.0L - 3.0,,
423002,FORD,MONDEO,1.4L - 2.0 - 2.0L - 3.0,,
423002,FORD,FOCUS,1.4L - 2.0 - 2.0L - 3.0,,
423002,FORD,ECOSPORT,1.4L - 2.0 - 2.0L - 3.0,,
423002,HONDA,PILOT,1.4L - 2.0 - 2.0L - 3.0,,
423002,HYUNDAI,H1,1.4L - 2.0 - 2.0L - 3.0,,
423002,KIA,SPORTAGE,1.4L - 2.0 - 2.0L - 3.0,,
423002,KIA,PICANTO,1.4L - 2.0 - 2.0L - 3.0,,
423002,KIA,CERATO,1.4L - 2.0 - 2.0L - 3.0,,
423002,LAND ROVER,DEFENDER,1.4L - 2.0 - 2.0L - 3.0,,
423002,LAND ROVER,FREELANDER,1.4L - 2.0 - 2.0L - 3.0,,
423002,LAND ROVER,RANGE ROVER,1.4L - 2.0 - 2.0L - 3.0,,
423002,MITSUBISHI,OUTLANDER,1.4L - 2.0 - 2.0L - 3.0,,
423002,NISSAN,NP300,1.4L - 2.0 - 2.0L - 3.0,,
423002,RENAULT,TWINGO,1.4L - 2.0 - 2.0L - 3.0,,
423002,SUBARU,FORESTER,1.4L - 2.0 - 2.0L - 3.0,,
423002,SUBARU,IMPREZA,1.4L - 2.0 - 2.0L - 3.0,,
423002,SUBARU,TRIBECA,1.4L - 2.0 - 2.0L - 3.0,,
423002,TOYOTA,HILUX,1.4L - 2.0 - 2.0L - 3.0,,
423002,TOYOTA,COROLLA,1.4L - 2.0 - 2.0L - 3.0,,
423002,TOYOTA,LAND CRUISER,1.4L - 2.0 - 2.0L - 3.0,,
423002,TOYOTA,PRADO,1.4L - 2.0 - 2.0L - 3.0,,
423002,VOLVO,V40,1.4L - 2.0 - 2.0L - 3.0,,
423002,VW,TOUAREG,1.4L - 2.0 - 2.0L - 3.0,,
423002,VW,TIGUAN,1.4L - 2.0 - 2.0L - 3.0,,
423002,VW,AMAROK,1.4L - 2.0 - 2.0L - 3.0,,180
423002,VARIOS,,1.4L - 2.0 - 2.0L - 3.0,,
423002,CHERY,TIGGO,1.4L - 2.0 - 2.0L - 3.0,,
423002,CHERY,FACE,1.4L - 2.0 - 2.0L - 3.0,,
423002,CHERY,QQ,1.4L - 2.0 - 2.0L - 3.0,,
510113,AUDI,A5,1.4L - 2.0 - 2.0L - 3.0,2017,
510113,AUDI,A5,1.4L - 2.0 - 2.0L - 3.0,2017,
510113,AUDI,Q5,1.4L - 2.0 - 2.0L - 3.0,2017,
510113,AUDI,A7,1.4L - 2.0 - 2.0L - 3.0,2017,
423002,VOLVO,XC70,1.4L - 2.0 - 2.0L - 3.0 - 3.2,,
423002,VOLVO,XC90,1.4L - 2.0 - 2.0L - 3.0 - 3.2,,
423002,VOLVO,XC60,1.4L - 2.0 - 2.0L - 3.0 - 3.2,,
423002,VOLVO,S80,1.4L - 2.0 - 2.0L - 3.0 - 3.2 - T4F,,
423002,LAND ROVER,RANGE ROVER,1.4L - 2.0 - 2.0L - 3.0 - 3.6,,
423002,VW,TOUAREG,1.4L - 2.0 - 2.0L - 3.0 - 3.6 - 4.1,,
423002,FORD,S-MAX,1.4L - 2.0 - 2.0L - 3.0 - 8.3L - DURATEC,,
423002,VOLVO,S60,1.4L - 2.0 - 2.0L - 3.0 - T4F,,
423002,VOLVO,V60,1.4L - 2.0 - 2.0L - 3.0 - T4F,,
358438,CITROEN,XANTIA,1.4L - 2.0 - 2.0L - 9.0L - C15 - EW10 - EW10J4S,,
358438,CITROEN,AX,1.4L - 2.0 - 2.0L - 9.0L - C15 - EW10 - EW10J4S,,
358438,CITROEN,ZX,1.4L - 2.0 - 2.0L - 9.0L - C15 - EW10 - EW10J4S,,
358438,CITROEN,XSARA,1.4L - 2.0 - 2.0L - 9.0L - C15 - EW10 - EW10J4S,,
358438,CITROEN,XSARA PICASSO,1.4L - 2.0 - 2.0L - 9.0L - C15 - EW10 - EW10J4S,,
358438,CITROEN,C15,1.4L - 2.0 - 2.0L - 9.0L - C15 - EW10 - EW10J4S,,
358438,CITROEN,C5,1.4L - 2.0 - 2.0L - 9.0L - C15 - EW10 - EW10J4S,,
358438,CITROEN,C4,1.4L - 2.0 - 2.0L - 9.0L - C15 - EW10 - EW10J4S,,
358438,PEUGEOT,206,1.4L - 2.0 - 2.0L - 9.0L - C15 - EW10 - EW10J4S,,
358438,PEUGEOT,504,1.4L - 2.0 - 2.0L - 9.0L - C15 - EW10 - EW10J4S,,
358438,PEUGEOT,505,1.4L - 2.0 - 2.0L - 9.0L - C15 - EW10 - EW10J4S,,
358438,PEUGEOT,405,1.4L - 2.0 - 2.0L - 9.0L - C15 - EW10 - EW10J4S,,
358438,PEUGEOT,BOXER,1.4L - 2.0 - 2.0L - 9.0L - C15 - EW10 - EW10J4S,,
358438,PEUGEOT,806,1.4L - 2.0 - 2.0L - 9.0L - C15 - EW10 - EW10J4S,,
358438,PEUGEOT,406,1.4L - 2.0 - 2.0L - 9.0L - C15 - EW10 - EW10J4S,,
358438,PEUGEOT,307,1.4L - 2.0 - 2.0L - 9.0L - C15 - EW10 - EW10J4S,,
358438,PEUGEOT,605,1.4L - 2.0 - 2.0L - 9.0L - C15 - EW10 - EW10J4S,,
358438,PEUGEOT,EXPERT,1.4L - 2.0 - 2.0L - 9.0L - C15 - EW10 - EW10J4S,,
358438,PEUGEOT,PARTNER,1.4L - 2.0 - 2.0L - 9.0L - C15 - EW10 - EW10J4S,,
358438,PEUGEOT,607,1.4L - 2.0 - 2.0L - 9.0L - C15 - EW10 - EW10J4S,,
358438,PEUGEOT,807,1.4L - 2.0 - 2.0L - 9.0L - C15 - EW10 - EW10J4S,,
358438,PEUGEOT,207,1.4L - 2.0 - 2.0L - 9.0L - C15 - EW10 - EW10J4S,,
358438,SUZUKI,VITARA,1.4L - 2.0 - 2.0L - 9.0L - C15 - EW10 - EW10J4S,,
358438,SUZUKI,GRAND VITARA,1.4L - 2.0 - 2.0L - 9.0L - C15 - EW10 - EW10J4S,,
49004,RENAULT,MEGANE III,1.4L - 2.0 - 2.0L - M4R,,
49004,RENAULT,LATITUDE,1.4L - 2.0 - 2.0L - M4R,,
65761,FIAT,DUNA,1.4L - 2.0L - FIRE,,
65761,FIAT,FIORINO,1.4L - 2.0L - FIRE,,
65761,FIAT,UNO,1.4L - 2.0L - FIRE,,
65761,FIAT,FIRE,1.4L - 2.0L - FIRE,,
216625,FIAT,PALIO,1.4L - 2.0L - FIRE,2001,
216625,FIAT,SIENA,1.4L - 2.0L - FIRE,2001,
216625,FIAT,STRADA,1.4L - 2.0L - FIRE,2001,
216625,FIAT,MOBI,1.4L - 2.0L - FIRE,2001,
216626,FIAT,PALIO,1.4L - 2.0L - FIRE,2001,
216626,FIAT,SIENA,1.4L - 2.0L - FIRE,2001,
216626,FIAT,STRADA,1.4L - 2.0L - FIRE,2001,
216626,FIAT,MOBI,1.4L - 2.0L - FIRE,2001,
246716,FIAT,PALIO,1.4L - 2.0L - FIRE,,
246716,FIAT,SIENA,1.4L - 2.0L - FIRE,,
312255,FIAT,PALIO,1.4L - 2.0L - FIRE,,
312255,FIAT,SIENA,1.4L - 2.0L - FIRE,,
312255,FIAT,ADVENTURE,1.4L - 2.0L - FIRE,,
312256,FIAT,PALIO,1.4L - 2.0L - FIRE,,
312256,FIAT,SIENA,1.4L - 2.0L - FIRE,,
312256,FIAT,ADVENTURE,1.4L - 2.0L - FIRE,,
313679,FIAT,PALIO,1.4L - 2.0L - FIRE,2001,
313679,FIAT,SIENA,1.4L - 2.0L - FIRE,2001,
313679,FIAT,STRADA,1.4L - 2.0L - FIRE,2001,
313682,FIAT,PALIO,1.4L - 2.0L - FIRE,2001,
313682,FIAT,SIENA,1.4L - 2.0L - FIRE,2001,
313682,FIAT,STRADA,1.4L - 2.0L - FIRE,2001,
346075,FIAT,PALIO,1.4L - 2.0L - FIRE,,
346075,FIAT,SIENA,1.4L - 2.0L - FIRE,,
365864,FIAT,PALIO,1.4L - 2.0L - FIRE,2001,
365864,FIAT,SIENA,1.4L - 2.0L - FIRE,2001,
380482,FIAT,PALIO,1.4L - 2.0L - FIRE,,
404487,FIAT,,1.4L - 2.0L - FIRE,,
405648,FIAT,SIENA,1.4L - 2.0L - FIRE,2001,2011
410118,VARIOS,,1.4L - 2.0L - FIRE,,
442301,CHEVROLET,AVEO,1.4L - 2.0L - FIRE,,
442301,DAEWOO,,1.4L - 2.0L - FIRE,,
442301,FIAT,-,1.4L - 2.0L - FIRE,,
443658,FIAT,PALIO,1.4L - 2.0L - FIRE,2001,2018
443658,FIAT,SIENA,1.4L - 2.0L - FIRE,2001,2018
552840,FIAT,PALIO,1.4L - 2.0L - FIRE,2002,
552840,FIAT,SIENA,1.4L - 2.0L - FIRE,2002,
552841,FIAT,PALIO,1.4L - 2.0L - FIRE,2002,
552841,FIAT,SIENA,1.4L - 2.0L - FIRE,2002,
562424,FIAT,PALIO,1.4L - 2.0L - FIRE,2001,
562424,FIAT,SIENA,1.4L - 2.0L - FIRE,2001,
380708,AUDI,,1.4L - 2.1L - EVO,,
380708,SEAT,TOLEDO,1.4L - 2.1L - EVO,,
380708,VW,GOLF,1.4L - 2.1L - EVO,,
380708,VW,BORA,1.4L - 2.1L - EVO,,
380708,VW,NEW BEETLE,1.4L - 2.1L - EVO,,
410153,VARIOS,,1.4L - 2.1L - EVO,,
49004,RENAULT,SANDERO,1.4L - 3.6L - K7M,,
348869,CUMMINS,4B,1.4L - 3.9 - 4B,,
348869,FORD,CARGO,1.4L - 3.9 - 4B,,
380516,RENAULT,,1.4L - 3.9L - K4M,,
403268,RENAULT,-,1.4L - 3.9L - K4M,,
424089,VW,AMAROK,1.4L - 4B,,
296222,PEUGEOT,307,1.4L - EW10,,
444294,MERCEDES BENZ,OM352A,1.4L - OM352A - OM366A,,
444294,MERCEDES BENZ,OM366A,1.4L - OM352A - OM366A,,
444296,MERCEDES BENZ,OM352A,1.4L - OM352A - OM366A,,
444296,MERCEDES BENZ,OM366A,1.4L - OM352A - OM366A,,
444298,MERCEDES BENZ,OM352A,1.4L - OM352A - OM366A,,
444298,MERCEDES BENZ,OM366A,1.4L - OM352A - OM366A,,
296137,MERCEDES BENZ,OM366A,1.4L - OM366A,,
296137,MERCEDES BENZ,1620,1.4L - OM366A,,
296137,MERCEDES BENZ,OM366G,1.4L - OM366A,,
296137,MERCEDES BENZ,1615,1.4L - OM366A,,
416209,CITROEN,C3,1.5 - 1.6,,
416209,PEUGEOT,208,1.5 - 1.6,,
416889,CHEVROLET,AVEO,1.5 - 1.6,1999,
416889,DAEWOO,ESPERO,1.5 - 1.6,1999,
416889,DAEWOO,LANOS,1.5 - 1.6,1999,
416889,DAEWOO,NUBIRA,1.5 - 1.6,1999,
425867,FORD,FIESTA,1.5 - 1.6,2011,
425867,FORD,KA,1.5 - 1.6,2011,
425867,FORD,FOCUS,1.5 - 1.6,2011,
425867,FORD,ECOSPORT,1.5 - 1.6,2011,
552633,FIAT,PALIO,1.5 - 1.6,,
552633,FIAT,SIENA,1.5 - 1.6,,
195098,FORD,ESCORT,1.5 - 1.6 - 1.6L - 1.8L - 12.0L - 2.3L - DRAGON - ZETEC ROCAM,,
195098,FORD,FIESTA,1.5 - 1.6 - 1.6L - 1.8L - 12.0L - 2.3L - DRAGON - ZETEC ROCAM,,
195098,FORD,FIESTA,1.5 - 1.6 - 1.6L - 1.8L - 12.0L - 2.3L - DRAGON - ZETEC ROCAM,,
195098,FORD,COURIER,1.5 - 1.6 - 1.6L - 1.8L - 12.0L - 2.3L - DRAGON - ZETEC ROCAM,,
195098,FORD,ECOSPORT,1.5 - 1.6 - 1.6L - 1.8L - 12.0L - 2.3L - DRAGON - ZETEC ROCAM,,
195098,FORD,ECOSPORT,1.5 - 1.6 - 1.6L - 1.8L - 12.0L - 2.3L - DRAGON - ZETEC ROCAM,,
195098,FORD,ECOSPORT,1.5 - 1.6 - 1.6L - 1.8L - 12.0L - 2.3L - DRAGON - ZETEC ROCAM,,
370792,CITROEN,C3,1.5 - 1.6 - 1.6L - 3.0L - L4,2012,
370792,CITROEN,C5,1.5 - 1.6 - 1.6L - 3.0L - L4,2012,
370792,CITROEN,DS3,1.5 - 1.6 - 1.6L - 3.0L - L4,2012,
370792,CITROEN,DS4,1.5 - 1.6 - 1.6L - 3.0L - L4,2012,
370792,PEUGEOT,308,1.5 - 1.6 - 1.6L - 3.0L - L4,2012,
370792,PEUGEOT,508,1.5 - 1.6 - 1.6L - 3.0L - L4,2012,
370792,PEUGEOT,3008,1.5 - 1.6 - 1.6L - 3.0L - L4,2012,
370792,PEUGEOT,208,1.5 - 1.6 - 1.6L - 3.0L - L4,2012,
370792,PEUGEOT,RCZ,1.5 - 1.6 - 1.6L - 3.0L - L4,2012,
370792,PEUGEOT,5008,1.5 - 1.6 - 1.6L - 3.0L - L4,2012,
370792,MINI COOPER,,1.5 - 1.6 - 1.6L - 3.0L - L4,2012,
1035,FORD,FOCUS,1.5 - 1.6 - 1.8 - 1.8L - 12.0L - 2.0 - 2.3L - M10 - ZETEC ROCAM,1988,
556208,FORD,KA,1.5 - 1.6 - 1.8L - 1.9L - 2.0 - 2.3L - 2.8L - DRAGON - DW10 - TU4 - TU5JP4,2011,2011
451099,RENAULT,LOGAN,1.5 - 1.6 - 1.9 - R19,1991,
451099,RENAULT,SYMBOL,1.5 - 1.6 - 1.9 - R19,1991,
451099,RENAULT,SANDERO STEPWAY,1.5 - 1.6 - 1.9 - R19,1991,
552907,FIAT,DUNA,1.5 - 1.6 - 2.8L - TIPO,1985,
552907,FIAT,REGATTA,1.5 - 1.6 - 2.8L - TIPO,1985,
552907,FIAT,FIORINO,1.5 - 1.6 - 2.8L - TIPO,1985,
552907,FIAT,UNO,1.5 - 1.6 - 2.8L - TIPO,1985,
552907,FIAT,TIPO,1.5 - 1.6 - 2.8L - TIPO,1985,
436778,CHEVROLET,,1.5 - 1.6 - 8.3L - OHC,,
1035,FORD,ESCORT,1.5 - 1.6 - M10,1988,
1035,FORD,FIESTA,1.5 - 1.6 - M10,1988,
1035,FORD,KA,1.5 - 1.6 - M10,1988,
1035,FORD,COURIER,1.5 - 1.6 - M10,1988,
1035,FORD,ORION,1.5 - 1.6 - M10,1988,
326671,RENAULT,CLIO,1.5 - 1.9L - 3.0L - K9K - L4,,
326671,RENAULT,MEGANE,1.5 - 1.9L - 3.0L - K9K - L4,,
326671,RENAULT,KANGOO,1.5 - 1.9L - 3.0L - K9K - L4,,
49004,RENAULT,CLIO II,1.5 - 1.9L - K9K,,
49004,RENAULT,SYMBOL,1.5 - 1.9L - K9K,,
317700,RENAULT,CLIO,1.5 - 1.9L - K9K,,
436683,RENAULT,,1.5 - 1.9L - K9K,,
502974,RENAULT,KANGOO II,1.5 - 1.9L - K9K,2018,
534292,RENAULT,KANGOO II,1.5 - 1.9L - K9K,2018,
552203,RENAULT,SYMBOL,1.5 - 1.9L - K9K,2009,2010
435697,CHEVROLET,,1.5 - 11.0L - 2.0 - 2.2 - 2L,,
82533,VW,GACEL,1.5 - 1500 - 2.2L,,
82533,VW,GOL,1.5 - 1500 - 2.2L,,
82533,VW,SAVEIRO,1.5 - 1500 - 2.2L,,
82533,VW,FOX,1.5 - 1500 - 2.2L,,
82533,VW,SURAN,1.5 - 1500 - 2.2L,,
82533,VW,CROSSFOX,1.5 - 1500 - 2.2L,,
82533,VW,GOL TREND,1.5 - 1500 - 2.2L,,
82533,VW,GOL POWER,1.5 - 1500 - 2.2L,,
82534,VW,GACEL,1.5 - 1500 - 2.2L,,
82534,VW,GOL,1.5 - 1500 - 2.2L,,
82534,VW,SAVEIRO,1.5 - 1500 - 2.2L,,
82534,VW,FOX,1.5 - 1500 - 2.2L,,
82534,VW,CROSSFOX,1.5 - 1500 - 2.2L,,
82534,VW,GOL TREND,1.5 - 1500 - 2.2L,,
82534,VW,GOL POWER,1.5 - 1500 - 2.2L,,
458765,BMW,X1,1.5 - 2.0,2018,
458765,BMW,SERIE 2,1.5 - 2.0,2018,
458765,BMW,X2,1.5 - 2.0,2018,
7254,FIAT,SIENA,1.5 - 2.8L - TIPO,1985,
552780,FIAT,147,1.5 - 2.8L - TIPO,1993,
552780,FIAT,DUNA,1.5 - 2.8L - TIPO,1993,
552780,FIAT,FIORINO,1.5 - 2.8L - TIPO,1993,
552780,FIAT,UNO,1.5 - 2.8L - TIPO,1993,
552780,FIAT,VIVACE,1.5 - 2.8L - TIPO,1993,
552799,FORD,KA,1.5 - 2.8L - TIPO,1996,
552799,FORD,COURIER,1.5 - 2.8L - TIPO,1996,
552800,PEUGEOT,206,1.5 - 2.8L - TIPO,1998,
552800,PEUGEOT,207,1.5 - 2.8L - TIPO,1998,
552803,FORD,EXPLORER,1.5 - 2.8L - TIPO,1998,
552803,FORD,RANGER,1.5 - 2.8L - TIPO,1998,
552807,FIAT,MAREA,1.5 - 2.8L - TIPO,2010,
552807,FIAT,TEMPRA,1.5 - 2.8L - TIPO,2010,
552807,FIAT,IDEA,1.5 - 2.8L - TIPO,2010,
552808,FIAT,PUNTO,1.5 - 2.8L - TIPO,2008,
552808,FIAT,LINEA,1.5 - 2.8L - TIPO,2008,
552808,FIAT,QUBO,1.5 - 2.8L - TIPO,2008,
552808,FORD,ECOSPORT,1.5 - 2.8L - TIPO,2008,
552773,CITROEN,BERLINGO,1.5 - C15 - M14,1997,
552773,CITROEN,ZX,1.5 - C15 - M14,1997,
552773,CITROEN,XSARA,1.5 - C15 - M14,1997,
552773,CITROEN,XSARA PICASSO,1.5 - C15 - M14,1997,
552773,CITROEN,C15,1.5 - C15 - M14,1997,
552773,PEUGEOT,306,1.5 - C15 - M14,1997,
552773,PEUGEOT,504,1.5 - C15 - M14,1997,
552773,PEUGEOT,505,1.5 - C15 - M14,1997,
552773,PEUGEOT,205,1.5 - C15 - M14,1997,
552773,PEUGEOT,PARTNER,1.5 - C15 - M14,1997,
552764,FIAT,PALIO,1.5 - M10,2011,
552764,FIAT,SIENA,1.5 - M10,2011,
552764,FIAT,UNO,1.5 - M10,2011,
552764,FIAT,GRAND SIENA,1.5 - M10,2011,
552772,FIAT,147,1.5 - M12,1984,1992
552772,FIAT,BRIO,1.5 - M12,1984,1992
552772,FIAT,SPAZIO,1.5 - M12,1984,1992
552777,FIAT,DUNA,1.5 - M12,1988,1992
552777,FIAT,FIORINO,1.5 - M12,1988,1992
552777,FIAT,UNO,1.5 - M12,1988,1992
552784,CHEVROLET,CORSA,1.5 - M12,1995,1997
552815,CHEVROLET,AVEO,1.5 - M12,2009,
552815,DAEWOO,KALOS,1.5 - M12,2009,
552816,CHEVROLET,AVEO,1.5 - M12,2009,
552816,DAEWOO,KALOS,1.5 - M12,2009,
552771,VW,GACEL,1.5 - M14,1993,
552771,VW,SENDA,1.5 - M14,1993,
552774,VW,GOL,1.5 - M14,1997,
552775,RENAULT,TRAFIC,1.5 - M14,1986,
552778,FIAT,DUNA,1.5 - M14,1993,
552778,FIAT,FIORINO,1.5 - M14,1993,
552778,FIAT,UNO,1.5 - M14,1993,
552778,FIAT,TEMPRA,1.5 - M14,1993,
552779,FIAT,147,1.5 - M14,1993,1998
552779,FIAT,VIVACE,1.5 - M14,1993,1998
552789,FIAT,PALIO,1.5 - M14,1996,
552789,FIAT,SIENA,1.5 - M14,1996,
552789,FIAT,UNO,1.5 - M14,1996,
552789,FIAT,GRAND SIENA,1.5 - M14,1996,
552789,FIAT,MOBI,1.5 - M14,1996,
552790,FIAT,PALIO,1.5 - M14,1996,
552790,FIAT,SIENA,1.5 - M14,1996,
552790,FIAT,UNO,1.5 - M14,1996,
552790,FIAT,GRAND SIENA,1.5 - M14,1996,
552790,FIAT,MOBI,1.5 - M14,1996,
552791,RENAULT,MEGANE,1.5 - M14,1995,
552791,RENAULT,KANGOO,1.5 - M14,1995,
552791,RENAULT,SCENIC,1.5 - M14,1995,
552792,RENAULT,MEGANE,1.5 - M14,1995,
552792,RENAULT,KANGOO,1.5 - M14,1995,
552792,RENAULT,SCENIC,1.5 - M14,1995,
552795,CITROEN,XANTIA,1.5 - M14,1993,
552795,CITROEN,AX,1.5 - M14,1993,
552795,CITROEN,SAXO,1.5 - M14,1993,
552795,CITROEN,C4,1.5 - M14,1993,
552795,PEUGEOT,206,1.5 - M14,1993,
552795,PEUGEOT,106,1.5 - M14,1993,
552795,PEUGEOT,307,1.5 - M14,1993,
552795,PEUGEOT,605,1.5 - M14,1993,
552795,PEUGEOT,207,1.5 - M14,1993,
552796,CITROEN,XANTIA,1.5 - M14,1993,
552796,CITROEN,AX,1.5 - M14,1993,
552796,CITROEN,SAXO,1.5 - M14,1993,
552796,CITROEN,C4,1.5 - M14,1993,
552796,PEUGEOT,206,1.5 - M14,1993,
552796,PEUGEOT,106,1.5 - M14,1993,
552796,PEUGEOT,307,1.5 - M14,1993,
552796,PEUGEOT,605,1.5 - M14,1993,
552796,PEUGEOT,207,1.5 - M14,1993,
552797,AUDI,A3,1.5 - M14,1999,
552797,SEAT,TOLEDO,1.5 - M14,1999,
552797,VW,BORA,1.5 - M14,1999,
552797,VW,NEW BEETLE,1.5 - M14,1999,
552797,VW,UP,1.5 - M14,1999,
552797,VW,GOLF IV,1.5 - M14,1999,
552798,AUDI,A3,1.5 - M14,1999,
552798,SEAT,TOLEDO,1.5 - M14,1999,
552798,VW,BORA,1.5 - M14,1999,
552798,VW,NEW BEETLE,1.5 - M14,1999,
552798,VW,UP,1.5 - M14,1999,
552798,VW,GOLF IV,1.5 - M14,1999,
552802,FORD,EXPLORER,1.5 - M14,1998,
552802,FORD,RANGER,1.5 - M14,1998,
552805,RENAULT,MEGANE,1.5 - M14,1995,
552805,RENAULT,KANGOO,1.5 - M14,1995,
552805,RENAULT,SCENIC,1.5 - M14,1995,
552805,RENAULT,CLIO II,1.5 - M14,1995,
552805,RENAULT,SYMBOL,1.5 - M14,1995,
552806,RENAULT,MEGANE,1.5 - M14,1995,
552806,RENAULT,KANGOO,1.5 - M14,1995,
552806,RENAULT,SCENIC,1.5 - M14,1995,
552806,RENAULT,CLIO II,1.5 - M14,1995,
552806,RENAULT,SYMBOL,1.5 - M14,1995,
552809,FORD,FIESTA,1.5 - M14,2003,
552809,FORD,ECOSPORT,1.5 - M14,2003,
552810,FORD,FIESTA,1.5 - M14,2003,
552810,FORD,ECOSPORT,1.5 - M14,2003,
552811,CHEVROLET,CORSA,1.5 - M14,2011,
552811,CHEVROLET,TIGRA,1.5 - M14,2011,
552811,CHEVROLET,CELTA,1.5 - M14,2011,
552811,CHEVROLET,PRISMA,1.5 - M14,2011,
552811,SUZUKI,FUN,1.5 - M14,2011,
552813,CHEVROLET,AGILE,1.5 - M14,2009,
552813,CHEVROLET,CORSA II,1.5 - M14,2009,
552817,ALFA ROMEO,MITO,1.5 - M14,2008,
552817,FIAT,PUNTO,1.5 - M14,2008,
552817,FIAT,LINEA,1.5 - M14,2008,
552817,FIAT,QUBO,1.5 - M14,2008,
552818,RENAULT,LOGAN,1.5 - M14,2007,
552818,RENAULT,SANDERO,1.5 - M14,2007,
552819,RENAULT,LOGAN,1.5 - M14,2007,
552819,RENAULT,SANDERO,1.5 - M14,2007,
552820,AUDI,A1,1.5 - M14,2010,
552820,VW,POLO,1.5 - M14,2010,
552820,VW,VOYAGE,1.5 - M14,2010,
552820,VW,FOX,1.5 - M14,2010,
552820,VW,SURAN,1.5 - M14,2010,
552820,VW,CROSSFOX,1.5 - M14,2010,
552820,VW,GOL TREND,1.5 - M14,2010,
552821,AUDI,A1,1.5 - M14,2010,
552821,VW,POLO,1.5 - M14,2010,
552821,VW,VOYAGE,1.5 - M14,2010,
552821,VW,FOX,1.5 - M14,2010,
552821,VW,SURAN,1.5 - M14,2010,
552821,VW,CROSSFOX,1.5 - M14,2010,
552821,VW,GOL TREND,1.5 - M14,2010,
552822,CHEVROLET,MERIVA,1.5 - M14,2003,
552823,CHEVROLET,COBALT,1.5 - M14,2012,
552823,CHEVROLET,SONIC,1.5 - M14,2012,
552823,CHEVROLET,SPIN,1.5 - M14,2012,
552823,CHEVROLET,PRISMA,1.5 - M14,2012,
552823,CHEVROLET,ONIX,1.5 - M14,2012,
552770,RENAULT,R18,1.5 - M14 - R11 - R18,1984,
552770,RENAULT,FUEGO,1.5 - M14 - R11 - R18,1984,
552770,RENAULT,R9,1.5 - M14 - R11 - R18,1984,
552770,RENAULT,R11,1.5 - M14 - R11 - R18,1984,
552770,RENAULT,EXPRESS,1.5 - M14 - R11 - R18,1984,
552781,RENAULT,R19,1.5 - M14 - R19,1992,
552782,RENAULT,R19,1.5 - M14 - R19,1992,
552814,TOYOTA,HILUX,1.5 - M15,2005,
552783,FIAT,DUNA,1.5 - M18,1993,
552783,FIAT,DUCATO,1.5 - M18,1993,
552783,FIAT,FIORINO,1.5 - M18,1993,
552783,FIAT,UNO,1.5 - M18,1993,
454391,BAIC,X55,1.5 - X55,2018,
552202,VW,FOX,1.5L - 1.6 - 1.6L - 1.9 - 2.8L - 5.7L - ASY - BAH - EA111,2003,2015
552202,VW,FOX,1.5L - 1.6 - 1.6L - 1.9 - 2.8L - 5.7L - ASY - BAH - EA111,2003,2015
552202,VW,FOX,1.5L - 1.6 - 1.6L - 1.9 - 2.8L - 5.7L - ASY - BAH - EA111,2003,2015
552202,VW,SURAN,1.5L - 1.6 - 1.6L - 1.9 - 2.8L - 5.7L - ASY - BAH - EA111,2003,2015
552202,VW,SURAN,1.5L - 1.6 - 1.6L - 1.9 - 2.8L - 5.7L - ASY - BAH - EA111,2003,2015
552202,VW,CROSSFOX,1.5L - 1.6 - 1.6L - 1.9 - 2.8L - 5.7L - ASY - BAH - EA111,2003,2015
552197,VW,POLO,1.5L - 1.6 - 1.6L - 1.9 - 2.8L - BAH - EA111,2001,2009
552197,VW,POLO,1.5L - 1.6 - 1.6L - 1.9 - 2.8L - BAH - EA111,2001,2009
552197,VW,FOX,1.5L - 1.6 - 1.6L - 1.9 - 2.8L - BAH - EA111,2001,2009
552197,VW,FOX,1.5L - 1.6 - 1.6L - 1.9 - 2.8L - BAH - EA111,2001,2009
552197,VW,CROSSFOX,1.5L - 1.6 - 1.6L - 1.9 - 2.8L - BAH - EA111,2001,2009
560123,AUDI,A3,1.5L - 1.6 - 2.8L - BAH - EA111,2002,
560123,VW,GOLF,1.5L - 1.6 - 2.8L - BAH - EA111,2002,
560123,VW,SAVEIRO,1.5L - 1.6 - 2.8L - BAH - EA111,2002,
560123,VW,VOYAGE,1.5L - 1.6 - 2.8L - BAH - EA111,2002,
560123,VW,CADDY,1.5L - 1.6 - 2.8L - BAH - EA111,2002,
560123,VW,FOX,1.5L - 1.6 - 2.8L - BAH - EA111,2002,
560123,VW,SURAN,1.5L - 1.6 - 2.8L - BAH - EA111,2002,
560123,VW,CROSSFOX,1.5L - 1.6 - 2.8L - BAH - EA111,2002,
560123,VW,GOL TREND,1.5L - 1.6 - 2.8L - BAH - EA111,2002,
560123,VW,POLO CLASSIC,1.5L - 1.6 - 2.8L - BAH - EA111,2002,
348594,VW,POLO,1.5L - 1.6 - BAH,,
348594,VW,VOYAGE,1.5L - 1.6 - BAH,,
348594,VW,FOX,1.5L - 1.6 - BAH,,
348594,VW,SURAN,1.5L - 1.6 - BAH,,
348594,VW,CROSSFOX,1.5L - 1.6 - BAH,,
348594,VW,GOL TREND,1.5L - 1.6 - BAH,,
348594,VW,GOLF IV,1.5L - 1.6 - BAH,,
437116,VW,,1.5L - 1.6 - BAH,,
572929,VW,FOX,1.5L - 1.6 - BAH,,
572929,VW,SURAN,1.5L - 1.6 - BAH,,
379318,NEW HOLLAND,TM120,1.5L - NH675TD,,
379318,NEW HOLLAND,TM140,1.5L - NH675TD,,
379318,NEW HOLLAND,TM135,1.5L - NH675TD,,
379318,NEW HOLLAND,TM150,1.5L - NH675TD,,
379318,NEW HOLLAND,TM165,1.5L - NH675TD,,
379318,NEW HOLLAND,TS100,1.5L - NH675TD,,
379318,NEW HOLLAND,TS110,1.5L - NH675TD,,
379318,NEW HOLLAND,TS120,1.5L - NH675TD,,
8702,RENAULT,FLUENCE,1.6 - 1.6L,1992,
142296,SEAT,LEON,1.6 - 1.6L,,
142296,VW,GOLF,1.6 - 1.6L,,
142296,VW,PASSAT,1.6 - 1.6L,,
142296,VW,BORA,1.6 - 1.6L,,
142296,VW,FOX,1.6 - 1.6L,,
142296,VW,SURAN,1.6 - 1.6L,,
213639,VW,GOL,1.6 - 1.6L,1990,1992
213639,VW,GOLF,1.6 - 1.6L,1990,1992
213639,VW,POLO,1.6 - 1.6L,1990,1992
213639,VW,SENDA,1.6 - 1.6L,1990,1992
213639,VW,TRANSPORTER,1.6 - 1.6L,1990,1992
213639,VW,SAVEIRO,1.6 - 1.6L,1990,1992
213639,VW,CADDY,1.6 - 1.6L,1990,1992
226679,VW,FOX,1.6 - 1.6L,2001,2004
226679,VW,FOX,1.6 - 1.6L,2001,2004
226679,VW,SURAN,1.6 - 1.6L,2001,2004
255321,VW,VOYAGE,1.6 - 1.6L,,
255321,VW,FOX,1.6 - 1.6L,,
255321,VW,SURAN,1.6 - 1.6L,,
255321,VW,GOL TREND,1.6 - 1.6L,,
313801,RENAULT,MEGANE,1.6 - 1.6L,,
313801,RENAULT,CLIO II,1.6 - 1.6L,,
313801,RENAULT,SCENIC II,1.6 - 1.6L,,
313805,RENAULT,KANGOO,1.6 - 1.6L,,
313805,RENAULT,CLIO II,1.6 - 1.6L,,
380396,PEUGEOT,504,1.6 - 1.6L,1980,2000
380396,PEUGEOT,505,1.6 - 1.6L,1980,2000
435512,FORD,,1.6 - 1.6L,,
439213,FIAT,PALIO,1.6 - 1.6L,,
439213,FIAT,MAREA,1.6 - 1.6L,,
440457,FIAT,PALIO,1.6 - 1.6L,,
440457,FIAT,MAREA,1.6 - 1.6L,,
450737,VW,GOLF,1.6 - 1.6L,,
450552,VW,GACEL,1.6 - 1.6L - 1.8,,
450552,VW,GACEL,1.6 - 1.6L - 1.8,,
450552,VW,SENDA,1.6 - 1.6L - 1.8,,
450552,VW,SENDA,1.6 - 1.6L - 1.8,,
450552,VW,CARAT,1.6 - 1.6L - 1.8,,
450552,VW,SAVEIRO,1.6 - 1.6L - 1.8,,
450552,VW,SAVEIRO,1.6 - 1.6L - 1.8,,
431678,FIAT,TORO,1.6 - 1.6L - 1.8 - 1.9L - 3.6L - 4.2L - E-TORQUE - TORQUE,2001,2007
431678,FIAT,TORO,1.6 - 1.6L - 1.8 - 1.9L - 3.6L - 4.2L - E-TORQUE - TORQUE,2001,2007
431678,JEEP,RENEGADE,1.6 - 1.6L - 1.8 - 1.9L - 3.6L - 4.2L - E-TORQUE - TORQUE,2001,2007
431678,MINI COOPER,S,1.6 - 1.6L - 1.8 - 1.9L - 3.6L - 4.2L - E-TORQUE - TORQUE,2001,2007
392766,VW,VOYAGE,1.6 - 1.6L - 1.8 - 11.0L - 2.2 - 2L - 3.2,,
392766,VW,FOX,1.6 - 1.6L - 1.8 - 11.0L - 2.2 - 2L - 3.2,,
392766,VW,SURAN,1.6 - 1.6L - 1.8 - 11.0L - 2.2 - 2L - 3.2,,
392766,VW,GOL TREND,1.6 - 1.6L - 1.8 - 11.0L - 2.2 - 2L - 3.2,,
212757,VW,GOLF,1.6 - 1.6L - 1.8 - 2.8L - EA111,,
212757,VW,PASSAT,1.6 - 1.6L - 1.8 - 2.8L - EA111,,
212757,VW,SHARAN,1.6 - 1.6L - 1.8 - 2.8L - EA111,,
212757,VW,FOX,1.6 - 1.6L - 1.8 - 2.8L - EA111,,
212757,VW,SURAN,1.6 - 1.6L - 1.8 - 2.8L - EA111,,
212757,VW,GOL TREND,1.6 - 1.6L - 1.8 - 2.8L - EA111,,
360594,VW,GOLF,1.6 - 1.6L - 1.8 - 2.8L - EA111,,
360594,VW,PASSAT,1.6 - 1.6L - 1.8 - 2.8L - EA111,,
360594,VW,SHARAN,1.6 - 1.6L - 1.8 - 2.8L - EA111,,
360594,VW,FOX,1.6 - 1.6L - 1.8 - 2.8L - EA111,,
360594,VW,SURAN,1.6 - 1.6L - 1.8 - 2.8L - EA111,,
360594,VW,GOL TREND,1.6 - 1.6L - 1.8 - 2.8L - EA111,,
436288,VW,,1.6 - 1.6L - 1.8 - 2.9L - 3.8L - 4.1L - 4.3L - ADZ - AP,,
436288,VW,GOL POWER,1.6 - 1.6L - 1.8 - 2.9L - 3.8L - 4.1L - 4.3L - ADZ - AP,,
450552,VW,GOL,1.6 - 1.6L - 1.8 - 3.8L - 4.3L - AP,,
450552,VW,GOL,1.6 - 1.6L - 1.8 - 3.8L - 4.3L - AP,,
197538,FIAT,PALIO,1.6 - 1.6L - 1.8L - 2.5L - E-TORQ,,
197538,FIAT,SIENA,1.6 - 1.6L - 1.8L - 2.5L - E-TORQ,,
197538,FIAT,STRADA,1.6 - 1.6L - 1.8L - 2.5L - E-TORQ,,
197538,FIAT,PUNTO,1.6 - 1.6L - 1.8L - 2.5L - E-TORQ,,
197538,FIAT,IDEA,1.6 - 1.6L - 1.8L - 2.5L - E-TORQ,,
197538,FIAT,QUBO,1.6 - 1.6L - 1.8L - 2.5L - E-TORQ,,
197538,FIAT,GRAND SIENA,1.6 - 1.6L - 1.8L - 2.5L - E-TORQ,,
197538,VW,PASSAT,1.6 - 1.6L - 1.8L - 2.5L - E-TORQ,,
197538,VW,BORA,1.6 - 1.6L - 1.8L - 2.5L - E-TORQ,,
197538,VW,GOLF IV,1.6 - 1.6L - 1.8L - 2.5L - E-TORQ,,
407864,NISSAN,,1.6 - 1.6L - 2.3,,
407864,RENAULT,MEGANE III,1.6 - 1.6L - 2.3,,
407864,RENAULT,GRAND SCENIC III,1.6 - 1.6L - 2.3,,
407864,RENAULT,MASTER III,1.6 - 1.6L - 2.3,,
1887,CHEVROLET,VECTRA,1.6 - 1.6L - 2.3L - C16SE,1997,
1887,CHEVROLET,MERIVA,1.6 - 1.6L - 2.3L - C16SE,1997,
1887,CHEVROLET,CORSA II,1.6 - 1.6L - 2.3L - C16SE,1997,
1887,CHEVROLET,CORSA II,1.6 - 1.6L - 2.3L - C16SE,1997,
443702,PEUGEOT,208,1.6 - 1.6L - 3.0L - 3.2L - EP6 - THP-EP6,2008,
443702,PEUGEOT,208,1.6 - 1.6L - 3.0L - 3.2L - EP6 - THP-EP6,2008,
443702,PEUGEOT,2008,1.6 - 1.6L - 3.0L - 3.2L - EP6 - THP-EP6,2008,
408294,CITROEN,DS3,1.6 - 1.6L - 3.0L - EP6 - EP6CDT - EP6CDTX - EP6DT,,
408294,CITROEN,DS4,1.6 - 1.6L - 3.0L - EP6 - EP6CDT - EP6CDTX - EP6DT,,
408294,CITROEN,C5,1.6 - 1.6L - 3.0L - EP6 - EP6CDT - EP6DT,,
408294,CITROEN,C5,1.6 - 1.6L - 3.0L - EP6 - EP6CDT - EP6DT,,
408294,CITROEN,C5,1.6 - 1.6L - 3.0L - EP6 - EP6CDT - EP6DT,,
408294,CITROEN,C4,1.6 - 1.6L - 3.0L - EP6 - EP6CDT - EP6DT,,
408294,CITROEN,C4,1.6 - 1.6L - 3.0L - EP6 - EP6CDT - EP6DT,,
408294,CITROEN,C4,1.6 - 1.6L - 3.0L - EP6 - EP6CDT - EP6DT,,
408294,CITROEN,DS3,1.6 - 1.6L - 3.0L - EP6 - EP6CDT - EP6DT,,
408294,CITROEN,DS3,1.6 - 1.6L - 3.0L - EP6 - EP6CDT - EP6DT,,
408294,CITROEN,DS4,1.6 - 1.6L - 3.0L - EP6 - EP6CDT - EP6DT,,
408294,CITROEN,DS4,1.6 - 1.6L - 3.0L - EP6 - EP6CDT - EP6DT,,
408294,PEUGEOT,207,1.6 - 1.6L - 3.0L - EP6 - EP6CDT - EP6DT,,
408294,PEUGEOT,207,1.6 - 1.6L - 3.0L - EP6 - EP6CDT - EP6DT,,
408294,PEUGEOT,207,1.6 - 1.6L - 3.0L - EP6 - EP6CDT - EP6DT,,
408294,PEUGEOT,3008,1.6 - 1.6L - 3.0L - EP6 - EP6CDT - EP6DT,,
408294,PEUGEOT,3008,1.6 - 1.6L - 3.0L - EP6 - EP6CDT - EP6DT,,
408294,PEUGEOT,3008,1.6 - 1.6L - 3.0L - EP6 - EP6CDT - EP6DT,,
408294,MINI COOPER,,1.6 - 1.6L - 3.0L - EP6 - EP6CDT - EP6DT - N14,2014,2018
432692,VW,GOL,1.6 - 1.6L - 3.8L - 4.3L - AP,200,200
432692,VW,SAVEIRO,1.6 - 1.6L - 3.8L - 4.3L - AP,200,200
432692,VW,COUNTRY,1.6 - 1.6L - 3.8L - 4.3L - AP,200,200
432692,VW,GOL POWER,1.6 - 1.6L - 3.8L - 4.3L - AP,200,200
425901,CITROEN,,1.6 - 1.6L - 3.8L - DV6,,
425901,FORD,-,1.6 - 1.6L - 3.8L - DV6,,
425901,PEUGEOT,,1.6 - 1.6L - 3.8L - DV6,,
365860,RENAULT,R19,1.6 - 1.7 - 1.8,1988,1988
380552,CHEVROLET,VECTRA,1.6 - 1.7 - 1.8,,
380552,CHEVROLET,CORSA,1.6 - 1.7 - 1.8,,
500326,CHEVROLET,CORSA,1.6 - 1.7 - 1.8,,
200011,VW,,1.6 - 1.7 - 1.8 - 1.9 - 2.0,,
365983,RENAULT,R19,1.6 - 1.7 - 1.8 - 1.9 - R19,2019,1999
560141,RENAULT,R19,1.6 - 1.7 - 1.8 - 2.5L - 3.9L - C2L - C3L - F2N - F3P - R11 - R12 - R18,1989,
552911,RENAULT,R19,1.6 - 1.7 - 1.8 - R11 - R12 - R18,1989,
560115,CHEVROLET,CORSA,1.6 - 1.7 - 3.9L - G92 - I04 - X17D,1995,
560115,CHEVROLET,COMBO,1.6 - 1.7 - 3.9L - G92 - I04 - X17D,1995,
560115,CHEVROLET,CORSA II,1.6 - 1.7 - 3.9L - G92 - I04 - X17D,1995,
560115,CHEVROLET,CORSA CLASSIC,1.6 - 1.7 - 3.9L - G92 - I04 - X17D,1995,
552910,CHEVROLET,CORSA,1.6 - 1.7 - F15,1993,2016
552910,CHEVROLET,TIGRA,1.6 - 1.7 - F15,1993,2016
68970,VW,,1.6 - 1.8,,
142311,CITROEN,BX,1.6 - 1.8,1995,1995
142311,CITROEN,ZX,1.6 - 1.8,1995,1995
142311,PEUGEOT,405,1.6 - 1.8,1995,1995
142311,PEUGEOT,806,1.6 - 1.8,1995,1995
357173,CHEVROLET,CORSA,1.6 - 1.8,2002,
357173,CHEVROLET,TIGRA,1.6 - 1.8,2002,
357173,CHEVROLET,MERIVA,1.6 - 1.8,2002,
357173,FIAT,STILO,1.6 - 1.8,2002,
357174,CHEVROLET,CORSA,1.6 - 1.8,2002,
357174,CHEVROLET,TIGRA,1.6 - 1.8,2002,
357174,CHEVROLET,MERIVA,1.6 - 1.8,2002,
357174,FIAT,STILO,1.6 - 1.8,2002,
357190,CHEVROLET,CORSA,1.6 - 1.8,,
380682,TOYOTA,COROLLA,1.6 - 1.8,2008,
427635,VARIOS,,1.6 - 1.8,114,5010
435988,CHEVROLET,,1.6 - 1.8,,
457558,TOYOTA,COROLLA,1.6 - 1.8,,
560293,VW,GACEL,1.6 - 1.8,1983,
560293,VW,GOL,1.6 - 1.8,1983,
560293,VW,GOLF,1.6 - 1.8,1983,
560293,VW,PASSAT,1.6 - 1.8,1983,
560293,VW,POLO,1.6 - 1.8,1983,
560293,VW,SENDA,1.6 - 1.8,1983,
560293,VW,VOYAGE,1.6 - 1.8,1983,
560293,VW,GOL TREND,1.6 - 1.8,1983,
560341,VW,GACEL,1.6 - 1.8,1994,
560341,VW,GOL,1.6 - 1.8,1994,
560341,VW,PASSAT,1.6 - 1.8,1994,
560341,VW,POLO,1.6 - 1.8,1994,
560341,VW,SENDA,1.6 - 1.8,1994,
560341,VW,VOYAGE,1.6 - 1.8,1994,
560341,VW,CROSSFOX,1.6 - 1.8,1994,
560341,VW,GOL TREND,1.6 - 1.8,1994,
560293,VW,SAVEIRO,1.6 - 1.8 - 1.9,1983,
560341,VW,SAVEIRO,1.6 - 1.8 - 1.9,1994,
560341,VW,FOX,1.6 - 1.8 - 1.9,1994,
560341,VW,SURAN,1.6 - 1.8 - 1.9,1994,
552905,PEUGEOT,405,1.6 - 1.8 - 1.9 - C15,1991,1999
142329,FORD,GALAXY,1.6 - 1.8 - 2.0,1993,1993
142329,FORD,ORION,1.6 - 1.8 - 2.0,1993,1993
142329,SEAT,CORDOBA,1.6 - 1.8 - 2.0,1993,1993
142329,SEAT,TOLEDO,1.6 - 1.8 - 2.0,1993,1993
142329,SEAT,INCA,1.6 - 1.8 - 2.0,1993,1993
142329,VW,GOL,1.6 - 1.8 - 2.0,1993,1993
142329,VW,GOLF,1.6 - 1.8 - 2.0,1993,1993
142329,VW,POLO,1.6 - 1.8 - 2.0,1993,1993
142329,VW,POINTER,1.6 - 1.8 - 2.0,1993,1993
142329,VW,CADDY,1.6 - 1.8 - 2.0,1993,1993
335648,FORD,,1.6 - 1.8 - 2.0,,
335648,FORD,ESCORT,1.6 - 1.8 - 2.0,,
335648,FORD,FIESTA,1.6 - 1.8 - 2.0,,
335648,FORD,FOCUS,1.6 - 1.8 - 2.0,,
416968,VW,GOL,1.6 - 1.8 - 2.0,1994,
416968,VW,SAVEIRO,1.6 - 1.8 - 2.0,1994,
416968,VW,SANTANA,1.6 - 1.8 - 2.0,1994,
416968,VW,PARATI,1.6 - 1.8 - 2.0,1994,
417005,AUDI,A3,1.6 - 1.8 - 2.0,2000,
417005,VW,GOLF,1.6 - 1.8 - 2.0,2000,
417005,VW,POLO,1.6 - 1.8 - 2.0,2000,
417005,VW,BORA,1.6 - 1.8 - 2.0,2000,
417005,VW,NEW BEETLE,1.6 - 1.8 - 2.0,2000,
456298,FORD,ESCORT,1.6 - 1.8 - 2.0,,
456298,FORD,FIESTA,1.6 - 1.8 - 2.0,,
456298,FORD,MONDEO,1.6 - 1.8 - 2.0,,
457542,FORD,FIESTA,1.6 - 1.8 - 2.0,,
457542,FORD,FOCUS,1.6 - 1.8 - 2.0,,
457542,FORD,ECOSPORT,1.6 - 1.8 - 2.0,,
552598,VW,POINTER,1.6 - 1.8 - 2.0,1996,2003
552607,VW,POINTER,1.6 - 1.8 - 2.0,1996,2003
552939,FORD,ESCORT,1.6 - 1.8 - 2.0,1992,1996
552939,FORD,ORION,1.6 - 1.8 - 2.0,1992,1996
552939,SEAT,INCA,1.6 - 1.8 - 2.0,1992,1996
552939,VW,PASSAT,1.6 - 1.8 - 2.0,1992,1996
552939,VW,POLO,1.6 - 1.8 - 2.0,1996,
552939,VW,POINTER,1.6 - 1.8 - 2.0,1992,1996
552939,VW,CADDY,1.6 - 1.8 - 2.0,1992,1996
560291,VW,POINTER,1.6 - 1.8 - 2.0,1996,
560293,VW,QUANTUM,1.6 - 1.8 - 2.0,1983,
560293,VW,CARAT,1.6 - 1.8 - 2.0,1983,
560296,VW,POINTER,1.6 - 1.8 - 2.0,1996,
560341,VW,CARAT,1.6 - 1.8 - 2.0,1994,
556166,FORD,FOCUS,1.6 - 1.8 - 2.0 - 8.3L - DURATEC,2008,2010
142325,FORD,ESCORT,1.6 - 1.8 - 2.0 - R21,1996,1996
142325,FORD,GALAXY,1.6 - 1.8 - 2.0 - R21,1996,1996
142325,FORD,ORION,1.6 - 1.8 - 2.0 - R21,1996,1996
142325,RENAULT,R21,1.6 - 1.8 - 2.0 - R21,1996,1996
142325,SEAT,CORDOBA,1.6 - 1.8 - 2.0 - R21,1996,1996
142325,VW,GOL,1.6 - 1.8 - 2.0 - R21,1996,1996
142325,VW,POLO,1.6 - 1.8 - 2.0 - R21,1996,1996
142325,VW,POINTER,1.6 - 1.8 - 2.0 - R21,1996,1996
437646,VW,,1.6 - 1.8 - 2.9L - 4.1L - ADZ,,
437096,VW,,1.6 - 1.8 - 3.8L - 4.3L - AP,,
556208,CITROEN,DS3,1.6 - 1.8L - 1.9L - 2.0 - 2.3L - 2.8L - 3.0L - DW10 - EP6 - EP6CDT - TU4 - TU5JP4,2011,2011
556208,PEUGEOT,2008,1.6 - 1.8L - 1.9L - 2.0 - 2.3L - 2.8L - 3.0L - DW10 - EP6 - TU4 - TU5JP4,2011,2011
556208,PEUGEOT,208,1.6 - 1.8L - 1.9L - 2.0 - 2.3L - 2.8L - 3.0L - DW10 - EP6CDT - EP6CDTX - TU4 - TU5JP4,2011,2011
556208,PEUGEOT,207,1.6 - 1.8L - 1.9L - 2.0 - 2.3L - 2.8L - 3.0L - DW10 - EP6CDT - TU4 - TU5JP4,2011,2011
556208,PEUGEOT,307,1.6 - 1.8L - 1.9L - 2.0 - 2.3L - 2.8L - DW10 - DW10TD - EW10J4 - TU4 - TU5JP4,2011,2011
556208,CITROEN,C4,1.6 - 1.8L - 1.9L - 2.0 - 2.3L - 2.8L - DW10 - EW10J4 - TU4 - TU5JP4,2011,2011
556208,RENAULT,CAPTUR,1.6 - 1.8L - 1.9L - 2.0 - 2.3L - 2.8L - DW10 - H4M - TU4 - TU5JP4,2011,2011
556208,CITROEN,C3,1.6 - 1.8L - 1.9L - 2.0 - 2.3L - 2.8L - DW10 - TU4 - TU5JP4,2011,2011
556208,CITROEN,DS4,1.6 - 1.8L - 1.9L - 2.0 - 2.3L - 2.8L - DW10 - TU4 - TU5JP4,2011,2011
556208,CITROEN,C4 AIRCROSS,1.6 - 1.8L - 1.9L - 2.0 - 2.3L - 2.8L - DW10 - TU4 - TU5JP4,2011,2011
556208,PEUGEOT,301,1.6 - 1.8L - 1.9L - 2.0 - 2.3L - 2.8L - DW10 - TU4 - TU5JP4,2011,2011
416960,FORD,ESCORT,1.6 - 1.8L - 12.0L - 2.3L - ZETEC ROCAM,1999,
416960,FORD,FIESTA,1.6 - 1.8L - 12.0L - 2.3L - ZETEC ROCAM,1999,
416960,FORD,KA,1.6 - 1.8L - 12.0L - 2.3L - ZETEC ROCAM,1999,
416960,FORD,COURIER,1.6 - 1.8L - 12.0L - 2.3L - ZETEC ROCAM,1999,
435514,FORD,,1.6 - 1.8L - 12.0L - 2.3L - ZETEC ROCAM,,
436904,FORD,,1.6 - 1.8L - 12.0L - 2.3L - ZETEC ROCAM,,
568657,FORD,ESCORT,1.6 - 1.8L - 12.0L - 2.3L - ZETEC ROCAM,,
568657,FORD,KA,1.6 - 1.8L - 12.0L - 2.3L - ZETEC ROCAM,,
568657,FORD,COURIER,1.6 - 1.8L - 12.0L - 2.3L - ZETEC ROCAM,,
568657,FORD,FOCUS,1.6 - 1.8L - 12.0L - 2.3L - ZETEC ROCAM,,
568657,FORD,ECOSPORT,1.6 - 1.8L - 12.0L - 2.3L - ZETEC ROCAM,,
556205,PEUGEOT,3008,1.6 - 1.8L - 2.0 - 3.0L - DW10 - EP6CDT - EW10J4,2010,2010
556180,CHEVROLET,AVEO,1.6 - 1.8L - 2.0 - DW10,2013,
556180,CITROEN,BERLINGO,1.6 - 1.8L - 2.0 - DW10 - DW10TD,2013,
444202,FIAT,PALIO,1.6 - 1.8L - 2.5L - E-TORQ,2011,
444202,FIAT,DOBLO,1.6 - 1.8L - 2.5L - E-TORQ,2011,
444202,FIAT,GRAND SIENA,1.6 - 1.8L - 2.5L - E-TORQ,2011,
444202,FIAT,TORO,1.6 - 1.8L - 2.5L - E-TORQ,2011,
444202,FIAT,ARGO,1.6 - 1.8L - 2.5L - E-TORQ,2011,
444202,FIAT,CRONOS,1.6 - 1.8L - 2.5L - E-TORQ,2011,
445669,FIAT,SIENA,1.6 - 1.8L - 2.5L - E-TORQ,2011,2017
361483,FORD,ESCORT,1.6 - 1.9,2001,
361483,SUZUKI,JIMMY,1.6 - 1.9,2001,
456271,VW,GOL,1.6 - 1.9,,
456271,VW,POLO,1.6 - 1.9,,
456271,VW,SAVEIRO,1.6 - 1.9,,
550822,VW,GOLF,1.6 - 1.9,,
550822,VW,POLO,1.6 - 1.9,,
550822,VW,CADDY,1.6 - 1.9,,
552571,SEAT,IBIZA,1.6 - 1.9,2005,
552571,SEAT,TOLEDO,1.6 - 1.9,2005,
552571,VW,FOX,1.6 - 1.9,2005,
552571,VW,SURAN,1.6 - 1.9,2005,
552571,VW,CROSSFOX,1.6 - 1.9,2005,
552596,VW,GOL,1.6 - 1.9,1998,1999
552596,VW,PASSAT,1.6 - 1.9,1998,1999
552596,VW,POLO,1.6 - 1.9,1998,1999
552596,VW,CADDY,1.6 - 1.9,1998,1999
552596,VW,GOLF III,1.6 - 1.9,1998,1999
552598,VW,CADDY,1.6 - 1.9,1996,2003
560291,VW,CADDY,1.6 - 1.9,1996,
380923,AUDI,A3,1.6 - 1.9 - 2.0 - 2.5,2011,
380923,VW,VENTO,1.6 - 1.9 - 2.0 - 2.5,2011,
552930,VW,GACEL,1.6 - 1.9 - O13,1998,
552930,VW,GOL,1.6 - 1.9 - O13,1998,
552930,VW,SENDA,1.6 - 1.9 - O13,1998,
552930,VW,SAVEIRO,1.6 - 1.9 - O13,1998,
552930,VW,COUNTRY,1.6 - 1.9 - O13,1998,
451099,RENAULT,CLIO,1.6 - 1.9 - R19,1991,
451099,RENAULT,R19,1.6 - 1.9 - R19,1991,
451099,RENAULT,MEGANE,1.6 - 1.9 - R19,1991,
451099,RENAULT,KANGOO,1.6 - 1.9 - R19,1991,
451099,RENAULT,SCENIC,1.6 - 1.9 - R19,1991,
331865,CITROEN,XSARA,1.6 - 1.9L - 2.3L - 2.8L - TU4 - TU5JP4,2001,
331865,CITROEN,C3,1.6 - 1.9L - 2.3L - 2.8L - TU4 - TU5JP4,2001,
331865,PEUGEOT,206,1.6 - 1.9L - 2.3L - 2.8L - TU4 - TU5JP4,2001,
409603,MERCEDES BENZ,,1.6 - 1.9L - 2.5 - 250,2012,
552918,AUDI,A3,1.6 - 1.9L - 2.8L - 250 - EA111,2002,
552918,VW,GOLF,1.6 - 1.9L - 2.8L - 250 - EA111,2002,
552918,VW,POLO,1.6 - 1.9L - 2.8L - 250 - EA111,2002,
552918,VW,SAVEIRO,1.6 - 1.9L - 2.8L - 250 - EA111,2002,
552918,VW,VOYAGE,1.6 - 1.9L - 2.8L - 250 - EA111,2002,
552918,VW,CADDY,1.6 - 1.9L - 2.8L - 250 - EA111,2002,
552918,VW,FOX,1.6 - 1.9L - 2.8L - 250 - EA111,2002,
552918,VW,SURAN,1.6 - 1.9L - 2.8L - 250 - EA111,2002,
552918,VW,CROSSFOX,1.6 - 1.9L - 2.8L - 250 - EA111,2002,
552918,VW,GOL TREND,1.6 - 1.9L - 2.8L - 250 - EA111,2002,
331869,CITROEN,XSARA,1.6 - 1.9L - 2.8L - TU5JP4,2001,
331869,CITROEN,C3,1.6 - 1.9L - 2.8L - TU5JP4,2001,
331869,PEUGEOT,206,1.6 - 1.9L - 2.8L - TU5JP4,2001,
348209,CITROEN,JUMPER,1.6 - 1.9L - 2.8L - TU5JP4,,
348209,PEUGEOT,206,1.6 - 1.9L - 2.8L - TU5JP4,,
357158,CITROEN,BERLINGO,1.6 - 1.9L - 2.8L - TU5JP4,1992,
357158,CITROEN,PICASSO,1.6 - 1.9L - 2.8L - TU5JP4,1992,
357158,CITROEN,XSARA,1.6 - 1.9L - 2.8L - TU5JP4,1992,
357158,CITROEN,C3,1.6 - 1.9L - 2.8L - TU5JP4,1992,
357158,PEUGEOT,206,1.6 - 1.9L - 2.8L - TU5JP4,1992,
357158,PEUGEOT,307,1.6 - 1.9L - 2.8L - TU5JP4,1992,
357158,PEUGEOT,PARTNER,1.6 - 1.9L - 2.8L - TU5JP4,1992,
357158,PEUGEOT,HOGGAR,1.6 - 1.9L - 2.8L - TU5JP4,1992,
357158,PEUGEOT,208,1.6 - 1.9L - 2.8L - TU5JP4,1992,
357158,PEUGEOT,2008,1.6 - 1.9L - 2.8L - TU5JP4,1992,
434590,PEUGEOT,,1.6 - 1.9L - 2.8L - TU5JP4,,
395580,MERCEDES BENZ,CLASE B,1.6 - 1.9L - 250,2013,
569721,FIAT,,1.6 - 1.9L - TORQUE,,
361478,DAIHATSU,CHARADE,1.6 - 11.0L - G10,,
361478,DAIHATSU,APPLAUSE,1.6 - 11.0L - G10,,
361478,DAIHATSU,FEROZA,1.6 - 11.0L - G10,,
436915,FORD,,1.6 - 12.0L - 3.0L - C30 - DOHC - L4 - S40 - V50,,
437491,FORD,,1.6 - 12.0L - 3.0L - C30 - DOHC - L4 - S40 - V50,,
423262,CHEVROLET,AVEO,1.6 - 12.0L - DOHC - F16,2008,
368961,CITROEN,C3,1.6 - 2.0,2004,
368961,CITROEN,C4,1.6 - 2.0,2004,
368961,PEUGEOT,307,1.6 - 2.0,2004,
369209,PEUGEOT,308,1.6 - 2.0,2011,
404292,RENAULT,DUSTER,1.6 - 2.0,2011,
404292,RENAULT,FLUENCE,1.6 - 2.0,2011,
404292,RENAULT,MEGANE III,1.6 - 2.0,2011,
404292,RENAULT,CAPTUR,1.6 - 2.0,2011,
440902,RENAULT,DUSTER,1.6 - 2.0,2011,
451102,PEUGEOT,307,1.6 - 2.0,2001,
451102,PEUGEOT,308,1.6 - 2.0,2001,
451102,PEUGEOT,207,1.6 - 2.0,2001,
451113,CITROEN,BERLINGO,1.6 - 2.0,1996,
451113,PEUGEOT,206,1.6 - 2.0,1996,
451113,PEUGEOT,306,1.6 - 2.0,1996,
451113,PEUGEOT,405,1.6 - 2.0,1996,
451113,PEUGEOT,PARTNER,1.6 - 2.0,1996,
460928,MERCEDES BENZ,CLASE A,1.6 - 2.0,2018,
502979,FIAT,DUCATO,1.6 - 2.0,2014,
502979,FIAT,QUBO,1.6 - 2.0,2014,
530106,AUDI,A3,1.6 - 2.0,2003,2012
530106,VW,GOLF,1.6 - 2.0,2003,2012
552567,PEUGEOT,206,1.6 - 2.0,2010,
556205,PEUGEOT,308,1.6 - 2.0 - 3.0L - EP6CDTX - EP6DT - EW10J4,2010,2010
556205,CITROEN,C4 PICASSO,1.6 - 2.0 - EW10J4,2010,2010
556205,CITROEN,DS4,1.6 - 2.0 - EW10J4,2010,2010
556205,PEUGEOT,408,1.6 - 2.0 - EW10J4,2010,2010
552911,RENAULT,CLIO,1.6 - 2.0 - R11 - R12 - R18,1989,
556073,VW,VOYAGE,1.6 - 2.8L - 3.5L - EA111 - MSI,2016,
556073,VW,GOL TREND,1.6 - 2.8L - 3.5L - EA111 - MSI,2016,
377547,VW,GOL,1.6 - 2.8L - EA111,1996,
377547,VW,GOLF,1.6 - 2.8L - EA111,1996,
377547,VW,POLO,1.6 - 2.8L - EA111,1996,
377547,VW,PARATI,1.6 - 2.8L - EA111,1996,
416970,VW,POLO,1.6 - 2.8L - EA111,2004,2008
416970,VW,FOX,1.6 - 2.8L - EA111,2004,2008
417004,AUDI,A3,1.6 - 2.8L - EA111,2005,
417004,VW,POLO,1.6 - 2.8L - EA111,2005,
417004,VW,FOX,1.6 - 2.8L - EA111,2005,
417004,VW,CROSSFOX,1.6 - 2.8L - EA111,2005,
417004,VW,SPACEFOX,1.6 - 2.8L - EA111,2005,
556074,VW,VOYAGE,1.6 - 2.8L - EA111,2014,
556074,VW,GOL TREND,1.6 - 2.8L - EA111,2014,
556074,VW,UP,1.6 - 2.8L - EA111,2014,
456400,VW,FOX,1.6 - 3.5L - MSI,1987,1993
456400,VW,SURAN,1.6 - 3.5L - MSI,1987,1993
456400,VW,UP,1.6 - 3.5L - MSI,1987,1993
456400,VW,GOLF VII,1.6 - 3.5L - MSI,1987,1993
507733,VW,GOL,1.6 - 3.5L - MSI,,
507733,VW,GOLF,1.6 - 3.5L - MSI,,
507733,VW,SAVEIRO,1.6 - 3.5L - MSI,,
507733,VW,FOX,1.6 - 3.5L - MSI,,
507733,VW,UP,1.6 - 3.5L - MSI,,
553920,VW,SURAN,1.6 - 3.5L - MSI,,
553920,VW,UP,1.6 - 3.5L - MSI,,
560069,VW,GACEL,1.6 - 3.8L - 4.3L - AP,1990,
560069,VW,GOL,1.6 - 3.8L - 4.3L - AP,1990,
560069,VW,SENDA,1.6 - 3.8L - 4.3L - AP,1990,
560069,VW,SAVEIRO,1.6 - 3.8L - 4.3L - AP,1990,
560069,VW,COUNTRY,1.6 - 3.8L - 4.3L - AP,1990,
451085,PEUGEOT,207,1.6 - 3.8L - DV6,,
552942,CITROEN,BERLINGO,1.6 - 3.8L - DV6,2008,
552942,CITROEN,C4,1.6 - 3.8L - DV6,2008,
552942,CITROEN,C-ELYSEE,1.6 - 3.8L - DV6,2008,
552942,CITROEN,C4 LOUNGE,1.6 - 3.8L - DV6,2008,
552942,PEUGEOT,307,1.6 - 3.8L - DV6,2008,
552942,PEUGEOT,EXPERT,1.6 - 3.8L - DV6,2008,
552942,PEUGEOT,PARTNER,1.6 - 3.8L - DV6,2008,
552942,PEUGEOT,301,1.6 - 3.8L - DV6,2008,
552942,PEUGEOT,308,1.6 - 3.8L - DV6,2008,
552942,PEUGEOT,408,1.6 - 3.8L - DV6,2008,
552942,PEUGEOT,208,1.6 - 3.8L - DV6,2008,
436773,CHEVROLET,,1.6 - C16 - X16,,
560141,RENAULT,R12,1.6 - C2L - R11 - R12 - R18,1989,
560141,RENAULT,R18,1.6 - C2L - R11 - R12 - R18,1989,
560141,RENAULT,R9,1.6 - C2L - R11 - R12 - R18,1989,
560141,RENAULT,R11,1.6 - C2L - R11 - R12 - R18,1989,
560141,VOLVO,440,1.6 - C2L - R11 - R12 - R18,1989,
552944,VW,GACEL,1.6 - O13,2000,
552944,VW,GOL,1.6 - O13,2000,
552944,VW,SENDA,1.6 - O13,2000,
552944,VW,SAVEIRO,1.6 - O13,2000,
552944,VW,COUNTRY,1.6 - O13,2000,
552911,RENAULT,R12,1.6 - R11 - R12 - R18,1989,
552911,RENAULT,R18,1.6 - R11 - R12 - R18,1989,
552911,RENAULT,R9,1.6 - R11 - R12 - R18,1989,
552911,RENAULT,R11,1.6 - R11 - R12 - R18,1989,
552911,RENAULT,EXPRESS,1.6 - R11 - R12 - R18,1989,
552650,RENAULT,CLIO,1.6 - R19,,
552650,RENAULT,R19,1.6 - R19,,
552650,RENAULT,EXPRESS,1.6 - R19,,
563205,PEUGEOT,306,1.6L - 1.8 - 1.9 - XUD7 - XUD9,,
563205,PEUGEOT,205,1.6L - 1.8 - 1.9 - XUD7 - XUD9,,
563205,PEUGEOT,309,1.6L - 1.8 - 1.9 - XUD7 - XUD9,,
563205,PEUGEOT,405,1.6L - 1.8 - 1.9 - XUD7 - XUD9,,
563205,PEUGEOT,BOXER,1.6L - 1.8 - 1.9 - XUD7 - XUD9,,
563205,PEUGEOT,305,1.6L - 1.8 - 1.9 - XUD7 - XUD9,,
355527,VW,24-250,1.6L - 1.8L - 1.9L - 250 - CUMMINS - ISBE,2003,
370342,VOLVO,VM17,1.6L - 1.8L - 5.9L - 6.0L - 6.10 TCA - 6.5 - 9.0 - DSC11 - DSC12 - P94L,2007,
370342,VW,,1.6L - 1.8L - 5.9L - 6.0L - 6.10 TCA - 6.5 - 9.0 - DSC11 - DSC12 - P94L,2007,
445830,SCANIA,SERIE 3,1.6L - 1.8L - 6.0L - DSC12 - FH12 - N10,,
445830,VOLVO,N10,1.6L - 1.8L - 6.0L - DSC12 - FH12 - N10,,
445830,VOLVO,NL10,1.6L - 1.8L - 6.0L - DSC12 - FH12 - N10,,
445830,VOLVO,NL12,1.6L - 1.8L - 6.0L - DSC12 - FH12 - N10,,
176272,CUMMINS,6CTA,1.6L - 1.8L - 6CT - 6CTA - CUMMINS,,40
176272,CUMMINS,6CT,1.6L - 1.8L - 6CT - 6CTA - CUMMINS,,40
176272,CUMMINS,6C,1.6L - 1.8L - 6CT - 6CTA - CUMMINS,,40
428740,FORD,CARGO 1722,1.6L - 1.8L - CUMMINS - CUMMINS INTERACT - ISBE,2008,2010
428740,FORD,CARGO 1517,1.6L - 1.8L - CUMMINS - CUMMINS INTERACT - ISBE,2008,2010
428740,FORD,CARGO 1317,1.6L - 1.8L - CUMMINS - CUMMINS INTERACT - ISBE,2008,2010
428740,FORD,2428E,1.6L - 1.8L - CUMMINS - CUMMINS INTERACT - ISBE,2008,2010
428740,FORD,CARGO 2628,1.6L - 1.8L - CUMMINS - CUMMINS INTERACT - ISBE,2008,2010
428740,MERCEDES BENZ,ACCELO,1.6L - 1.8L - CUMMINS - CUMMINS INTERACT - ISBE - OM612LA,2008,2010
400464,CUMMINS,-,1.6L - 1.8L - CUMMINS - ISBE,,
336099,CUMMINS,SERIE ISC,1.6L - 1.8L - CUMMINS - ISC,,
439215,CUMMINS,-,1.6L - 1.8L - CUMMINS - ISC,,
405149,CUMMINS,-,1.6L - 1.8L - CUMMINS - NT855,1996,
405149,JOHN DEERE,,1.6L - 1.8L - CUMMINS - NT855,1996,
311420,PEUGEOT,405,1.6L - 1.9 - XUD9,405,306
357133,CITROEN,ZX,1.6L - 1.9 - XUD9,,
357133,CITROEN,XSARA,1.6L - 1.9 - XUD9,,
357133,CITROEN,JUMPER,1.6L - 1.9 - XUD9,,
357133,PEUGEOT,405,1.6L - 1.9 - XUD9,,
357133,PEUGEOT,PARTNER,1.6L - 1.9 - XUD9,,
423051,FIAT,PALIO,1.6L - 1.9L - 3.6L - 4.2L - E-TORQUE - TORQUE,,
428340,FIAT,PALIO,1.6L - 1.9L - 3.6L - 4.2L - E-TORQUE - TORQUE,,
49004,RENAULT,MEGANE II,1.6L - 1.9L - F9Q - K9K,,
363914,RENAULT,,1.6L - 13.8L - D4D - D4F,,
388904,CITROEN,JUMPER,1.6L - 2.3 - MULTIJET,,
388904,FIAT,DUCATO,1.6L - 2.3 - MULTIJET,,
388904,PEUGEOT,BOXER,1.6L - 2.3 - MULTIJET,,
370342,VOLVO,NH12,1.6L - 5.9L - 6.0L - 6.1L - 9.0 - D12C - DSC11 - DSC12 - P94L,2007,
370342,SCANIA,R144,1.6L - 5.9L - 6.0L - 7.2L - 9.0 - DSC11 - DSC12 - DSC14 - P94L,2007,
370342,SCANIA,P144,1.6L - 5.9L - 6.0L - 7.2L - 9.0 - DSC11 - DSC12 - DSC14 - P94L,2007,
370342,VOLVO,FH12,1.6L - 5.9L - 6.0L - 9.0 - D12D - DSC11 - DSC12 - P94L,2007,
370342,VOLVO,FM12,1.6L - 5.9L - 6.0L - 9.0 - D12D - DSC11 - DSC12 - P94L,2007,
370342,SCANIA,K94,1.6L - 5.9L - 6.0L - 9.0 - DSC11 - DSC12 - DSC9 - P94L,2007,
370342,SCANIA,L94,1.6L - 5.9L - 6.0L - 9.0 - DSC11 - DSC12 - DSC9 - P94L,2007,
370342,SCANIA,F94,1.6L - 5.9L - 6.0L - 9.0 - DSC11 - DSC12 - DSC9 - P94L,2007,
370342,CHEVROLET,14-190 CAMION,1.6L - 5.9L - 6.0L - 9.0 - DSC11 - DSC12 - P94L,2007,
370342,CHEVROLET,15-190 CAMION,1.6L - 5.9L - 6.0L - 9.0 - DSC11 - DSC12 - P94L,2007,
370342,SCANIA,SERIE P,1.6L - 5.9L - 6.0L - 9.0 - DSC11 - DSC12 - P94L,2007,
370342,SCANIA,K94,1.6L - 5.9L - 6.0L - 9.0 - DSC11 - DSC12 - P94L,2007,
370342,SCANIA,K124,1.6L - 5.9L - 6.0L - 9.0 - DSC11 - DSC12 - P94L,2007,
370342,SCANIA,L94,1.6L - 5.9L - 6.0L - 9.0 - DSC11 - DSC12 - P94L,2007,
370342,SCANIA,-,1.6L - 5.9L - 6.0L - 9.0 - DSC11 - DSC12 - P94L,2007,
370342,SCANIA,P114,1.6L - 5.9L - 6.0L - 9.0 - DSC11 - DSC12 - P94L,2007,
370342,SCANIA,P124,1.6L - 5.9L - 6.0L - 9.0 - DSC11 - DSC12 - P94L,2007,
370342,SCANIA,R124,1.6L - 5.9L - 6.0L - 9.0 - DSC11 - DSC12 - P94L,2007,
370342,SCANIA,T124,1.6L - 5.9L - 6.0L - 9.0 - DSC11 - DSC12 - P94L,2007,
370342,SCANIA,R114,1.6L - 5.9L - 6.0L - 9.0 - DSC11 - DSC12 - P94L,2007,
370342,SCANIA,F94,1.6L - 5.9L - 6.0L - 9.0 - DSC11 - DSC12 - P94L,2007,
370342,SCANIA,K114,1.6L - 5.9L - 6.0L - 9.0 - DSC11 - DSC12 - P94L,2007,
370342,VOLVO,NL10,1.6L - 5.9L - 6.0L - 9.0 - DSC11 - DSC12 - P94L - TD123,2007,
370342,VOLVO,NL12,1.6L - 5.9L - 6.0L - 9.0 - DSC11 - DSC12 - P94L - TD123,2007,
370342,VOLVO,,1.6L - 5.9L - 6.0L - 9.0 - DSC11 - DSC12 - P94L - V12,2007,
411618,SCANIA,P94,1.6L - 6.0L - D12 - DC9 - DSC12 - DSC9 - P94,,
411618,SCANIA,P124,1.6L - 6.0L - D12 - DC9 - DSC12 - DSC9 - P94,,
411618,SCANIA,P270,1.6L - 6.0L - D12 - DC9 - DSC12 - DSC9 - P94,,
411618,SCANIA,R124,1.6L - 6.0L - D12 - DC9 - DSC12 - DSC9 - P94,,
411618,SCANIA,T124,1.6L - 6.0L - D12 - DC9 - DSC12 - DSC9 - P94,,
411618,SCANIA,G380,1.6L - 6.0L - D12 - DC9 - DSC12 - DSC9 - P94,,
416719,SCANIA,K124,1.6L - 6.0L - DC11 - DC12 - DC16 - DC9 - DSC12,,
416719,SCANIA,K124,1.6L - 6.0L - DC11 - DC12 - DC16 - DC9 - DSC12,,
416719,SCANIA,K124,1.6L - 6.0L - DC11 - DC12 - DC16 - DC9 - DSC12,,
416719,SCANIA,K124,1.6L - 6.0L - DC11 - DC12 - DC16 - DC9 - DSC12,,
416719,SCANIA,K124,1.6L - 6.0L - DC11 - DC12 - DC16 - DC9 - DSC12,,
297132,SCANIA,104,1.6L - 6.0L - DC11 - DSC12,,
297132,SCANIA,124,1.6L - 6.0L - DC11 - DSC12,,
443271,SCANIA,F94,1.6L - 6.6 - DC9,2008,1995
443271,SCANIA,F230B,1.6L - 6.6 - DC9,2008,1995
9760,FIAT,800,1.6L - CP3,,
9760,FIAT,SOMECA,1.6L - CP3,,
9760,FIAT,400,1.6L - CP3,,
9760,FIAT,1100,1.6L - CP3,,
9760,FIAT,500,1.6L - CP3,,
9760,FIAT,900,1.6L - CP3,,
9760,FIAT,700,1.6L - CP3,,
409488,FIAT,700,1.6L - CP3,,
440458,FIAT,400,1.6L - CP3,,
440458,FIAT,500,1.6L - CP3,,
400487,SCANIA,G420,1.6L - D12 - DC12 - DC16 - DT12,2006,
426143,SCANIA,SERIE P,1.6L - DC12,2008,
400487,SCANIA,K310,1.6L - DC12 - DC16 - DC9 - DT12,2006,
400487,SCANIA,P420,1.6L - DC12 - DC16 - DT12,2006,
400487,SCANIA,R500,1.6L - DC12 - DC16 - DT12,2006,
400487,SCANIA,164R,1.6L - DC12 - DC16 - DT12,2006,
400487,SCANIA,R480,1.6L - DC12 - DC16 - DT12,2006,
400487,SCANIA,G380,1.6L - DC12 - DC16 - DT12,2006,
400487,SCANIA,G440,1.6L - DC12 - DC16 - DT12,2006,
407578,SCANIA,SERIE 4,1.6L - DC13,,
400491,SCANIA,G400,1.6L - DC13 - DT12,2010,
400491,SCANIA,G440,1.6L - DC13 - DT12,2010,
400491,SCANIA,G480,1.6L - DC13 - DT12,2010,
400491,SCANIA,K400,1.6L - DC13 - DT12,2010,
425767,RENAULT,-,1.6L - F9Q,,
410369,VARIOS,,1.6L - ISC,,
408570,MAXION,HSD,1.6L - MAXION HS - MAXION HSD,,
408570,MAXION,HS,1.6L - MAXION HS - MAXION HSD,,
406978,MERCEDES BENZ,C200,1.6L - MB111.955 - MB111.981 - MB111.983,2000,2002
406978,MERCEDES BENZ,C230,1.6L - MB111.955 - MB111.981 - MB111.983,2000,2002
406978,MERCEDES BENZ,C230,1.6L - MB111.955 - MB111.981 - MB111.983,2000,2002
424090,FIAT,-,1.6L - MULTIJET,,
416193,BMW,535,1.6L - N55B30A,,
407882,MERCEDES BENZ,-,1.6L - OM501LA - OM541LA,,
407882,MERCEDES BENZ,-,1.6L - OM501LA - OM541LA,,
407882,RENAULT,,1.6L - OM501LA - OM541LA,,
407882,VOLVO,FH13,1.6L - OM501LA - OM541LA,,
407882,VOLVO,NH13,1.6L - OM501LA - OM541LA,,
438830,MERCEDES BENZ,OM904,1.6L - OM904,,
407119,MERCEDES BENZ,AXOR,1.6L - OM924 - OM926,1933,2533
407119,MERCEDES BENZ,AXOR,1.6L - OM924 - OM926,1933,2533
411567,PEUGEOT,306,1.6L - XUD9,,
411567,PEUGEOT,205,1.6L - XUD9,,
411567,PEUGEOT,405,1.6L - XUD9,,
434635,PEUGEOT,,1.6L - XUD9,1995,
440173,PEUGEOT,405,1.6L - XUD9,,
458292,PEUGEOT,,1.6L - XUD9,,
458293,PEUGEOT,,1.6L - XUD9,,
552602,CHEVROLET,CORSA II,1.7 - 1.8,2002,
552602,CHEVROLET,MONTANA,1.7 - 1.8,2002,
556167,CHEVROLET,CORSA,1.7 - 1.8,2004,
556167,CHEVROLET,MERIVA,1.7 - 1.8,2004,
560318,CHEVROLET,MERIVA,1.7 - 1.8,2003,
560318,CHEVROLET,CORSA II,1.7 - 1.8,2003,
560318,CHEVROLET,MONTANA,1.7 - 1.8,2003,
456296,RENAULT,,1.7 - 1.8 - 1.9,,
552919,CHEVROLET,ASTRA,1.7 - 1.8 - 2.0 - F17 - F23,2004,
552919,CHEVROLET,VECTRA,1.7 - 1.8 - 2.0 - F17 - F23,2004,
552919,CHEVROLET,CORSA,1.7 - 1.8 - 2.0 - F17 - F23,2004,
552919,CHEVROLET,MERIVA,1.7 - 1.8 - 2.0 - F17 - F23,2004,
552919,CHEVROLET,ZAFIRA,1.7 - 1.8 - 2.0 - F17 - F23,2004,
552919,CHEVROLET,MONTANA,1.7 - 1.8 - 2.0 - F17 - F23,2004,
552919,CHEVROLET,COBALT,1.7 - 1.8 - 2.0 - F17 - F23,2004,
259418,CHEVROLET,CORSA,1.7 - 3.9L - 4.0L - 4EE1 - X17D,2002,
259418,CHEVROLET,MERIVA,1.7 - 3.9L - 4.0L - 4EE1 - X17D,2002,
259418,CHEVROLET,MONTANA,1.7 - 3.9L - 4.0L - 4EE1 - X17D,2002,
436349,CHEVROLET,,1.7 - 4.0L - 4EE1 - X17,8805,9704
357198,DEUTZ,,1.7L - 1.8L - 5.9L - 6.5L - 8210.22.105 - CUMMINS - OM447 - OM447LA,,
357198,MERCEDES BENZ,-,1.7L - 1.8L - 5.9L - 6.5L - 8210.22.105 - CUMMINS - OM447 - OM447LA,,
357198,MERCEDES BENZ,-,1.7L - 1.8L - 5.9L - 6.5L - 8210.22.105 - CUMMINS - OM447 - OM447LA,,
357198,IVECO,190-33,1.7L - 1.8L - 5.9L - 6.5L - 8210.22.105 - CUMMINS - OM447 - OM447LA,,
91866,MERCEDES BENZ,OM611,1.7L - 1.9 - 3.8L - 4.3L - AP - OM611,,
91866,VW,GOL,1.7L - 1.9 - 3.8L - 4.3L - AP - OM611,,
91866,VW,POLO,1.7L - 1.9 - 3.8L - 4.3L - AP - OM611,,
219231,MERCEDES BENZ,OM447,1.7L - 5.9L - OM447 - OM449,,
219231,MERCEDES BENZ,OM449,1.7L - 5.9L - OM447 - OM449,,
425808,MERCEDES BENZ,-,1.7L - 5.9L - OM447 - OM449,,
425808,MERCEDES BENZ,-,1.7L - 5.9L - OM447 - OM449,,
425809,MERCEDES BENZ,-,1.7L - OM611,,
416831,CHEVROLET,ASTRA,1.8 - 1.8L - 2.0 - 2.8 - 4.2 - MWM,1991,
416831,CHEVROLET,CELTA,1.8 - 1.8L - 2.0 - 2.8 - 4.2 - MWM,1991,
416831,FIAT,DUCATO,1.8 - 1.8L - 2.0 - 2.8 - 4.2 - MWM,1991,
416831,FORD,ESCORT,1.8 - 1.8L - 2.0 - 2.8 - 4.2 - MWM,1991,
416831,FORD,F250,1.8 - 1.8L - 2.0 - 2.8 - 4.2 - MWM,1991,
556170,VW,GOLF,1.8 - 1.9 - 2.0,2000,2010
556170,VW,BORA,1.8 - 1.9 - 2.0,2000,
530107,VW,GOLF,1.8 - 1.9 - 2.0 - 2.3 - 2.4 - 2.5 - 2.8 - 2.9,,
200052,PEUGEOT,,1.8 - 1.9 - 2.1,,
349393,PEUGEOT,306,1.8 - 1.9 - 2.1,,
349393,PEUGEOT,806,1.8 - 1.9 - 2.1,,
349393,PEUGEOT,406,1.8 - 1.9 - 2.1,,
349393,PEUGEOT,605,1.8 - 1.9 - 2.1,,
349393,PEUGEOT,EXPERT,1.8 - 1.9 - 2.1,,
349393,PEUGEOT,PARTNER,1.8 - 1.9 - 2.1,,
552905,CITROEN,ZX,1.8 - 1.9 - C15,1991,1999
552905,CITROEN,C15,1.8 - 1.9 - C15,1991,1999
552905,PEUGEOT,306,1.8 - 1.9 - C15,1991,1999
552905,PEUGEOT,205,1.8 - 1.9 - C15,1991,1999
552905,PEUGEOT,406,1.8 - 1.9 - C15,1991,1999
552905,PEUGEOT,PARTNER,1.8 - 1.9 - C15,1991,1999
416313,RENAULT,CLIO,1.8 - 1.9L - 2.0 - F4P - F4R,730,732
49048,VARIOS,,1.8 - 1.9L - 2.8L - 3L - 5.3 - TIPO,,
49048,CHEVROLET,CORSA,1.8 - 1.9L - 3L - 5.3,,
49048,CHEVROLET,SILVERADO,1.8 - 1.9L - 3L - 5.3,,
49048,CHEVROLET,TRACKER,1.8 - 1.9L - 3L - 5.3,,
49048,FORD,FALCON,1.8 - 1.9L - 3L - 5.3,,
49048,FORD,SIERRA,1.8 - 1.9L - 3L - 5.3,,
49048,FORD,TAUNUS,1.8 - 1.9L - 3L - 5.3,,
49048,FORD,F350,1.8 - 1.9L - 3L - 5.3,,
49048,FORD,F250,1.8 - 1.9L - 3L - 5.3,,
49048,HYUNDAI,H1,1.8 - 1.9L - 3L - 5.3,,
49048,MERCEDES BENZ,SPRINTER,1.8 - 1.9L - 3L - 5.3,,
49048,PEUGEOT,504,1.8 - 1.9L - 3L - 5.3,,
49048,PEUGEOT,205,1.8 - 1.9L - 3L - 5.3,,
49048,RENAULT,TRAFIC,1.8 - 1.9L - 3L - 5.3,,
392766,SUBARU,LEGACY,1.8 - 11.0L - 2.0 - 2.2 - 2.5 - 2L - 3.2 - 3.6,,
392766,SUBARU,OUTBACK,1.8 - 11.0L - 2.0 - 2.2 - 2.5 - 2L - 3.2 - 3.6,,
392766,VW,BORA,1.8 - 11.0L - 2.0 - 2.2 - 2L - 3.2,,
392766,TOYOTA,CAMRY,1.8 - 11.0L - 2.2 - 2L - 3.0L - 3.2 - L4,,
392766,ALFA ROMEO,SPIDER,1.8 - 11.0L - 2.2 - 2L - 3.2,,
392766,ALFA ROMEO,SPIDER,1.8 - 11.0L - 2.2 - 2L - 3.2,,
392766,ALFA ROMEO,SPIDER,1.8 - 11.0L - 2.2 - 2L - 3.2,,
392766,ALFA ROMEO,159,1.8 - 11.0L - 2.2 - 2L - 3.2,,
392766,ALFA ROMEO,159,1.8 - 11.0L - 2.2 - 2L - 3.2,,
392766,ALFA ROMEO,159,1.8 - 11.0L - 2.2 - 2L - 3.2,,
392766,ALFA ROMEO,BRERA,1.8 - 11.0L - 2.2 - 2L - 3.2,,
392766,ALFA ROMEO,BRERA,1.8 - 11.0L - 2.2 - 2L - 3.2,,
392766,ALFA ROMEO,BRERA,1.8 - 11.0L - 2.2 - 2L - 3.2,,
392766,CHEVROLET,SPARK,1.8 - 11.0L - 2.2 - 2L - 3.2,,
392766,CITROEN,BERLINGO,1.8 - 11.0L - 2.2 - 2L - 3.2,,
392766,CITROEN,PICASSO,1.8 - 11.0L - 2.2 - 2L - 3.2,,
392766,CITROEN,XSARA PICASSO,1.8 - 11.0L - 2.2 - 2L - 3.2,,
392766,CITROEN,C3,1.8 - 11.0L - 2.2 - 2L - 3.2,,
392766,FIAT,PALIO,1.8 - 11.0L - 2.2 - 2L - 3.2,,
392766,FIAT,SIENA,1.8 - 11.0L - 2.2 - 2L - 3.2,,
392766,FIAT,STRADA,1.8 - 11.0L - 2.2 - 2L - 3.2,,
392766,FIAT,PALIO WEEKEND,1.8 - 11.0L - 2.2 - 2L - 3.2,,
392766,FIAT,PUNTO,1.8 - 11.0L - 2.2 - 2L - 3.2,,
392766,FIAT,STILO,1.8 - 11.0L - 2.2 - 2L - 3.2,,
392766,FIAT,IDEA,1.8 - 11.0L - 2.2 - 2L - 3.2,,
392766,FIAT,ADVENTURE,1.8 - 11.0L - 2.2 - 2L - 3.2,,
392766,FIAT,LINEA,1.8 - 11.0L - 2.2 - 2L - 3.2,,
392766,FIAT,PALIO FIRE,1.8 - 11.0L - 2.2 - 2L - 3.2,,
392766,FIAT,SIENA FIRE,1.8 - 11.0L - 2.2 - 2L - 3.2,,
392766,HONDA,ACCORD,1.8 - 11.0L - 2.2 - 2L - 3.2,,
392766,HONDA,CRV,1.8 - 11.0L - 2.2 - 2L - 3.2,,
392766,HYUNDAI,ATOS,1.8 - 11.0L - 2.2 - 2L - 3.2,,
392766,HYUNDAI,SANTA FE,1.8 - 11.0L - 2.2 - 2L - 3.2,,
392766,HYUNDAI,TUCSON,1.8 - 11.0L - 2.2 - 2L - 3.2,,
392766,HYUNDAI,GENESIS,1.8 - 11.0L - 2.2 - 2L - 3.2,,
392766,HYUNDAI,I30,1.8 - 11.0L - 2.2 - 2L - 3.2,,
392766,HYUNDAI,I10,1.8 - 11.0L - 2.2 - 2L - 3.2,,
392766,HYUNDAI,VELOSTER,1.8 - 11.0L - 2.2 - 2L - 3.2,,
392766,HYUNDAI,H1,1.8 - 11.0L - 2.2 - 2L - 3.2,,
392766,KIA,SPORTAGE,1.8 - 11.0L - 2.2 - 2L - 3.2,,
392766,KIA,PICANTO,1.8 - 11.0L - 2.2 - 2L - 3.2,,
392766,KIA,CERATO,1.8 - 11.0L - 2.2 - 2L - 3.2,,
392766,KIA,RONDO,1.8 - 11.0L - 2.2 - 2L - 3.2,,
392766,MERCEDES BENZ,VITO,1.8 - 11.0L - 2.2 - 2L - 3.2,,
392766,MERCEDES BENZ,VIANO,1.8 - 11.0L - 2.2 - 2L - 3.2,,
392766,MERCEDES BENZ,C240,1.8 - 11.0L - 2.2 - 2L - 3.2,,
392766,MERCEDES BENZ,C200,1.8 - 11.0L - 2.2 - 2L - 3.2,,
392766,MERCEDES BENZ,E320,1.8 - 11.0L - 2.2 - 2L - 3.2,,
392766,MERCEDES BENZ,C220,1.8 - 11.0L - 2.2 - 2L - 3.2,,
392766,MERCEDES BENZ,CLASE E,1.8 - 11.0L - 2.2 - 2L - 3.2,,
392766,MERCEDES BENZ,S400,1.8 - 11.0L - 2.2 - 2L - 3.2,,
392766,MERCEDES BENZ,C270,1.8 - 11.0L - 2.2 - 2L - 3.2,,
392766,MERCEDES BENZ,C230,1.8 - 11.0L - 2.2 - 2L - 3.2,,
392766,MERCEDES BENZ,ML320,1.8 - 11.0L - 2.2 - 2L - 3.2,,
392766,MERCEDES BENZ,E270,1.8 - 11.0L - 2.2 - 2L - 3.2,,
392766,MERCEDES BENZ,B200,1.8 - 11.0L - 2.2 - 2L - 3.2,,
392766,MERCEDES BENZ,S500,1.8 - 11.0L - 2.2 - 2L - 3.2,,
392766,MERCEDES BENZ,ML500,1.8 - 11.0L - 2.2 - 2L - 3.2,,
392766,MERCEDES BENZ,CLK500,1.8 - 11.0L - 2.2 - 2L - 3.2,,
392766,MERCEDES BENZ,CLK350,1.8 - 11.0L - 2.2 - 2L - 3.2,,
392766,MITSUBISHI,MONTERO,1.8 - 11.0L - 2.2 - 2L - 3.2,,
392766,MITSUBISHI,L200,1.8 - 11.0L - 2.2 - 2L - 3.2,,
392766,MITSUBISHI,OUTLANDER,1.8 - 11.0L - 2.2 - 2L - 3.2,,
392766,NISSAN,X-TRAIL,1.8 - 11.0L - 2.2 - 2L - 3.2,,
392766,PEUGEOT,206,1.8 - 11.0L - 2.2 - 2L - 3.2,,
392766,PEUGEOT,205,1.8 - 11.0L - 2.2 - 2L - 3.2,,
392766,PEUGEOT,BOXER,1.8 - 11.0L - 2.2 - 2L - 3.2,,
392766,PEUGEOT,307,1.8 - 11.0L - 2.2 - 2L - 3.2,,
392766,PEUGEOT,EXPERT,1.8 - 11.0L - 2.2 - 2L - 3.2,,
392766,PEUGEOT,PARTNER,1.8 - 11.0L - 2.2 - 2L - 3.2,,
392766,PEUGEOT,308,1.8 - 11.0L - 2.2 - 2L - 3.2,,
392766,PEUGEOT,807,1.8 - 11.0L - 2.2 - 2L - 3.2,,
392766,PEUGEOT,508,1.8 - 11.0L - 2.2 - 2L - 3.2,,
392766,PEUGEOT,408,1.8 - 11.0L - 2.2 - 2L - 3.2,,
392766,PEUGEOT,208,1.8 - 11.0L - 2.2 - 2L - 3.2,,
392766,PEUGEOT,4008,1.8 - 11.0L - 2.2 - 2L - 3.2,,
392766,SUBARU,FORESTER,1.8 - 11.0L - 2.2 - 2L - 3.2,,
392766,SUBARU,IMPREZA,1.8 - 11.0L - 2.2 - 2L - 3.2,,
392766,SUBARU,TRIBECA,1.8 - 11.0L - 2.2 - 2L - 3.2,,
392766,TOYOTA,COROLLA,1.8 - 11.0L - 2.2 - 2L - 3.2,,
392766,TOYOTA,PRIUS,1.8 - 11.0L - 2.2 - 2L - 3.2,,
392766,VARIOS,,1.8 - 11.0L - 2.2 - 2L - 3.2,2000,505
392766,CHERY,TIGGO,1.8 - 11.0L - 2.2 - 2L - 3.2,,
392766,CHERY,FACE,1.8 - 11.0L - 2.2 - 2L - 3.2,,
392766,CHERY,QQ,1.8 - 11.0L - 2.2 - 2L - 3.2,,
438193,FORD,,1.8 - 12.0L - 2.0 - DOHC,8824,938
212732,FORD,ESCORT,1.8 - 12.0L - DOHC,,
212732,FORD,FIESTA,1.8 - 12.0L - DOHC,,
212732,FORD,MONDEO,1.8 - 12.0L - DOHC,,
553820,TOYOTA,COROLLA,1.8 - 12.0L - DOHC,2008,
553820,TOYOTA,FIELDER,1.8 - 12.0L - DOHC,2008,
88084,VW,GACEL,1.8 - 2.0,,
88084,VW,PASSAT,1.8 - 2.0,,
88084,VW,CARAT,1.8 - 2.0,,
88085,VW,GACEL,1.8 - 2.0,,
88085,VW,PASSAT,1.8 - 2.0,,
88085,VW,CARAT,1.8 - 2.0,,
88222,VW,GACEL,1.8 - 2.0,,
88222,VW,PASSAT,1.8 - 2.0,,
88222,VW,CARAT,1.8 - 2.0,,
88223,VW,GACEL,1.8 - 2.0,,
88223,VW,PASSAT,1.8 - 2.0,,
88223,VW,CARAT,1.8 - 2.0,,
167256,VW,GACEL,1.8 - 2.0,,
167256,VW,PASSAT,1.8 - 2.0,,
167256,VW,CARAT,1.8 - 2.0,,
173245,VW,GACEL,1.8 - 2.0,,
173245,VW,PASSAT,1.8 - 2.0,,
173245,VW,CARAT,1.8 - 2.0,,
197534,CHEVROLET,ASTRA,1.8 - 2.0,,
197534,CHEVROLET,VECTRA,1.8 - 2.0,,
197534,CHEVROLET,ZAFIRA,1.8 - 2.0,,
255321,VW,BORA,1.8 - 2.0,,
319501,RENAULT,MEGANE,1.8 - 2.0,,2016
319501,RENAULT,LAGUNA,1.8 - 2.0,,2016
356275,CITROEN,XSARA,1.8 - 2.0,,
356275,CITROEN,EVASION,1.8 - 2.0,,
356275,CITROEN,XSARA PICASSO,1.8 - 2.0,,
356275,CITROEN,C8,1.8 - 2.0,,
356275,PEUGEOT,206,1.8 - 2.0,,
356275,PEUGEOT,806,1.8 - 2.0,,
356275,PEUGEOT,406,1.8 - 2.0,,
356275,PEUGEOT,307,1.8 - 2.0,,
356275,PEUGEOT,EXPERT,1.8 - 2.0,,
356275,PEUGEOT,407,1.8 - 2.0,,
356275,PEUGEOT,807,1.8 - 2.0,,
356276,CITROEN,XSARA,1.8 - 2.0,,
356276,CITROEN,EVASION,1.8 - 2.0,,
356276,CITROEN,XSARA PICASSO,1.8 - 2.0,,
356276,CITROEN,C8,1.8 - 2.0,,
356276,PEUGEOT,206,1.8 - 2.0,,
356276,PEUGEOT,806,1.8 - 2.0,,
356276,PEUGEOT,406,1.8 - 2.0,,
356276,PEUGEOT,307,1.8 - 2.0,,
356276,PEUGEOT,EXPERT,1.8 - 2.0,,
356276,PEUGEOT,407,1.8 - 2.0,,
356276,PEUGEOT,807,1.8 - 2.0,,
369675,VW,BORA,1.8 - 2.0,2004,2013
410817,TOYOTA,COROLLA,1.8 - 2.0,2008,
410895,TOYOTA,COROLLA,1.8 - 2.0,2008,
417003,VW,PASSAT,1.8 - 2.0,1998,2004
438368,FORD,,1.8 - 2.0,3394,928
443758,RENAULT,DUSTER,1.8 - 2.0,,
443758,RENAULT,LAGUNA II,1.8 - 2.0,,
443758,RENAULT,DUSTER OROCH,1.8 - 2.0,,
456511,AUDI,A3,1.8 - 2.0,,
456511,AUDI,A4,1.8 - 2.0,,
456511,AUDI,A6,1.8 - 2.0,,
456511,AUDI,TT,1.8 - 2.0,,
456511,AUDI,Q5,1.8 - 2.0,,
456511,AUDI,A1,1.8 - 2.0,,
456511,AUDI,Q3,1.8 - 2.0,,
456511,SEAT,ALHAMBRA,1.8 - 2.0,,
456511,SEAT,LEON,1.8 - 2.0,,
456511,VW,GOLF,1.8 - 2.0,,
456511,VW,PASSAT,1.8 - 2.0,,
456511,VW,SHARAN,1.8 - 2.0,,
456511,VW,POLO,1.8 - 2.0,,
456511,VW,VENTO,1.8 - 2.0,,
456511,VW,TOURAN,1.8 - 2.0,,
456511,VW,TIGUAN,1.8 - 2.0,,
508294,AUDI,A4,1.8 - 2.0,,
508294,AUDI,A6,1.8 - 2.0,,
508294,VW,,1.8 - 2.0,,
533291,AUDI,A3,1.8 - 2.0,,
533291,AUDI,A4,1.8 - 2.0,,
533291,AUDI,A6,1.8 - 2.0,,
533291,AUDI,TT,1.8 - 2.0,,
533291,AUDI,Q7,1.8 - 2.0,,
533291,AUDI,Q5,1.8 - 2.0,,
533291,AUDI,A1,1.8 - 2.0,,
533291,AUDI,Q3,1.8 - 2.0,,
533291,PORSCHE,MACAN,1.8 - 2.0,,
533291,SEAT,ALHAMBRA,1.8 - 2.0,,
533291,SEAT,LEON,1.8 - 2.0,,
533291,VW,GOLF,1.8 - 2.0,,
533291,VW,PASSAT,1.8 - 2.0,,
533291,VW,SHARAN,1.8 - 2.0,,
533291,VW,POLO,1.8 - 2.0,,
533291,VW,VENTO,1.8 - 2.0,,
533291,VW,TOURAN,1.8 - 2.0,,
533291,VW,TIGUAN,1.8 - 2.0,,
552653,VW,GACEL,1.8 - 2.0,,
552653,VW,GOL,1.8 - 2.0,,
552653,VW,SENDA,1.8 - 2.0,,
552653,VW,CARAT,1.8 - 2.0,,
552653,VW,SAVEIRO,1.8 - 2.0,,
552933,CITROEN,XSARA,1.8 - 2.0,2013,
552933,CITROEN,XSARA PICASSO,1.8 - 2.0,2013,
552933,PEUGEOT,406,1.8 - 2.0,2013,
564853,VW,VENTO,1.8 - 2.0,,
317665,CHEVROLET,,1.8 - 2.0 - 2.2,,
457540,AUDI,A4,1.8 - 2.0 - 2.2 - 2.5 - 2.7 - 2.8 - 3.0 - 3.7 - 4.2,,
457540,AUDI,A6,1.8 - 2.0 - 2.2 - 2.5 - 2.7 - 2.8 - 3.0 - 3.7 - 4.2,,
457540,AUDI,A8,1.8 - 2.0 - 2.2 - 2.5 - 2.7 - 2.8 - 3.0 - 3.7 - 4.2,,
457540,AUDI,S4,1.8 - 2.0 - 2.2 - 2.5 - 2.7 - 2.8 - 3.0 - 3.7 - 4.2,,
457540,AUDI,S6,1.8 - 2.0 - 2.2 - 2.5 - 2.7 - 2.8 - 3.0 - 3.7 - 4.2,,
457540,AUDI,RS6,1.8 - 2.0 - 2.2 - 2.5 - 2.7 - 2.8 - 3.0 - 3.7 - 4.2,,
457540,BMW,SERIE 5,1.8 - 2.0 - 2.2 - 2.5 - 2.7 - 2.8 - 3.0 - 3.7 - 4.2,,
457540,BMW,SERIE 3,1.8 - 2.0 - 2.2 - 2.5 - 2.7 - 2.8 - 3.0 - 3.7 - 4.2,,
457540,BMW,Z4,1.8 - 2.0 - 2.2 - 2.5 - 2.7 - 2.8 - 3.0 - 3.7 - 4.2,,
457540,VW,PASSAT,1.8 - 2.0 - 2.2 - 2.5 - 2.7 - 2.8 - 3.0 - 3.7 - 4.2,,
457540,JAGUAR,S-TYPE,1.8 - 2.0 - 2.2 - 2.5 - 2.7 - 2.8 - 3.0 - 3.7 - 4.2,,
457560,VW,GOLF,1.8 - 2.0 - 2.5 - 3.6,,
457560,VW,PASSAT,1.8 - 2.0 - 2.5 - 3.6,,
457560,VW,JETTA,1.8 - 2.0 - 2.5 - 3.6,,
457560,VW,TIGUAN,1.8 - 2.0 - 2.5 - 3.6,,
457554,SSANG-YONG,REXTON,1.8 - 2.0 - 2.7 - 2.8 - 3.6 - 4.7 - 5.7,202,
457554,SSANG-YONG,KYRON,1.8 - 2.0 - 2.7 - 2.8 - 3.6 - 4.7 - 5.7,202,
530102,AUDI,A4,1.8 - 2.0 - 2.7 - 3.0,2008,2015
530102,VW,VENTO,1.8 - 2.0 - 2.7 - 3.0,2008,2015
530102,VW,TOUAREG,1.8 - 2.0 - 2.7 - 3.0,2008,2015
530102,VW,AMAROK,1.8 - 2.0 - 2.7 - 3.0,2008,2015
565458,AUDI,A5,1.8 - 2.0 - 4.2,2009,
565458,AUDI,A4 II,1.8 - 2.0 - 4.2,2009,
552936,FORD,GALAXY,1.8 - 2.0 - O13,1991,1997
552936,VW,GACEL,1.8 - 2.0 - O13,1991,1997
552936,VW,GOL,1.8 - 2.0 - O13,1991,1997
552936,VW,QUANTUM,1.8 - 2.0 - O13,1991,1997
552936,VW,CARAT,1.8 - 2.0 - O13,1991,1997
552936,VW,SAVEIRO,1.8 - 2.0 - O13,1991,1997
552936,VW,SANTANA,1.8 - 2.0 - O13,1991,1997
552936,VW,COUNTRY,1.8 - 2.0 - O13,1991,1997
457554,MERCEDES BENZ,C230,1.8 - 2.3 - 2.8 - 3.6 - 4.7 - 5.7,202,
349397,FIAT,STILO,1.8 - 2.4,,
416813,CHEVROLET,CORSA,1.8 - 2.4,2002,2016
416813,CHEVROLET,MERIVA,1.8 - 2.4,2002,2016
416813,FIAT,STILO,1.8 - 2.4,2002,2016
416813,MERCEDES BENZ,CLASE C,1.8 - 2.4,2002,2016
416813,MERCEDES BENZ,CLASE B,1.8 - 2.4,2002,2016
457554,MERCEDES BENZ,S320,1.8 - 2.8 - 3.0 - 3.6 - 4.7 - 5.7,202,
457554,MERCEDES BENZ,C55,1.8 - 2.8 - 3.6 - 4.7 - 5.5 - 5.7,202,
457554,CHRYSLER,300,1.8 - 2.8 - 3.6 - 4.7 - 5.7,202,
457554,DODGE,DURANGO,1.8 - 2.8 - 3.6 - 4.7 - 5.7,202,
457554,JEEP,GRAND CHEROKEE,1.8 - 2.8 - 3.6 - 4.7 - 5.7,202,
457554,JEEP,WRANGLER,1.8 - 2.8 - 3.6 - 4.7 - 5.7,202,
457554,MERCEDES BENZ,C280,1.8 - 2.8 - 3.6 - 4.7 - 5.7,202,
457554,MERCEDES BENZ,C200,1.8 - 2.8 - 3.6 - 4.7 - 5.7,202,
457554,MERCEDES BENZ,280SL,1.8 - 2.8 - 3.6 - 4.7 - 5.7,202,
457554,MERCEDES BENZ,C180,1.8 - 2.8 - 3.6 - 4.7 - 5.7,202,
457554,MERCEDES BENZ,C200K,1.8 - 2.8 - 3.6 - 4.7 - 5.7,202,
457554,MERCEDES BENZ,SL600,1.8 - 2.8 - 3.6 - 4.7 - 5.7,202,
142327,FORD,ESCORT,1.8 - 2.8L - R18 - TIPO,1992,1992
142327,FORD,GALAXY,1.8 - 2.8L - R18 - TIPO,1992,1992
142327,RENAULT,R18,1.8 - 2.8L - R18 - TIPO,1992,1992
142327,SEAT,IBIZA,1.8 - 2.8L - R18 - TIPO,1992,1992
142327,VW,GACEL,1.8 - 2.8L - R18 - TIPO,1992,1992
142327,VW,GOL,1.8 - 2.8L - R18 - TIPO,1992,1992
142327,VW,SENDA,1.8 - 2.8L - R18 - TIPO,1992,1992
142327,VW,CARAT,1.8 - 2.8L - R18 - TIPO,1992,1992
142327,VW,SAVEIRO,1.8 - 2.8L - R18 - TIPO,1992,1992
168504,CHEVROLET,CORSA,1.8 - 2.8L - R18 - TIPO,1992,1992
168504,FORD,ESCORT,1.8 - 2.8L - R18 - TIPO,1992,1992
168504,FORD,GALAXY,1.8 - 2.8L - R18 - TIPO,1992,1992
168504,RENAULT,R18,1.8 - 2.8L - R18 - TIPO,1992,1992
168504,SEAT,IBIZA,1.8 - 2.8L - R18 - TIPO,1992,1992
168504,VW,GACEL,1.8 - 2.8L - R18 - TIPO,1992,1992
168504,VW,GOL,1.8 - 2.8L - R18 - TIPO,1992,1992
168504,VW,SENDA,1.8 - 2.8L - R18 - TIPO,1992,1992
168504,VW,CARAT,1.8 - 2.8L - R18 - TIPO,1992,1992
168504,VW,SAVEIRO,1.8 - 2.8L - R18 - TIPO,1992,1992
253397,FORD,ESCORT,1.8 - 2.8L - R18 - TIPO,1992,1992
253397,FORD,GALAXY,1.8 - 2.8L - R18 - TIPO,1992,1992
457553,MERCEDES BENZ,C280,1.8 - 3.0,,
457553,MERCEDES BENZ,C250,1.8 - 3.0,,
457553,MERCEDES BENZ,C200,1.8 - 3.0,,
457553,MERCEDES BENZ,C180,1.8 - 3.0,,
363528,VW,26-310,1.8L - 1.9L - 11.0L - 2L - 3.9 - 3L - 6CTA - 7.2 - 8.3 - BF6M-1013 - CUMMINS - CUMMINS INTERACT,2001,
363262,VW,9-150,1.8L - 1.9L - 170E22 TECTOR - 250 - 3.9 - 4.0 - 5.9 - 6.0 - CUMMINS - CUMMINS INTERACT - E17 - E18 - TECTOR E17 - TECTOR E18 - TECTOR F4AE0681D,2009,2000
363262,FORD,CARGO,1.8L - 1.9L - 170E22 TECTOR - 250 - 3.9 - 5.9 - 6.0 - CUMMINS - CUMMINS INTERACT - E17 - E18 - TECTOR E17 - TECTOR E18 - TECTOR F4AE0681D,2009,2000
363262,VW,17-250,1.8L - 1.9L - 170E22 TECTOR - 250 - 3.9 - 5.9 - 6.0 - CUMMINS - CUMMINS INTERACT - E17 - E18 - TECTOR E17 - TECTOR E18 - TECTOR F4AE0681D,2009,2000
363262,IVECO,EUROCARGO,1.8L - 1.9L - 170E22 TECTOR - 250 - 3.9 - 5.9 - 6.0 - CUMMINS - CUMMINS INTERACT - E17 - E18 - TECTOR E17 - TECTOR E18 - TECTOR F4AE0681D,2009,2000
363262,IVECO,EUROCARGO,1.8L - 1.9L - 170E22 TECTOR - 250 - 3.9 - 5.9 - 6.0 - CUMMINS - CUMMINS INTERACT - E17 - E18 - TECTOR E17 - TECTOR E18 - TECTOR F4AE0681D,2009,2000
363262,IVECO,EUROCARGO,1.8L - 1.9L - 170E22 TECTOR - 250 - 3.9 - 5.9 - 6.0 - CUMMINS - CUMMINS INTERACT - E17 - E18 - TECTOR E17 - TECTOR E18 - TECTOR F4AE0681D,2009,2000
363262,IVECO,EUROCARGO,1.8L - 1.9L - 170E22 TECTOR - 250 - 3.9 - 5.9 - 6.0 - CUMMINS - CUMMINS INTERACT - E17 - E18 - TECTOR E17 - TECTOR E18 - TECTOR F4AE0681D,2009,2000
252301,CHEVROLET,C10,1.8L - 1.9L - 2.5 - 230 - 250 - 3.8 - 4.1 - C10,1962,1978
252301,CHEVROLET,400,1.8L - 1.9L - 2.5 - 230 - 250 - 3.8 - 4.1 - C10,1962,1978
252301,CHEVROLET,OPALA,1.8L - 1.9L - 2.5 - 230 - 250 - 3.8 - 4.1 - C10,1962,1978
252301,CHEVROLET,-,1.8L - 1.9L - 2.5 - 230 - 250 - 3.8 - 4.1 - C10,1962,1978
376707,MERCEDES BENZ,CLASE C,1.8L - 1.9L - 230 - 250,,
500324,CHEVROLET,-,1.8L - 1.9L - 230 - 250,,
500324,CHEVROLET,-,1.8L - 1.9L - 230 - 250,,
511623,VW,BUS,1.8L - 1.9L - 230 - 250,180,2015
379649,IVECO,EURO MOVER,1.8L - 1.9L - 250 - 6.4L - 8.0 - CURSOR 13 - CURSOR 8,2006,
428739,VW,15-180,1.8L - 1.9L - 250 - CUMMINS - MWM,2000,
441314,CHEVROLET,SILVERADO,1.8L - 11.0L - 2.2 - 2.8 - 2L - MWM - MWM SPRINT 4.07TCA - S10,1998,
441314,CHEVROLET,S10,1.8L - 11.0L - 2.2 - 2.8 - 2L - MWM - MWM SPRINT 4.07TCA - S10,1998,
441314,CHEVROLET,S10,1.8L - 11.0L - 2.2 - 2.8 - 2L - MWM - MWM SPRINT 4.07TCA - S10,1998,
441314,CHEVROLET,BLAZER,1.8L - 11.0L - 2.2 - 2.8 - 2L - MWM - MWM SPRINT 4.07TCA - S10,1998,
441314,CHEVROLET,FRONTERA,1.8L - 11.0L - 2.2 - 2.8 - 2L - MWM - MWM SPRINT 4.07TCA - S10,1998,
441314,DEUTZ,AGRALE,1.8L - 11.0L - 2.2 - 2.8 - 2L - MWM - MWM SPRINT 4.07TCA - S10,1998,
379650,CHEVROLET,SILVERADO,1.8L - 11.0L - 2L - 3.0 - 4.1 - 4.2 - F4L - F4L-913 - MWM,,
379650,MASSEY FERGUSON,,1.8L - 11.0L - 2L - 3.0 - 4.1 - 4.2 - F4L - F4L-913 - MWM,,
379650,NISSAN,ECO-T,1.8L - 11.0L - 2L - 3.0 - 4.1 - 4.2 - F4L - F4L-913 - MWM,,
379650,AGCO-ALLIS,SERIE 6,1.8L - 11.0L - 2L - 3.0 - 4.1 - 4.2 - F4L - F4L-913 - MWM,,
363528,IVECO,EUROCARGO,1.8L - 11.0L - 2L - 3.9 - 5.9 - 7.2 - BF6M-1013 - CUMMINS - CUMMINS INTERACT - TECTOR F4AE0681D,2001,
363528,CASE,4490,1.8L - 11.0L - 2L - 3.9 - 5.9L - 7.2 - BF6M-1013 - CUMMINS - CUMMINS INTERACT - D11,2001,
363528,AGRALE,-,1.8L - 11.0L - 2L - 3.9 - 6.1 - 7.2 - BF6M-1013 - CUMMINS - CUMMINS INTERACT - F6L - F6L-913,2001,
363528,AGCO-ALLIS,SERIE 6,1.8L - 11.0L - 2L - 3.9 - 6.1 - 7.2 - BF6M-1013 - CUMMINS - CUMMINS INTERACT - F6L - F6L-913,2001,
363528,FORD,CARGO 915,1.8L - 11.0L - 2L - 3.9 - 7.2 - BF6M-1013 - CUMMINS - CUMMINS INTERACT,2001,
363528,ZANELLO,,1.8L - 11.0L - 2L - 3.9 - 7.2 - BF6M-1013 - CUMMINS - CUMMINS INTERACT,2001,
363528,NEW HOLLAND,,1.8L - 11.0L - 2L - 3.9 - 7.2 - BF6M-1013 - CUMMINS - CUMMINS INTERACT,2001,
363528,AGCO-ALLIS,200,1.8L - 11.0L - 2L - 3.9 - 7.2 - BF6M-1013 - CUMMINS - CUMMINS INTERACT,2001,
363528,AGCO-ALLIS,660,1.8L - 11.0L - 2L - 3.9 - 7.2 - BF6M-1013 - CUMMINS - CUMMINS INTERACT,2001,
363528,AGCO-ALLIS,550,1.8L - 11.0L - 2L - 3.9 - 7.2 - BF6M-1013 - CUMMINS - CUMMINS INTERACT,2001,
363528,AGCO-ALLIS,440,1.8L - 11.0L - 2L - 3.9 - 7.2 - BF6M-1013 - CUMMINS - CUMMINS INTERACT,2001,
348208,FORD,FIESTA,1.8L - 12.0L - 2.3L - X39 - ZETEC ROCAM,,
348208,FORD,KA,1.8L - 12.0L - 2.3L - X39 - ZETEC ROCAM,,
348208,FORD,ECOSPORT,1.8L - 12.0L - 2.3L - X39 - ZETEC ROCAM,,
363625,FORD,,1.8L - 12.0L - 2.3L - ZETEC ROCAM,,
363845,FORD,,1.8L - 12.0L - 2.3L - ZETEC ROCAM,,
440206,FORD,ESCORT,1.8L - 12.0L - 2.3L - ZETEC ROCAM,,
440206,FORD,FIESTA,1.8L - 12.0L - 2.3L - ZETEC ROCAM,,
440207,FORD,ESCORT,1.8L - 12.0L - 2.3L - ZETEC ROCAM,,
440207,FORD,FIESTA,1.8L - 12.0L - 2.3L - ZETEC ROCAM,,
456273,FORD,,1.8L - 12.0L - 2.3L - ZETEC ROCAM,,
460264,TOYOTA,HILUX,1.8L - 1KD-FTV - 1KZ - 2.5 - 2KD-FTV - 3.0,,
460264,TOYOTA,HILUX,1.8L - 1KD-FTV - 1KZ - 2.5 - 2KD-FTV - 3.0,,
460264,TOYOTA,-,1.8L - 1KD-FTV - 1KZ - 2.5 - 2KD-FTV - 3.0,,
560126,TOYOTA,HILUX,1.8L - 1KZ - 2.8 - 3.0,2001,
560126,TOYOTA,SW4,1.8L - 1KZ - 2.8 - 3.0,2001,
442630,FIAT,PALIO,1.8L - 2.5L - E-TORQ,,
377542,CHEVROLET,S10,1.8L - 2.8 - 6.0 - MWM - S10,2000,
377542,CHEVROLET,BLAZER,1.8L - 2.8 - 6.0 - MWM - S10,2000,
377542,FORD,RANGER,1.8L - 2.8 - 6.0 - MWM - S10,2000,
377542,FORD,F350,1.8L - 2.8 - 6.0 - MWM - S10,2000,
377542,FORD,F250,1.8L - 2.8 - 6.0 - MWM - S10,2000,
377542,FORD,F4000,1.8L - 2.8 - 6.0 - MWM - S10,2000,
377542,NISSAN,X TERRA,1.8L - 2.8 - 6.0 - MWM - S10,2000,
377542,NISSAN,FRONTIER,1.8L - 2.8 - 6.0 - MWM - S10,2000,
377542,AGRALE,,1.8L - 2.8 - 6.0 - MWM - S10,2000,
410859,FORD,F4000,1.8L - 2.8 - CUMMINS,2014,
445086,CHEVROLET,S10,1.8L - 2.8 - MWM - S10,,
445086,CHEVROLET,BLAZER,1.8L - 2.8 - MWM - S10,,
445086,NISSAN,X TERRA,1.8L - 2.8 - MWM - S10,,
445086,NISSAN,FRONTIER,1.8L - 2.8 - MWM - S10,,
528355,VARIOS,,1.8L - 2.8L - CUMMINS - TIPO,,
53458,CHEVROLET,,1.8L - 230,,
428435,VARIOS,,1.8L - 230,,
528550,VARIOS,,1.8L - 230,,
528551,VARIOS,,1.8L - 230,,
458766,VW,CONSTELLATION,1.8L - 230 - D08,,2015
503312,VW,CONSTELLATION,1.8L - 230 - D08,2018,
503312,VW,WORKER,1.8L - 230 - D08,2018,
564793,SCANIA,P94,1.8L - 230 - P94,2008,2011
436824,CUMMINS,,1.8L - 3.9 - CUMMINS,,
436825,CUMMINS,,1.8L - 5.9 - CUMMINS,,
450389,MERCEDES BENZ,-,1.8L - 6.10 TCA - MWM,,
379649,IVECO,EUROTRAKKER,1.8L - 6.4L - CURSOR 13,2006,
379649,IVECO,STRALIS,1.8L - 6.4L - CURSOR 13,2006,
379649,IVECO,TRAKKER,1.8L - 6.4L - CURSOR 13,2006,
432206,IVECO,STRALIS,1.8L - 6.4L - CURSOR 13,,
441647,IVECO,STRALIS,1.8L - 6.4L - CURSOR 13,,460
442844,IVECO,STRALIS,1.8L - 6.4L - CURSOR 13,2012,
449185,IVECO,STRALIS,1.8L - 6.4L - CURSOR 13,,600
460306,CASE,,1.8L - C80 - CUMMINS,1980,
460306,KOMATSU,,1.8L - C80 - CUMMINS,1980,
9539,CUMMINS,SERIE B,1.8L - CUMMINS,,
9540,CUMMINS,SERIE C,1.8L - CUMMINS,,
152050,CUMMINS,CTAA,1.8L - CUMMINS,,
152072,CUMMINS,CTAA,1.8L - CUMMINS,,
166632,CUMMINS,SERIE BT,1.8L - CUMMINS,,
176276,CUMMINS,SERIE BT,1.8L - CUMMINS,,
196093,CUMMINS,SERIE BT,1.8L - CUMMINS,,
200465,CUMMINS,CTAA,1.8L - CUMMINS,,
253982,CUMMINS,CTAA,1.8L - CUMMINS,,
320189,CUMMINS,SERIE C,1.8L - CUMMINS,,
323836,CUMMINS,SERIE B,1.8L - CUMMINS,,40
335639,CUMMINS,SERIE C,1.8L - CUMMINS,,
342125,CUMMINS,SERIE B,1.8L - CUMMINS,,
342125,CUMMINS,SERIE BT,1.8L - CUMMINS,,
374946,CUMMINS,,1.8L - CUMMINS,,
374946,MERCEDES BENZ,,1.8L - CUMMINS,,
374946,SCANIA,,1.8L - CUMMINS,,
374946,ZANELLO,,1.8L - CUMMINS,,
374946,LIEBHERR,,1.8L - CUMMINS,,
408571,CUMMINS,SERIE B,1.8L - CUMMINS,,
408571,CUMMINS,SERIE BT,1.8L - CUMMINS,,
415583,FORD,CARGO,1.8L - CUMMINS,815,1731
415583,VW,24-650,1.8L - CUMMINS,815,1731
415583,IVECO,EUROCARGO,1.8L - CUMMINS,815,1731
444537,FORD,CARGO,1.8L - CUMMINS,1932,1933
444537,VW,CONSTELLATION,1.8L - CUMMINS,1932,1933
550551,HYUNDAI,,1.8L - CUMMINS,2007,
564855,CUMMINS,SERIE B,1.8L - CUMMINS,,
564871,CUMMINS,SERIE B,1.8L - CUMMINS,,
553981,FORD,CARGO,1.8L - CUMMINS - MWM,,
335644,CITROEN,BERLINGO,1.8L - DW10,,
335644,CITROEN,PICASSO,1.8L - DW10,,
335644,CITROEN,XSARA,1.8L - DW10,,
335644,CITROEN,XSANTIA,1.8L - DW10,,
335644,CITROEN,C5,1.8L - DW10,,
449095,PEUGEOT,-,1.8L - DW10,,
10109,MWM,-,1.8L - MWM,,
17850,MWM,AKD311Z,1.8L - MWM,,
17850,MWM,KD10,1.8L - MWM,,
17850,MWM,5D,1.8L - MWM,,
17850,MWM,KD110,1.8L - MWM,,
17850,MWM,5Z KD110.5D,1.8L - MWM,,
17850,MWM,5V,1.8L - MWM,,
17850,MWM,KD1,1.8L - MWM,,
17850,MWM,5S,1.8L - MWM,,
17850,MWM,KD210,1.8L - MWM,,
17850,MWM,5D,1.8L - MWM,,
17850,MWM,KD2,1.8L - MWM,,
17850,MWM,5V,1.8L - MWM,,
17850,MWM,KD21,1.8L - MWM,,
17850,MWM,5S,1.8L - MWM,,
17850,MWM,D225,1.8L - MWM,,
17850,MWM,D325,1.8L - MWM,,
17850,MWM,D208Z,1.8L - MWM,,
17850,MWM,308,1.8L - MWM,,
17850,MWM,D208,1.8L - MWM,,
17850,MWM,308D,1.8L - MWM,,
17850,MWM,D208V,1.8L - MWM,,
17850,MWM,308V,1.8L - MWM,,
17850,MWM,D208S,1.8L - MWM,,
17850,MWM,308S,1.8L - MWM,,
17850,MWM,KD1105Z,1.8L - MWM,,
17850,MWM,KD1105D,1.8L - MWM,,
17850,MWM,KD1105V,1.8L - MWM,,
17850,MWM,KD1105S,1.8L - MWM,,
17850,MWM,D227,1.8L - MWM,,
17850,MWM,D226Z,1.8L - MWM,,
17850,MWM,226D,1.8L - MWM,,
17850,MWM,D226V,1.8L - MWM,,
17850,MWM,D226S,1.8L - MWM,,
17850,MWM,TD226,1.8L - MWM,,
17850,MWM,TD228,1.8L - MWM,,
64535,MWM,-,1.8L - MWM,,
64536,MWM,-,1.8L - MWM,,
289735,MWM,-,1.8L - MWM,,
296110,MWM,6.1,1.8L - MWM,,
296110,MWM,6.10TCA,1.8L - MWM,,
296110,MWM,6.10T,1.8L - MWM,,
319790,MWM,4.07,1.8L - MWM,,
319791,MWM,4.07,1.8L - MWM,,
368369,MWM,D227,1.8L - MWM,,
368369,MWM,MOTOR D327,1.8L - MWM,,
368370,MWM,6.1,1.8L - MWM,,
368370,MWM,6.10T,1.8L - MWM,,
404243,MWM,6.1,1.8L - MWM,,
408392,MWM,SPRINT,1.8L - MWM,,
415277,MWM,D225,1.8L - MWM,,
425787,MWM,4.1,1.8L - MWM,,
425787,MWM,6.1,1.8L - MWM,,
442009,DEUTZ,AGRALE,1.8L - MWM,2006,
442009,FORD,CARGO,1.8L - MWM,2006,
442009,VW,CONSTELLATION,1.8L - MWM,2006,
442009,VW,WORKER,1.8L - MWM,2006,
445358,DEUTZ,AGRALE,1.8L - MWM,210,260
445358,VOLVO,VM 15-210,1.8L - MWM,210,260
445358,VW,BUS,1.8L - MWM,2004,
445358,VW,CONSTELLATION,1.8L - MWM,2006,
445358,VW,WORKER,1.8L - MWM,2005,
445358,VW,E-WORKER,1.8L - MWM,2003,
553878,MWM,,1.8L - MWM,2007,
409600,DEUTZ,,1.8L - MWM - MWM SPRINT 4.07TCA,2006,
217644,CHEVROLET,S10,1.8L - MWM - S10,,
497943,VARIOS,,1.8L - MWM - S10,2010,
445361,MERCEDES BENZ,710,1.8L - OM364LA,2010,
429836,VW,TRANSPORTER,1.9 - 1.9L - 250 - 4.9L - 5.1L - 5.7L - ABL - AEF - AEY,1998,
429836,SEAT,IBIZA,1.9 - 1.9L - 250 - 4.9L - 5.1L - AEF - AEY,1998,
429836,SEAT,CORDOBA,1.9 - 1.9L - 250 - 4.9L - 5.1L - AEF - AEY,1998,
429836,SEAT,INCA,1.9 - 1.9L - 250 - 4.9L - 5.1L - AEF - AEY,1998,
429836,VW,POLO,1.9 - 1.9L - 250 - 4.9L - 5.1L - AEF - AEY,,
429836,VW,POLO,1.9 - 1.9L - 250 - 4.9L - 5.1L - AEF - AEY,,
429836,VW,CADDY,1.9 - 1.9L - 250 - 4.9L - 5.1L - AEF - AEY,,
429836,VW,CADDY,1.9 - 1.9L - 250 - 4.9L - 5.1L - AEF - AEY,,
357116,CITROEN,BERLINGO,1.9 - 2.0,,
357116,CITROEN,XSARA,1.9 - 2.0,,
357116,PEUGEOT,206,1.9 - 2.0,,
357116,PEUGEOT,306,1.9 - 2.0,,
357116,PEUGEOT,806,1.9 - 2.0,,
357116,PEUGEOT,406,1.9 - 2.0,,
357116,PEUGEOT,307,1.9 - 2.0,,
357116,PEUGEOT,EXPERT,1.9 - 2.0,,
357116,PEUGEOT,PARTNER,1.9 - 2.0,,
357116,PEUGEOT,607,1.9 - 2.0,,
403106,VARIOS,,1.9 - 2.0,2000,
357117,ALFA ROMEO,145,1.9 - 2.0 - 2.8L - TIPO,,
357117,ALFA ROMEO,146,1.9 - 2.0 - 2.8L - TIPO,,
357117,ALFA ROMEO,164,1.9 - 2.0 - 2.8L - TIPO,,
357117,FIAT,PALIO,1.9 - 2.0 - 2.8L - TIPO,,
357117,FIAT,SIENA,1.9 - 2.0 - 2.8L - TIPO,,
357117,FIAT,UNO,1.9 - 2.0 - 2.8L - TIPO,,
357117,FIAT,TIPO,1.9 - 2.0 - 2.8L - TIPO,,
563207,RENAULT,CLIO,1.9 - H09,2009,1996
10454,TOYOTA,HILUX,1.9L - 11.0L - 2L - 3L,,
553880,TOYOTA,-,1.9L - 11.0L - 2L - 3L,,
553880,TOYOTA,-,1.9L - 11.0L - 2L - 3L,,
457048,DODGE,JOURNEY,1.9L - 2.0 - 2.2 - 2.4 - 250,150,250
457048,ISUZU,ELF,1.9L - 2.0 - 2.2 - 2.4 - 250,150,250
356368,LAND ROVER,DEFENDER,1.9L - 2.3 - 2.5 - 221 - 3.6 - 3.8 - 300CID-OHV - 3L - 4.0 - 4.9 - 8.3L - COLOGNE - D-16L - DURATEC,2001,1995
356368,CATERPILLAR,,1.9L - 2.3 - 221 - 3.6 - 3.8 - 300CID-OHV - 3L - 4.0 - 4.9 - 8.3L - COLOGNE - DURATEC,2001,1995
356368,FORD,EXPLORER,1.9L - 2.3 - 221 - 3.6 - 3.8 - 300CID-OHV - 3L - 4.0 - 4.9 - 8.3L - COLOGNE - DURATEC,1993,
356368,FORD,RANGER,1.9L - 2.3 - 221 - 3.6 - 3.8 - 300CID-OHV - 3L - 4.0 - 4.9 - 8.3L - COLOGNE - DURATEC,2001,1995
356368,FORD,RANGER,1.9L - 2.3 - 221 - 3.6 - 3.8 - 300CID-OHV - 3L - 4.0 - 4.9 - 8.3L - COLOGNE - DURATEC,2001,1995
356368,FORD,F100,1.9L - 2.3 - 221 - 3.6 - 3.8 - 300CID-OHV - 3L - 4.0 - 4.9 - 8.3L - COLOGNE - DURATEC,2001,1995
356368,FORD,F100,1.9L - 2.3 - 221 - 3.6 - 3.8 - 300CID-OHV - 3L - 4.0 - 4.9 - 8.3L - COLOGNE - DURATEC,2001,1995
356368,FORD,FALCON,1.9L - 2.3 - 221 - 3.6 - 3.8 - 300CID-OHV - 3L - 4.0 - 4.9 - 8.3L - COLOGNE - DURATEC,2001,1995
429226,RENAULT,MASTER,1.9L - 2.3 - 3L,2016,
429226,RENAULT,KANGOO II,1.9L - 2.3 - 3L,2016,
431735,MITSUBISHI,OUTLANDER,1.9L - 2.3 - 3L,2015,
431735,NISSAN,NP300,1.9L - 2.3 - 3L,2015,
262038,FORD,SIERRA,1.9L - 2.3 - 3L - 8.3L - OHC,,
262038,FORD,TAUNUS,1.9L - 2.3 - 3L - 8.3L - OHC,,
262038,MASSEY FERGUSON,MF6845,1.9L - 2.3 - 3L - 8.3L - OHC,,
408146,CITROEN,JUMPER,1.9L - 2.3 - 3L - F1AE3481G - F1CFL411E,2010,
408146,FIAT,DUCATO,1.9L - 2.3 - 3L - F1AE3481G - F1CFL411E,2010,
408146,FIAT,DUCATO,1.9L - 2.3 - 3L - F1AE3481G - F1CFL411E,2010,
408146,PEUGEOT,BOXER,1.9L - 2.3 - 3L - F1AE3481G - F1CFL411E,2010,
408146,IVECO,DAILY,1.9L - 2.3 - 3L - F1AE3481G - F1CFL411E,2010,
443971,TOYOTA,HILUX,1.9L - 2.4 - 2.8 - 3L,,
443971,TOYOTA,4RUNNER,1.9L - 2.4 - 2.8 - 3L,,
326422,HONDA,,1.9L - 2.8L - 250 - TIPO,2001,
428188,CITROEN,C3,1.9L - 2.8L - TU5JP4,,
428188,PEUGEOT,206,1.9L - 2.8L - TU5JP4,,
436051,PEUGEOT,,1.9L - 2.8L - TU5JP4,,
528433,PEUGEOT,-,1.9L - 2.8L - TU5JP4,,
286585,CHEVROLET,SILVERADO,1.9L - 250,1985,1990
286585,CHEVROLET,-,1.9L - 250,1985,1990
331536,HONDA,,1.9L - 250,,
336014,MOTOS VARIAS,-,1.9L - 250,150,1980
368868,HONDA,,1.9L - 250,250,
368870,YAMAHA,,1.9L - 250,250,
395578,MERCEDES BENZ,CLASE A,1.9L - 250,2012,
395578,MERCEDES BENZ,CLASE B,1.9L - 250,2012,
395580,MERCEDES BENZ,,1.9L - 250,2013,
395580,MERCEDES BENZ,CLASE A,1.9L - 250,2013,
395580,MERCEDES BENZ,CLASE C,1.9L - 250,2013,
395580,MERCEDES BENZ,CLASE E,1.9L - 250,2013,
432254,MERCEDES BENZ,250,1.9L - 250,,
432254,MERCEDES BENZ,300,1.9L - 250,,
432254,MERCEDES BENZ,350,1.9L - 250,,
432627,VARIOS,,1.9L - 250,,350
444799,CITROEN,JUMPER,1.9L - 250,2018,
444799,FIAT,DUCATO,1.9L - 250,2018,
503527,HONDA,XR TORNADO 250,1.9L - 250,,
504520,FIAT,DUCATO,1.9L - 250,2018,
508168,PEUGEOT,BOXER,1.9L - 250,2019,
511623,VW,CONSTELLATION,1.9L - 250,180,2015
511623,VW,WORKER,1.9L - 250,180,2015
550557,KTM,,1.9L - 250,2017,
443271,SCANIA,F250,1.9L - 250 - 6.6,2008,1995
503786,FIAT,-,1.9L - 3.9L - TORQUE - TORQUE 16V,,
317703,TOYOTA,HILUX,1.9L - 3L,1988,
380492,TOYOTA,,1.9L - 3L,,
49004,CHEVROLET,SILVERADO,1.9L - 3L - 5.3,,
314428,RENAULT,CLIO,1.9L - K9K,,
323667,RENAULT,CLIO,1.9L - K9K,,
323667,RENAULT,MEGANE,1.9L - K9K,,
323667,RENAULT,SCENIC,1.9L - K9K,,
345874,RENAULT,CLIO,1.9L - K9K,,
345874,RENAULT,MEGANE,1.9L - K9K,,
345874,RENAULT,SCENIC,1.9L - K9K,,
428219,RENAULT,KANGOO II,1.9L - K9K,,
440451,RENAULT,CLIO,1.9L - K9K,,
533094,RENAULT,,1.9L - K9K,,
533095,RENAULT,,1.9L - K9K,,
435987,CHEVROLET,,11.0L - 2.0 - 2.2 - 2L,1997,
365713,CASE,CX50,11.0L - 2.2 - 2.8 - 2.9 - 2L - 4BT - 4M40 - V2003-M-DI-TE2B,1997,
365713,CASE,CX60,11.0L - 2.2 - 2.8 - 2.9 - 2L - 4BT - 4M40 - V2003-M-DI-TE2B,1997,
365713,CATERPILLAR,307B,11.0L - 2.2 - 2.8 - 2.9 - 2L - 4BT - 4M40 - V2003-M-DI-TE2B,1997,
365713,CLARK,AUTOELEVADOR,11.0L - 2.2 - 2.8 - 2.9 - 2L - 4BT - 4M40 - V2003-M-DI-TE2B,1997,
365713,BOBCAT,337,11.0L - 2.2 - 2.8 - 2.9 - 2L - 4BT - 4M40 - V2003-M-DI-TE2B,1997,
255321,KIA,SORENTO,11.0L - 2.2 - 2L,,
298159,MERCEDES BENZ,SPRINTER,11.0L - 2.2 - 2L,,
298159,MERCEDES BENZ,OM612,11.0L - 2.2 - 2L,,
532673,TOYOTA,4RUNNER,12.0L - 4.0 - 4.6 - DOHC,2010,
532673,LEXUS,,12.0L - 4.0 - 4.6 - DOHC,2010,
569410,VW,GOLF,12.0L - AEV,,
569410,VW,POLO,12.0L - AEV,,
363632,SEAT,,12.0L - DOHC,,
415279,CHEVROLET,CORSA II,12.0L - DOHC - L79,2003,
142459,VW,1500,1500 - 2.2L,1973,1989
336034,MOTOS VARIAS,-,1500 - 2.2L,,
371491,FIAT,,1500 - 2.2L,,
372143,FIAT,600,1500 - 2.2L,,
372143,FIAT,1500,1500 - 2.2L,,
379474,VW,ESCARABAJO,1500 - 2.2L,1955,1966
503330,DODGE,RAM,1500 - 2.2L,1500,2500
530419,DODGE,RAM 1500,1500 - 2.2L,,
145538,DODGE,1500,1500 - 2.2L - R12,,
145538,RENAULT,R12,1500 - 2.2L - R12,,
556193,TOYOTA,HILUX,1KD-FTV - 2.4 - 2.7 - 2.8 - 3.0 - 4.0,2015,
443973,HYUNDAI,I30,2.0 - 2.0L - 4G63 - 7.2L - G4F - I30,2008,
415296,PEUGEOT,206,2.0 - 2.2,,
415296,PEUGEOT,406,2.0 - 2.2,,
415296,PEUGEOT,307,2.0 - 2.2,,
415296,PEUGEOT,607,2.0 - 2.2,,
415296,PEUGEOT,407,2.0 - 2.2,,
415296,PEUGEOT,807,2.0 - 2.2,,
560136,PEUGEOT,504,2.0 - 2.2,,
560136,PEUGEOT,505,2.0 - 2.2,,
442672,FORD,RANGER,2.0 - 2.2 - 2.4,,
457547,CHEVROLET,ASTRA,2.0 - 2.2 - 2.4,,
457547,CHEVROLET,VECTRA,2.0 - 2.2 - 2.4,,
457547,CHEVROLET,ZAFIRA,2.0 - 2.2 - 2.4,,
317698,RENAULT,TRAFIC,2.0 - 2.2 - J5R - J6R - J7R - J7T - R18 - R21,2018,
438439,RENAULT,,2.0 - 2.2 - R18,,
552611,NISSAN,PICK UP,2.0 - 2.3 - 2.4 - 2.7 - 3.0 - C10 - C20,1963,1997
552584,NISSAN,PICK UP,2.0 - 2.3 - 2.4 - 2.7 - 3.0 - C10 - C20 - D20,1996,2000
552929,PEUGEOT,504,2.0 - 2.3 - 2.5,1977,2000
552929,PEUGEOT,505,2.0 - 2.3 - 2.5,1977,2000
571463,MERCEDES BENZ,190,2.0 - 2.3 - 2.5 - 2.6 - C10,1980,
416836,FORD,FOCUS,2.0 - 2.3 - 8.3L - DURATEC,2005,
416836,FORD,ECOSPORT,2.0 - 2.3 - 8.3L - DURATEC,2005,
416836,FORD,FUSION,2.0 - 2.3 - 8.3L - DURATEC,2005,
348865,CHEVROLET,ASTRA,2.0 - 2.4,2001,1998
395575,VW,VENTO,2.0 - 2.5,2011,
503346,AUDI,A3,2.0 - 2.5,2016,
503346,AUDI,TT,2.0 - 2.5,2016,
503346,AUDI,Q3,2.0 - 2.5,2016,
530156,TOYOTA,COROLLA,2.0 - 2.5 - 4.4,2019,
530156,TOYOTA,RAV 4,2.0 - 2.5 - 4.4,2019,
503346,AUDI,R8,2.0 - 2.5 - 5.2,2016,
530105,VW,AMAROK,2.0 - 2.7 - 2.8 - 3.0 - 4.0 - 4.2,2010,2016
530105,AUDI,A4,2.0 - 2.7 - 2.8 - 3.0 - 4.0 - 4.2 - 6.0,,
409593,BMW,,2.0 - 2.8 - 3.0,2013,
457559,TOYOTA,COROLLA,2.0 - 3.0,,
457559,TOYOTA,CAMRY,2.0 - 3.0,,
457559,TOYOTA,RAV 4,2.0 - 3.0,,
562158,FORD,RANGER,2.0 - 3.0,2023,
564020,FORD,RANGER,2.0 - 3.0,2023,
571494,VW,AMAROK,2.0 - 3.0,2012,
395911,HONDA,ACCORD,2.0 - 3.5,2013,
395911,MITSUBISHI,OUTLANDER,2.0 - 3.5,2013,
571463,NISSAN,VANETTE,2.0 - C10,1980,
434679,PEUGEOT,,2.0 - DW10TD,,
434680,PEUGEOT,,2.0 - DW10TD,,
416910,CITROEN,PICASSO,2.0 - EW10J4,,
416910,CITROEN,XSARA,2.0 - EW10J4,,
416910,CITROEN,C5,2.0 - EW10J4,,
416910,CITROEN,C4,2.0 - EW10J4,,
416910,PEUGEOT,806,2.0 - EW10J4,,
416910,PEUGEOT,406,2.0 - EW10J4,,
416910,PEUGEOT,307,2.0 - EW10J4,,
416910,PEUGEOT,407,2.0 - EW10J4,,
142450,RENAULT,R18,2.0 - R18,,1995
142450,RENAULT,FUEGO,2.0 - R18,,1995
142450,RENAULT,TRAFIC,2.0 - R18,,1995
142450,RENAULT,R9,2.0 - R18,,1995
142450,RENAULT,R11,2.0 - R18,,1995
142450,RENAULT,CLIO,2.0 - R18,,1995
142450,RENAULT,R19,2.0 - R18,,1995
142450,RENAULT,KANGOO,2.0 - R18,,1995
142450,RENAULT,TWINGO,2.0 - R18,,1995
443386,VOLVO,S90,2.0 - S90,2018,
443386,VOLVO,XC90,2.0 - S90,2018,
142333,FORD,FIESTA,2.0L - ENDURA,,
142333,FORD,KA,2.0L - ENDURA,,
553427,FIAT,STRADA,2.0L - ENDURA,2020,
553428,FIAT,STRADA,2.0L - ENDURA,2020,
262331,CHEVROLET,D20,2.1 - 3.9 - D20 - J8S - J8S-852 - MAXION HS,,
262331,RENAULT,TRAFIC,2.1 - 3.9 - D20 - J8S - J8S-852 - MAXION HS,,
262331,VARIOS,,2.1 - 3.9 - D20 - J8S - J8S-852 - MAXION HS,,
416848,CHEVROLET,S10,2.2 - 2.4 - 4.3 - S10,1995,
416848,CHEVROLET,BLAZER,2.2 - 2.4 - 4.3 - S10,1995,
377543,CHEVROLET,BLAZER,2.2 - 2.5,1998,
377543,FORD,RANGER,2.2 - 2.5,1998,
377543,FORD,F1000,2.2 - 2.5,1998,
377543,MERCEDES BENZ,SPRINTER,2.2 - 2.5,1998,
560281,KIA,BESTA,2.2 - 2.5 - 2.8 - C10 - S10,1980,
377543,CHEVROLET,S10,2.2 - 2.5 - S10,1998,
556169,CHEVROLET,S10,2.2 - 2.5 - S10,1996,2011
560290,KIA,BESTA,2.2 - 2.7,1991,
407847,FORD,RANGER,2.2 - 3.2,2012,
530676,FORD,RANGER,2.2 - 3.2,2019,
553865,FORD,RANGER,2.2 - 3.2,,
553882,FORD,RANGER,2.2 - 3.2,,
553961,MERCEDES BENZ,CLASE C,2.2 - 3.5,2010,
553961,MERCEDES BENZ,ML350,2.2 - 3.5,2010,
552611,KIA,BESTA,2.2 - C10 - C20,1963,1997
552611,MAZDA,B2200,2.2 - C10 - C20,1963,1997
451103,CITROEN,JUMPER,2.3 - 2.5 - 2.8,1994,
451103,FIAT,DUCATO,2.3 - 2.5 - 2.8,1994,
552599,CITROEN,JUMPER,2.3 - 2.5 - 2.8,2010,2001
552599,FIAT,DUCATO,2.3 - 2.5 - 2.8,2010,2001
552599,FORD,TRANSIT,2.3 - 2.5 - 2.8,2010,2001
552599,MERCEDES BENZ,SPRINTER,2.3 - 2.5 - 2.8,2010,2001
552599,PEUGEOT,BOXER,2.3 - 2.5 - 2.8,2010,
552599,RENAULT,MASTER,2.3 - 2.5 - 2.8,2010,2001
552599,IVECO,DAILY,2.3 - 2.5 - 2.8,2010,2001
552585,FORD,RANGER,2.3 - 2.5 - 4.0,1972,
560285,FORD,RANGER,2.3 - 2.5 - 4.0,1995,
560285,FORD,F100,2.3 - 2.5 - 4.0,1995,
560285,FORD,FALCON,2.3 - 2.5 - 4.0,1995,
560285,FORD,FAIRLANE,2.3 - 2.5 - 4.0,1995,
560285,FORD,F150,2.3 - 2.5 - 4.0,1995,
560285,FORD,RANCHERO,2.3 - 2.5 - 4.0,1995,
560285,MERCEDES BENZ,CLASE C,2.3 - 2.5 - 4.0,1995,
560285,MERCEDES BENZ,CLK,2.3 - 2.5 - 4.0,1995,
560285,MERCEDES BENZ,CLASE E,2.3 - 2.5 - 4.0,1995,
560285,VOLVO,240,2.3 - 2.5 - 4.0,1995,
560285,VOLVO,245,2.3 - 2.5 - 4.0,1995,
560285,VW,TRANSPORTER,2.3 - 2.5 - 4.0,1995,
552611,FORD,RANGER,2.3 - 2.5 - 4.0 - C10 - C20,1963,1997
571463,FORD,RANGER,2.3 - C10,1980,
443318,TOYOTA,HILUX,2.4 - 2.8,2016,
443318,TOYOTA,SW4,2.4 - 2.8,2016,
443318,TOYOTA,INNVOVA,2.4 - 2.8,2016,
197551,DAEWOO,TICO,2.4 - 3.0 - 4.0 - 8.0L - F3R - G6A,1993,
197551,DAEWOO,MATIZ,2.4 - 3.0 - 4.0 - 8.0L - F3R - G6A,1993,
197551,HYUNDAI,SONATA,2.4 - 3.0 - 4.0 - 8.0L - F3R - G6A,1993,
197551,HYUNDAI,GALLOPER,2.4 - 3.0 - 4.0 - 8.0L - F3R - G6A,1993,
197551,NISSAN,PATHFINDER,2.4 - 3.0 - 4.0 - 8.0L - F3R - G6A,1993,
197551,RENAULT,MEGANE,2.4 - 3.0 - 4.0 - 8.0L - F3R - G6A,1993,
197551,TOYOTA,LAND CRUISER,2.4 - 3.0 - 4.0 - 8.0L - F3R - G6A,1993,
349248,MERCEDES BENZ,OM616,2.4 - 3.8 - OM314 - OM616,,
349248,MERCEDES BENZ,OM314,2.4 - 3.8 - OM314 - OM616,,
349248,MERCEDES BENZ,310D,2.4 - 3.8 - OM314 - OM616,,
349248,MERCEDES BENZ,L608D,2.4 - 3.8 - OM314 - OM616,,
349248,MERCEDES BENZ,L328,2.4 - 3.8 - OM314 - OM616,,
349248,MERCEDES BENZ,O309D,2.4 - 3.8 - OM314 - OM616,,
552611,TOYOTA,HILUX,2.4 - C10 - C20,1963,1997
552611,TOYOTA,HI ACE,2.4 - C10 - C20,1963,1997
552611,TOYOTA,4RUNNER,2.4 - C10 - C20,1963,1997
552584,TOYOTA,HILUX,2.4 - C10 - C20 - D20,1996,2000
552584,TOYOTA,HI ACE,2.4 - C10 - C20 - D20,1996,2000
552584,TOYOTA,4RUNNER,2.4 - C10 - C20 - D20,1996,2000
357113,CITROEN,JUMPER,2.5 - 2.8,1998,
357113,FIAT,DUCATO,2.5 - 2.8,1998,
357113,PEUGEOT,BOXER,2.5 - 2.8,1998,
357113,RENAULT,MASTER,2.5 - 2.8,1998,
437262,MAXION,,2.5 - 2.8,,
437860,MAXION,,2.5 - 2.8,,
564857,MAXION,,2.5 - 2.8,,
564872,FIAT,DUCATO,2.5 - 2.8,,
564873,MAXION,,2.5 - 2.8,,
560281,FORD,RANGER,2.5 - 2.8 - 3.0 - C10 - S10,1980,
560281,JEEP,WRANGLER,2.5 - 2.8 - 3.8 - C10 - S10,1980,
552584,CHEVROLET,SILVERADO,2.5 - 2.8 - C10 - C20 - D20,1996,2000
560281,CHEVROLET,C10,2.5 - 2.8 - C10 - S10,1980,
560281,CHEVROLET,SILVERADO,2.5 - 2.8 - C10 - S10,1980,
560281,CHEVROLET,S10,2.5 - 2.8 - C10 - S10,1980,
560281,CHEVROLET,BLAZER,2.5 - 2.8 - C10 - S10,1980,
560281,CHEVROLET,C20,2.5 - 2.8 - C10 - S10,1980,
560281,CHEVROLET,D20,2.5 - 2.8 - C10 - S10,1980,
560281,DODGE,D100,2.5 - 2.8 - C10 - S10,1980,
560281,FORD,F100,2.5 - 2.8 - C10 - S10,1980,
560281,FORD,F1000,2.5 - 2.8 - C10 - S10,1980,
560281,FORD,F150,2.5 - 2.8 - C10 - S10,1980,
560281,HONDA,PASSPORT,2.5 - 2.8 - C10 - S10,1980,
560281,HYUNDAI,H-100,2.5 - 2.8 - C10 - S10,1980,
560281,HYUNDAI,GALLOPER,2.5 - 2.8 - C10 - S10,1980,
560281,HYUNDAI,H1,2.5 - 2.8 - C10 - S10,1980,
560281,JEEP,GRAND CHEROKEE,2.5 - 2.8 - C10 - S10,1980,
560281,JEEP,CHEROKEE,2.5 - 2.8 - C10 - S10,1980,
560281,OPEL,K-180,2.5 - 2.8 - C10 - S10,1980,
560281,RENAULT,R18,2.5 - 2.8 - C10 - S10,1980,
560281,SSANG-YONG,KORANDO,2.5 - 2.8 - C10 - S10,1980,
560281,SSANG-YONG,MUSSO,2.5 - 2.8 - C10 - S10,1980,
560281,VOLVO,940,2.5 - 2.8 - C10 - S10,1980,
560281,VOLVO,960,2.5 - 2.8 - C10 - S10,1980,
560281,VOLVO,240,2.5 - 2.8 - C10 - S10,1980,
560281,VOLVO,740,2.5 - 2.8 - C10 - S10,1980,
560281,VOLVO,245,2.5 - 2.8 - C10 - S10,1980,
560281,VOLVO,945,2.5 - 2.8 - C10 - S10,1980,
288849,CHEVROLET,S10,2.5 - 2.8 - MAXION HS - S10,,
288849,CHEVROLET,BLAZER,2.5 - 2.8 - MAXION HS - S10,,
288849,MAXION,HS,2.5 - 2.8 - MAXION HS - S10,,
288849,MERCEDES BENZ,SPRINTER,2.5 - 2.8 - MAXION HS - S10,,
458778,TOYOTA,HILUX,2.5 - 3.0,2005,
552945,TOYOTA,HILUX,2.5 - 3.0,2005,
552945,TOYOTA,SW4,2.5 - 3.0,2005,
456303,PEUGEOT,BOXER,2.5 - 7.4,,
571463,FORD,TRANSIT,2.5 - C10,1980,
552611,MAZDA,B2500,2.5 - C10 - C20,1963,1997
49004,RENAULT,MASTER,2.5 - G9U,,
438275,RENAULT,,2.5 - G9U,720,724
10000,MAXION,SPRINTER,2.5 - MAXION HS,,
10000,MAXION,HS,2.5 - MAXION HS,,
200030,FORD,,2.5 - MAXION HS,,
552611,MAZDA,B2600,2.6 - C10 - C20,1963,1997
502978,CITROEN,JUMPER III,2.8 - 3.0,2014,
502978,FIAT,DUCATO II,2.8 - 3.0,2014,
502978,PEUGEOT,BOXER III,2.8 - 3.0,2014,
502978,IVECO,DAILY,2.8 - 3.0,2014,
429871,ISUZU,TROOPER,2.8 - 3.1,,
458918,CHEVROLET,S10,2.8 - 3.6 - S10,2017,
458918,CHEVROLET,TRAILBLAZER,2.8 - 3.6 - S10,2017,
9910,CHEVROLET,ASTRA,2.8 - DURAMAX - S10,,
9910,CHEVROLET,VECTRA,2.8 - DURAMAX - S10,,
9910,CHEVROLET,OMEGA,2.8 - DURAMAX - S10,,
9910,CHEVROLET,S10,2.8 - DURAMAX - S10,,
9910,CHEVROLET,CALIBRA,2.8 - DURAMAX - S10,,
9910,CHEVROLET,FRONTERA,2.8 - DURAMAX - S10,,
552946,CHEVROLET,S10,2.8 - S10,2000,
552946,CHEVROLET,BLAZER,2.8 - S10,2000,
552946,NISSAN,X TERRA,2.8 - S10,2000,
552946,NISSAN,FRONTIER,2.8 - S10,2000,
553905,CHEVROLET,S10,2.8 - S10,,
569383,CHEVROLET,S10,2.8 - S10,,
249657,VARIOS,-,2.8L - 5.1 - TIPO,,
142357,CHEVROLET,VECTRA,2.8L - R18 - TIPO,1997,
142357,CHEVROLET,MONZA,2.8L - R18 - TIPO,1997,
142357,FORD,ESCORT,2.8L - R18 - TIPO,1997,
142357,FORD,FIESTA,2.8L - R18 - TIPO,1997,
142357,FORD,COURIER,2.8L - R18 - TIPO,1997,
142357,RENAULT,R18,2.8L - R18 - TIPO,1997,
142357,RENAULT,FUEGO,2.8L - R18 - TIPO,1997,
142357,RENAULT,LAGUNA,2.8L - R18 - TIPO,1997,
7254,FIAT,DUNA,2.8L - TIPO,1985,
7254,FIAT,REGATTA,2.8L - TIPO,1985,
7254,FIAT,PALIO,2.8L - TIPO,1985,
7254,FIAT,SIENA,2.8L - TIPO,1985,
7254,FIAT,FIORINO,2.8L - TIPO,1985,
7254,FIAT,UNO,2.8L - TIPO,1985,
7254,FIAT,PREMIO,2.8L - TIPO,1985,
49049,VARIOS,,2.8L - TIPO,,
142313,RENAULT,R19,2.8L - TIPO,1994,1994
175559,RENAULT,KANGOO,2.8L - TIPO,,
176486,CITROEN,C4,2.8L - TIPO,2007,
176486,PEUGEOT,307,2.8L - TIPO,2007,
213600,FIAT,TIPO,2.8L - TIPO,,159
258502,ALFA ROMEO,,2.8L - TIPO,,
258502,AUDI,,2.8L - TIPO,,
258502,FIAT,DUNA,2.8L - TIPO,,
258502,FIAT,DUCATO,2.8L - TIPO,,
258502,FIAT,FIORINO,2.8L - TIPO,,
326420,HONDA,,2.8L - TIPO,,
326421,HONDA,,2.8L - TIPO,,
379492,FIAT,TIPO,2.8L - TIPO,,
379492,FIAT,MAREA,2.8L - TIPO,,
379492,FIAT,PALIO WEEKEND,2.8L - TIPO,,
379492,FIAT,MAREA WEEKEND,2.8L - TIPO,,
379492,FIAT,PALIO ADVENTURE,2.8L - TIPO,,
409580,VARIOS,,2.8L - TIPO,,
450763,FIAT,TIPO,2.8L - TIPO,2018,
450764,FIAT,TIPO,2.8L - TIPO,2018,
552794,CITROEN,BERLINGO,2.8L - TIPO,1997,
552794,CITROEN,ZX,2.8L - TIPO,1997,
552794,CITROEN,XSARA,2.8L - TIPO,1997,
552794,PEUGEOT,PARTNER,2.8L - TIPO,1997,
552801,RENAULT,KANGOO,2.8L - TIPO,1999,
552801,RENAULT,CLIO II,2.8L - TIPO,1999,
552801,RENAULT,SYMBOL,2.8L - TIPO,1999,
552812,CITROEN,C4,2.8L - TIPO,2000,
552812,PEUGEOT,307,2.8L - TIPO,2000,
552611,MAZDA,B2900,2.9 - C10 - C20,1963,1997
436887,FORD,,221 - 3.1 - 3.6,1969,188
428018,AUDI,A4,3.0 - 3.2,2013,
565461,AUDI,Q7,3.0 - 3.6 - 4.8,2007,
565461,PORSCHE,CAYENNE,3.0 - 3.6 - 4.8,2007,
565461,PORSCHE,PANAMERA,3.0 - 3.6 - 4.8,2007,
565461,VW,TOUAREG,3.0 - 3.6 - 4.8,2007,
553681,BMW,M3,3.0 - 4.4,2014,
553681,BMW,M6,3.0 - 4.4,2014,
553681,BMW,M4,3.0 - 4.4,2014,
553681,BMW,M2,3.0 - 4.4,2014,
503775,AUDI,A5,3.0 - 4.5 - 5.0 - CRTC - CSWB,,
570064,UNIVERSAL,,3.0 - 5.5,,
503775,AUDI,A4,3.0 - CRTC - CSWB,,
503775,AUDI,A4,3.0 - CRTC - CSWB,,
503775,AUDI,A6,3.0 - CRTC - CSWB,,
503775,AUDI,Q7,3.0 - CRTC - CSWB,,
503775,AUDI,Q5,3.0 - CRTC - CSWB,,
503775,AUDI,A7,3.0 - CRTC - CSWB,,
503775,VW,AMAROK,3.0 - CRTC - CSWB,,
255321,TOYOTA,CAMRY,3.0L - L4,,
410202,VARIOS,,3.0L - L4,,
438328,DEUTZ,,3.1 - 4.1 - 5.1 - 6.1,,
410857,FORD,MUSTANG,3.7 - 4.0 - 4.6 - 5.4,2011,
348918,MERCEDES BENZ,OM314,3.8 - OM314,2035,2041
348918,MERCEDES BENZ,L608D,3.8 - OM314,2035,2041
349152,MERCEDES BENZ,OM314,3.8 - OM314,,
349152,MERCEDES BENZ,L608D,3.8 - OM314,,
357165,MAZDA,323,4.0L - 4EE1,1994,1996
456293,CHEVROLET,MONZA,4.0L - 4EE1,,
444406,SCANIA,D11,5.9L - D11 - DSC11,,
444406,SCANIA,DS11,5.9L - D11 - DSC11,,
444406,SCANIA,DSC11,5.9L - D11 - DSC11,,
367234,RENAULT,,5.9L - D12D,2018,370
367234,VOLVO,FM12,5.9L - D12D,2018,370
367234,VOLVO,B12R,5.9L - D12D,2018,370
367234,VOLVO,FH,5.9L - D12D,2018,370
445395,IVECO,STRALIS,7.0 - 8.0,,2010
562242,DEUTZ,AGRALE,7.5 - 8.5 - 9.2,6000,6000
562242,AGRALE,MA-7.5,7.5 - 8.5 - 9.2,6000,6000
562242,AGRALE,MA-8.5,7.5 - 8.5 - 9.2,6000,6000
562242,AGRALE,BUS VOLARE A8,7.5 - 8.5 - 9.2,6000,6000
562242,AGRALE,MA-9.2,7.5 - 8.5 - 9.2,6000,6000
562242,AGCO-ALLIS,6150,7.5 - 8.5 - 9.2,6000,6000
380205,HONDA,CIVIC,A01,2008,2012
423479,HONDA,CIVIC,A01,2007,
423480,HONDA,CIVIC,A01,2007,
380195,HONDA,CIVIC,A01 - G02,2006,2011
380195,HONDA,CR-V,A01 - G02,2006,2011
339853,HONDA,,A10,,
428863,CHERY,FULLWIN,A11,2013,
428933,CHERY,FULLWIN,A11,2013,
458756,MERCEDES BENZ,GL,A16,2014,
458756,MERCEDES BENZ,ML350,A16,2014,
458756,MERCEDES BENZ,GL350,A16,2014,
458756,MERCEDES BENZ,GL500,A16,2014,
458756,MERCEDES BENZ,GLE350,A16,2014,
458756,MERCEDES BENZ,GLE400,A16,2014,
458756,MERCEDES BENZ,GLE,A16,2014,
409610,IVECO,,B7R,1218,1622
552626,CHEVROLET,C10,C10,1963,1980
552626,DODGE,D-100,C10,1963,1980
552626,FORD,ESCORT,C10,1963,1980
552626,FORD,FAIRLANE,C10,1963,1980
571463,BMW,320,C10,1980,
571463,CHEVROLET,C10,C10,1980,
571463,CHEVROLET,S10,C10,1980,
571463,CHEVROLET,BLAZER,C10,1980,
571463,CHEVROLET,COMBO,C10,1980,
571463,DODGE,VALIANT,C10,1980,
571463,DODGE,POLARA,C10,1980,
571463,DODGE,CORONADO,C10,1980,
571463,DODGE,GTX,C10,1980,
571463,FIAT,125,C10,1980,
571463,FIAT,1600,C10,1980,
571463,FIAT,1500,C10,1980,
571463,FORD,EXPLORER,C10,1980,
571463,FORD,FALCON,C10,1980,
571463,FORD,FAIRLANE,C10,1980,
571463,FORD,RANCHERO,C10,1980,
571463,MERCEDES BENZ,CLASE E,C10,1980,
571463,TOYOTA,CELICA,C10,1980,
571463,TOYOTA,CORONA,C10,1980,
571463,TOYOTA,CRESSIDA,C10,1980,
571463,VW,KOMBI,C10,1980,
552611,CHEVROLET,LUV,C10 - C20,1963,1997
552611,CHEVROLET,C10,C10 - C20,1963,1997
552611,CHEVROLET,CHEVY,C10 - C20,1963,1997
552611,CHEVROLET,400,C10 - C20,1963,1997
552611,CHEVROLET,C20,C10 - C20,1963,1997
552611,CHEVROLET,D20,C10 - C20,1963,1997
552611,DODGE,D100,C10 - C20,1963,1997
552611,DODGE,D200,C10 - C20,1963,1997
552611,FORD,ESCORT,C10 - C20,1963,1997
552611,FORD,F1000,C10 - C20,1963,1997
552611,FORD,F150,C10 - C20,1963,1997
552611,HYUNDAI,H-100,C10 - C20,1963,1997
552611,HYUNDAI,GALLOPER,C10 - C20,1963,1997
552611,HYUNDAI,H-1,C10 - C20,1963,1997
552611,MITSUBISHI,L200,C10 - C20,1963,1997
552611,MITSUBISHI,L300,C10 - C20,1963,1997
552611,RASTROJERO,P-68,C10 - C20 - C76 - F71 - P69 - P70 - X78,1963,1997
552584,CHEVROLET,LUV,C10 - C20 - D20,1996,2000
552584,CHEVROLET,C10,C10 - C20 - D20,1996,2000
552584,CHEVROLET,S10,C10 - C20 - D20,1996,2000
552584,CHEVROLET,BLAZER,C10 - C20 - D20,1996,2000
552584,CHEVROLET,C20,C10 - C20 - D20,1996,2000
552584,CHEVROLET,D20,C10 - C20 - D20,1996,2000
552584,DODGE,D100,C10 - C20 - D20,1996,2000
552584,DODGE,D200,C10 - C20 - D20,1996,2000
552584,FORD,ESCORT,C10 - C20 - D20,1996,2000
552584,FORD,F1000,C10 - C20 - D20,1996,2000
552584,FORD,F150,C10 - C20 - D20,1996,2000
552584,HYUNDAI,H-100,C10 - C20 - D20,1996,2000
552584,HYUNDAI,GALLOPER,C10 - C20 - D20,1996,2000
552584,HYUNDAI,H-1,C10 - C20 - D20,1996,2000
552584,ISUZU,PICK UP,C10 - C20 - D20,1996,2000
552584,MITSUBISHI,L200,C10 - C20 - D20,1996,2000
552584,MITSUBISHI,L300,C10 - C20 - D20,1996,2000
552626,RASTROJERO,P-68,C10 - C76 - F71 - P68 - P69 - P70 - X78,1963,1980
142309,CITROEN,AX,C15,,
142309,CITROEN,C15,C15,,
142309,PEUGEOT,306,C15,,
142309,PEUGEOT,106,C15,,
142309,PEUGEOT,205,C15,,
142309,RENAULT,MEGANE,C15,,
142423,CITROEN,BERLINGO,C15,1998,
142423,CITROEN,ZX,C15,1998,
142423,CITROEN,C15,C15,1998,
142423,CITROEN,VISA,C15,1998,
142423,PEUGEOT,306,C15,1998,
142423,PEUGEOT,504,C15,1998,
142423,PEUGEOT,505,C15,1998,
142423,PEUGEOT,205,C15,1998,
142423,PEUGEOT,405,C15,1998,
142423,PEUGEOT,PARTNER,C15,1998,
552855,CITROEN,C15,C15,1986,
552855,PEUGEOT,205,C15,1986,
556655,CITROEN,BERLINGO,C15,1997,
556655,CITROEN,ZX,C15,1997,
556655,CITROEN,XSARA,C15,1997,
556655,CITROEN,XSARA PICASSO,C15,1997,
556655,CITROEN,C15,C15,1997,
556655,CITROEN,VISA,C15,1997,
556655,PEUGEOT,306,C15,1997,
556655,PEUGEOT,504,C15,1997,
556655,PEUGEOT,505,C15,1997,
556655,PEUGEOT,604,C15,1997,
556655,PEUGEOT,205,C15,1997,
556655,PEUGEOT,309,C15,1997,
556655,PEUGEOT,307,C15,1997,
556655,PEUGEOT,PARTNER,C15,1997,
152349,CHEVROLET,C20,C20,1996,
152349,FORD,F1000,C20,1996,
228932,CHEVROLET,C20,C20,,
228932,MAXION,ROVER,C20,,
228932,MERCEDES BENZ,SPRINTER,C20,,
176038,CHEVROLET,C20,C20 - D20,,
176038,CHEVROLET,D20,C20 - D20,,
379958,CITROEN,,C25,2025,
336053,MOTOS VARIAS,-,C80 - C90,2050,100
362378,CHEVROLET,D20,D20,1990,
324153,VARIOS,,E13,,
500387,TOYOTA,COROLLA,E14,2002,2007
500388,TOYOTA,COROLLA,E14,2002,2007
504535,TOYOTA,COROLLA,E18,2011,
504535,TOYOTA,RAV 4,E18,2011,
428016,DEUTZ,AX 4.100,F5L,jun-86,
428016,SCANIA,,F5L,jun-86,
428016,SCANIA,R112,F5L,jun-86,
428016,SCANIA,T112,F5L,jun-86,
362432,SCANIA,F94HB,F94,,
438807,SCANIA,F113,F94,1994,
438807,SCANIA,F94,F94,1994,
438807,VOLVO,FH,F94,1994,
426233,PEUGEOT,308,G40,,
426233,PEUGEOT,408,G40,,
426233,PEUGEOT,RCZ,G40,,
407390,CITROEN,PICASSO,G60,2011,
407390,CITROEN,C3,G60,2011,
407390,CITROEN,AIRCROSS,G60,2011,
407390,PEUGEOT,208,G60,2011,
324166,VARIOS,,H11,,
441952,VARIOS,,H16,,
457050,KOMATSU,,H20,2030,
457050,NISSAN,AUTOELEVADOR,H20,2030,
408536,HYUNDAI,I10,I10,2010,
379850,HYUNDAI,,I30,2008,
443220,NISSAN,MARCH,K13,2010,
443223,NISSAN,MARCH,K13,2010,
443224,NISSAN,MARCH,K13,2010,
562240,SCANIA,SERIE 4,K94 - L94 - P93,1994,
562240,SCANIA,SERIE 3,K94 - L94 - P93,1994,
356727,HONDA,FIT,M01,2009,
356727,HONDA,CITY,M01,2009,
359021,HONDA,FIT,M01,2009,
359021,HONDA,CITY,M01,2009,
429511,HONDA,HR-V,M01 - T7S,2016,
552765,CHEVROLET,AVEO,M10,2009,
552765,DAEWOO,KALOS,M10,2009,
552824,FIAT,PALIO,M14,2011,
552824,FIAT,SIENA,M14,2011,
552824,FIAT,GRAND SIENA,M14,2011,
552825,FIAT,PALIO,M14,2011,
552825,FIAT,SIENA,M14,2011,
552825,FIAT,GRAND SIENA,M14,2011,
168749,MAXION,SPRINTER,MAXION HS,,
168749,MAXION,HS,MAXION HS,,
363001,SCANIA,R112,P93,,
363001,SCANIA,L113,P93,,
363001,SCANIA,R113,P93,,
363001,SCANIA,L112,P93,,
363001,SCANIA,P93,P93,,
362331,SCANIA,,P94,,
363002,SCANIA,P94,P94,,
428728,SCANIA,SERIE 4,P94,1994,114
41701,RENAULT,R9,,,
41701,RENAULT,R11,,,
65684,RENAULT,R9,,,
65684,RENAULT,R11,,,
65684,RENAULT,EXPRESS,,,
65707,RENAULT,R9,,,
65707,RENAULT,R11,,,
65708,RENAULT,R9,,,
65708,RENAULT,R11,,,
87776,RENAULT,R9,,,
87776,RENAULT,R11,,,
142346,RENAULT,R9,,,
142346,RENAULT,R11,,,
142346,RENAULT,CLIO,,,
142346,RENAULT,MEGANE,,,
142346,RENAULT,EXPRESS,,,
142346,RENAULT,TWINGO,,,
142346,RENAULT,LAGUNA,,,
142369,RENAULT,R9,,,
142369,RENAULT,R11,,,
142369,RENAULT,CLIO,,,
142369,RENAULT,MEGANE,,,
142369,RENAULT,EXPRESS,,,
142369,RENAULT,TWINGO,,,
142369,RENAULT,LAGUNA,,,
296249,RENAULT,R9,,,
296249,RENAULT,R11,,,
362983,RENAULT,R9,,,
362983,RENAULT,R11,,,
380273,RENAULT,R9,,1988,1998
380273,RENAULT,R11,,1988,1998
411390,RENAULT,R9,,,
411390,RENAULT,R11,,,
552645,RENAULT,R9,,,
552645,RENAULT,R11,,,
552706,RENAULT,R9,,1984,
552706,RENAULT,R11,,1984,
552861,RENAULT,R9,,1985,
552861,RENAULT,R11,,1985,
561314,CHEVROLET,AVEO,,,
561314,CITROEN,XSARA,,,
561314,CITROEN,C3,,,
561314,PEUGEOT,206,,,
561314,PEUGEOT,306,,,
561314,PEUGEOT,106,,,
561314,PEUGEOT,205,,,
561314,PEUGEOT,207,,,
561314,RENAULT,R9,,,
561314,RENAULT,R11,,,
561314,RENAULT,CLIO,,,
561314,RENAULT,EXPRESS,,,
561314,RENAULT,SYMBOL,,,
561314,RENAULT,KWID,,,
562402,RENAULT,R9,,1987,
562402,RENAULT,R11,,1987,
85930,RENAULT,R12,,,
85930,RENAULT,R9,,,
85930,RENAULT,R11,,,
85930,RENAULT,R6,,,
142351,RENAULT,R12,,,
142351,RENAULT,R9,,,
142351,RENAULT,R11,,,
283004,RENAULT,R12,,,
283004,RENAULT,R18,,,
283004,RENAULT,R11,,,
283004,RENAULT,R4,,,
142350,RENAULT,R12,,,
142350,RENAULT,R18,,,
142350,RENAULT,R9,,,
142350,RENAULT,R11,,,
142350,RENAULT,R6,,,
142350,RENAULT,R19,,,
142374,RENAULT,R12,,,
142374,RENAULT,R18,,,
142374,RENAULT,R9,,,
142374,RENAULT,R11,,,
142374,RENAULT,R6,,,
142374,RENAULT,R19,,,
142448,RENAULT,R18,,,1995
142448,RENAULT,R9,,,1995
142448,RENAULT,R11,,,1995
142449,RENAULT,R18,,,1995
142449,RENAULT,R9,,,1995
142449,RENAULT,R11,,,1995
140957,RENAULT,R9,,,
140957,RENAULT,R11,,,
140957,RENAULT,CLIO,,,
140957,RENAULT,R19,,,
140957,RENAULT,EXPRESS,,,
140957,RENAULT,TWINGO,,,
142446,RENAULT,R11,,1985,1995
142446,RENAULT,CLIO,,1985,1995
142446,RENAULT,R19,,1985,1995
142446,RENAULT,EXPRESS,,1985,1995
142446,RENAULT,KANGOO,,1998,
142446,RENAULT,TWINGO,,1985,1995
142446,RENAULT,CLIO II,,2003,
291424,RENAULT,R11,,,
291424,RENAULT,CLIO,,,
291424,RENAULT,R19,,,
291424,RENAULT,EXPRESS,,,
296235,RENAULT,TRAFIC,,,
296235,RENAULT,R9,,,
296235,RENAULT,R11,,,
296235,RENAULT,CLIO,,,
296235,RENAULT,R19,,,
380399,RENAULT,R9,,1988,1994
380399,RENAULT,R11,,1988,1994
380399,RENAULT,R19,,1988,1994
557767,RENAULT,R9,,1984,
557767,RENAULT,R11,,1984,
557767,RENAULT,R19,,1984,
557767,RENAULT,MEGANE,,1984,
557767,RENAULT,SCENIC,,1984,
557767,RENAULT,CLIO II,,1984,
557767,RENAULT,SYMBOL,,1984,
45491,RENAULT,R9,,,
45491,RENAULT,R11,,,
2524,RENAULT,R12,,1971,
65650,RENAULT,R12,,,
65653,RENAULT,R12,,,
85931,RENAULT,R12,,,
85931,RENAULT,R6,,,
85932,RENAULT,R12,,,
85932,RENAULT,R6,,,
85933,RENAULT,R12,,,
85933,RENAULT,R6,,,
85934,RENAULT,R12,,,
85934,RENAULT,R6,,,
85935,RENAULT,R12,,,
85935,RENAULT,R6,,,
141168,RENAULT,R12,,1983,
141183,RENAULT,R12,,1989,
142349,RENAULT,R12,,,
142447,RENAULT,R12,,,1995
168088,RENAULT,R12,,,
244853,RENAULT,R12,,,
282999,RENAULT,R12,,,
362928,RENAULT,R12,,,
377693,FIAT,MAREA,,,
377693,RENAULT,R12,,,
377693,RENAULT,R6,,,
379967,DACIA,1310,,1970,1994
379967,DACIA,1410,,1970,1994
379967,RENAULT,R12,,1970,1994
380369,DACIA,1310,,1970,1996
380369,DACIA,1410,,1970,1996
380369,RENAULT,R12,,1970,1996
380370,DACIA,1310,,1970,1996
380370,DACIA,1410,,1970,1996
380370,RENAULT,R12,,1970,1996
440471,RENAULT,R12,,,
440471,RENAULT,R6,,,
552612,DACIA,1310,,1990,1995
552612,DACIA,1410,,1990,1995
552612,RENAULT,R12,,1990,1995
552699,DACIA,,,1996,
552699,RENAULT,R12,,1996,
552700,DACIA,,,1996,
552700,RENAULT,R12,,1996,
552752,DACIA,,,1996,
552752,RENAULT,R12,,1996,
552753,DACIA,,,1996,
552753,RENAULT,R12,,1996,
10325,RENAULT,R12,,,
10325,RENAULT,R18,,,
10325,RENAULT,TRAFIC,,,
10325,RENAULT,R4,,,
10325,RENAULT,R6,,,
172035,RENAULT,R12,,,
172035,RENAULT,R18,,,
172035,RENAULT,TRAFIC,,,
172035,RENAULT,R4,,,
172035,RENAULT,R6,,,
295846,RENAULT,R12,,,
295846,RENAULT,R18,,,
362974,RENAULT,R12,,2012,1995
142316,CHEVROLET,MONZA,,1993,1993
142316,CHEVROLET,KADETT,,1993,1993
142316,FIAT,TEMPRA,,1993,1993
142316,RENAULT,R18,,1993,1993
142316,RENAULT,TRAFIC,,1993,1993
291425,RENAULT,R18,,,
291425,RENAULT,R9,,,
291534,RENAULT,R18,,,
291534,RENAULT,R9,,,
380031,RENAULT,R18,,1981,1994
380275,RENAULT,R18,,1981,1994
380275,RENAULT,FUEGO,,1981,1994
404488,RENAULT,R18,,,
552703,RENAULT,R18,,1980,1993
552703,RENAULT,FUEGO,,1980,1993
142408,RENAULT,R18,,,
142408,RENAULT,CLIO,,,
142408,RENAULT,R19,,,
315236,RENAULT,R18,,2000,
315236,RENAULT,R21,,2000,
315236,RENAULT,TRAFIC,,2000,
2483,RENAULT,CLIO,,,
2483,RENAULT,R19,,,
2483,RENAULT,MEGANE,,,
2483,RENAULT,EXPRESS,,,
2483,RENAULT,KANGOO,,,
2483,RENAULT,TWINGO,,,
2483,RENAULT,CLIO II,,,
10700,RENAULT,R19,,,
10700,RENAULT,EXPRESS,,,
10700,RENAULT,CHAMADE,,,
10701,RENAULT,R19,,,
10701,RENAULT,EXPRESS,,,
10701,RENAULT,CHAMADE,,,
41712,RENAULT,CLIO,,,
41712,RENAULT,R19,,,
41712,RENAULT,MEGANE,,,
65710,RENAULT,CLIO,,,
65710,RENAULT,R19,,,
65710,RENAULT,KANGOO,,,
65710,RENAULT,CLIO II,,,
65711,RENAULT,CLIO,,,
65711,RENAULT,R19,,,
65711,RENAULT,KANGOO,,,
65711,RENAULT,CLIO II,,,
65712,RENAULT,R19,,,
65713,RENAULT,R19,,,
65713,RENAULT,MEGANE,,,
65713,RENAULT,SCENIC,,,
81762,RENAULT,R19,,,
81763,RENAULT,R19,,,
81764,RENAULT,R19,,,
81765,RENAULT,R19,,,
87774,RENAULT,R19,,,
140817,RENAULT,R19,,1988,1999
141781,CHEVROLET,CORSA,,,
141781,RENAULT,R19,,,
142256,RENAULT,CLIO,,,
142256,RENAULT,R19,,,
142256,RENAULT,EXPRESS,,,
142256,RENAULT,TWINGO,,,
152260,RENAULT,R19,,,
152260,RENAULT,EXPRESS,,,
174058,RENAULT,R19,,,
174058,RENAULT,EXPRESS,,,
174058,RENAULT,CHAMADE,,,
197546,CHEVROLET,ASTRA,,,
197546,CHEVROLET,CORSA,,,
197546,CHEVROLET,AGILE,,,
197546,CHEVROLET,CORSA CLASSIC,,,
197546,FIAT,DUNA,,,
197546,FIAT,UNO,,,
197546,FORD,ESCORT,,,
197546,RENAULT,CLIO,,,
197546,RENAULT,R19,,,
197546,VW,GOL,,,
197546,VW,SAVEIRO,,,
296236,RENAULT,CLIO,,,
296236,RENAULT,R19,,,
296236,RENAULT,MEGANE,,,
357139,RENAULT,CLIO,,1988,2012
357139,RENAULT,R19,,1988,2012
357139,RENAULT,CLIO II,,1988,2012
362976,RENAULT,R19,,,
367217,RENAULT,R19,,,
370704,RENAULT,R19,,,
379966,RENAULT,R19,,1992,2000
380014,RENAULT,R19,,1992,2000
380276,RENAULT,R19,,1992,2000
380276,RENAULT,EXPRESS,,1992,2000
380397,RENAULT,,,1992,2009
380397,RENAULT,CLIO,,1992,2009
380397,RENAULT,R19,,1992,2009
380397,RENAULT,KANGOO,,1992,2009
380397,RENAULT,CLIO II,,1992,2009
380397,RENAULT,CLIO MIO,,1992,2009
380477,RENAULT,CLIO,,1998,
380477,RENAULT,R19,,1998,
380488,RENAULT,R19,,,
404525,RENAULT,R19,,,
409575,RENAULT,R19,,,
409575,VW,GACEL,,,
409575,VW,GOL,,,
410796,RENAULT,R19,,,
410796,RENAULT,EXPRESS,,,
410796,RENAULT,CHAMADE,,,
429464,RENAULT,R19,,1997,
429464,RENAULT,MEGANE,,1997,
444273,RENAULT,R9,,,
444273,RENAULT,R19,,,
552713,RENAULT,CLIO,,1992,
552713,RENAULT,R19,,1992,
552713,RENAULT,MEGANE,,1992,
552713,RENAULT,EXPRESS,,1992,
552713,RENAULT,KANGOO,,1992,
552713,RENAULT,TWINGO,,1992,
552713,RENAULT,SCENIC,,1992,
552713,RENAULT,CLIO II,,1992,
552713,RENAULT,SYMBOL,,1992,
552867,RENAULT,R19,,1988,1995
552867,RENAULT,MEGANE,,1988,1995
552867,RENAULT,SCENIC,,1988,1995
557769,RENAULT,R9,,1992,
557769,RENAULT,CLIO,,1992,
557769,RENAULT,R19,,1992,
557769,RENAULT,MEGANE,,1992,
557769,RENAULT,EXPRESS,,1992,
557769,RENAULT,KANGOO,,1992,
557769,RENAULT,TWINGO,,1992,
557769,RENAULT,SCENIC,,1992,
557769,RENAULT,CLIO II,,1992,
557769,RENAULT,SYMBOL,,1992,
561315,FIAT,PUNTO,,,
561315,FIAT,IDEA,,,
561315,FIAT,DOBLO,,,
561315,FIAT,LINEA,,,
561315,RENAULT,R9,,,
561315,RENAULT,CLIO,,,
561315,RENAULT,R19,,,
561315,RENAULT,MEGANE,,,
561315,RENAULT,EXPRESS,,,
561315,RENAULT,KANGOO,,,
561315,RENAULT,TWINGO,,,
561315,RENAULT,LOGAN,,,
562405,RENAULT,R9,,1990,
562405,RENAULT,R19,,1990,
253252,RENAULT,R21,,1988,2000
253252,RENAULT,R19,,1988,2000
253252,RENAULT,MEGANE,,1988,2000
379709,HONDA,CIVIC,S04,1999,2005
379709,HONDA,CR-V,S04,1999,2005
1815,CHEVROLET,S10,,1995,1997
1815,CHEVROLET,BLAZER,,1995,1997
13991,CHEVROLET,S10,,,
13992,CHEVROLET,S10,,,
65643,CHEVROLET,SILVERADO,,,
65643,CHEVROLET,S10,,,
65643,CHEVROLET,BLAZER,,,
65644,CHEVROLET,SILVERADO,,,
65644,CHEVROLET,S10,,,
65644,CHEVROLET,BLAZER,,,
65645,CHEVROLET,SILVERADO,,,
65645,CHEVROLET,S10,,,
65645,CHEVROLET,BLAZER,,,
137817,CHEVROLET,S10,,,
137817,CHEVROLET,BLAZER,,,
221559,CHEVROLET,S10,,1995,2000
245210,CHEVROLET,S10,,,
245210,CHEVROLET,BLAZER,,,
245211,CHEVROLET,S10,,,
245211,CHEVROLET,BLAZER,,,
249645,CHEVROLET,S10,,1995,
249645,CHEVROLET,BLAZER,,1995,
253465,CHEVROLET,BLAZER,,,
253465,CHEVROLET,MERIVA,,,
295900,CHEVROLET,SILVERADO,,,
295900,CHEVROLET,S10,,,
295900,CHEVROLET,BLAZER,,,
295900,FORD,RANGER,,,
295900,FORD,F1000,,,
295913,CHEVROLET,SILVERADO,,,
295913,CHEVROLET,S10,,,
295913,CHEVROLET,BLAZER,,,
295913,FORD,RANGER,,,
295913,FORD,F1000,,,
303649,CHEVROLET,S10,,,
357101,CHEVROLET,S10,,,
357101,CHEVROLET,BLAZER,,,
357101,FORD,EXPLORER,,,
357101,FORD,RANGER,,,
357101,FORD,F100,,,
357101,FORD,F1000,,,
357101,FORD,F150,,,
357101,LAND ROVER,DISCOVERY,,,
357101,LAND ROVER,DEFENDER,,,
357101,MERCEDES BENZ,SPRINTER,,,
362346,CHEVROLET,S10,,1996,1994
362349,CHEVROLET,S10,,1996,1996
362388,CHEVROLET,S10,,2001,
363362,CHEVROLET,LUV,,,
363362,CHEVROLET,S10,,,
363362,CHEVROLET,BLAZER,,,
363362,CHEVROLET,LUMINA,,,
370842,CHEVROLET,S10,,2012,
376104,CHEVROLET,S10,,2012,
379520,CHEVROLET,S10,,2012,
379521,CHEVROLET,S10,,2012,
379675,CHEVROLET,S10,,1995,2011
379675,CHEVROLET,BLAZER,,1995,2011
379945,CHEVROLET,S10,,1995,2011
379945,CHEVROLET,BLAZER,,1995,2011
380058,CHEVROLET,S10,,2011,
380202,HONDA,CR-V,,1995,2003
392941,CHEVROLET,S10,,2005,
392941,TOYOTA,HILUX,,2005,
392942,CHEVROLET,S10,,2005,
392942,TOYOTA,HILUX,,2005,
395774,CHEVROLET,S10,,2012,
396204,CHEVROLET,S10,,2013,
405050,CHEVROLET,S10,,,
405050,CHEVROLET,BLAZER,,,
405450,CHEVROLET,S10,,,
405450,CHEVROLET,BLAZER,,,
408517,CHEVROLET,S10,,2012,
409302,CHEVROLET,S10,,2012,
415218,CHEVROLET,S10,,2012,
415969,CHEVROLET,S10,,2012,
415997,CHEVROLET,S10,,2012,
423543,CHEVROLET,S10,,2013,
423544,CHEVROLET,S10,,2013,
428338,CHEVROLET,S10,,1993,
429484,CHEVROLET,S10,,2013,
429505,CHEVROLET,S10,,2012,
431772,CHEVROLET,S10,,2012,
431772,CHEVROLET,TRAILBLAZER,,2012,
432719,CHEVROLET,S10,,1997,1997
442505,CHEVROLET,S10,,2017,
442777,CHEVROLET,S10,,200,
442953,CHEVROLET,S10,,2017,
444282,CHEVROLET,S10,,2012,
444981,CHEVROLET,S10,,2012,
444981,CHEVROLET,TRAILBLAZER,,2012,
445123,CHEVROLET,S10,,2017,
460271,CHEVROLET,S10,,2017,
460271,CHEVROLET,TRAILBLAZER,,2017,
460663,CHEVROLET,S10,,2017,
460739,CHEVROLET,S10,,2017,
503238,CHEVROLET,S10,,2017,
503243,CHEVROLET,S10,,2017,
552714,CHEVROLET,S10,,1995,2012
552714,CHEVROLET,BLAZER,,1995,2012
552715,CHEVROLET,S10,,1995,2012
552715,CHEVROLET,BLAZER,,1995,2012
552785,CHEVROLET,S10,,2011,2016
552785,CHEVROLET,BLAZER,,2011,2016
552786,CHEVROLET,S10,,2011,2016
552786,CHEVROLET,BLAZER,,2011,2016
552788,CHEVROLET,S10,,1995,2012
552788,CHEVROLET,BLAZER,,1995,2012
170607,MAXION,S4,S4T,,
170607,MAXION,S4T,S4T,,
170607,MAXION,CHEVROLET,S4T,,
170607,MAXION,D-20,S4T,,
170607,MAXION,H5,S4T,,
429513,HONDA,CIVIC,S5A,2001,2007
452121,FORD,MONDEO,S60,2011,
452121,VOLVO,S60,S60,2011,
336186,VARIOS,,T10,,
379672,CHERY,TIGGO,T11,2009,
380087,CHERY,TIGGO,T11,2009,
429506,CHERY,TIGGO,T11,,
452119,CHERY,TIGGO,T11,,
324205,VARIOS,,T20,2021,
440394,VARIOS,-,W5W,,
440396,VARIOS,-,W5W,,
440398,VARIOS,-,W5W,,
295848,PEUGEOT,205,XUD7,,205
295848,PEUGEOT,405,XUD7,,205
295848,PEUGEOT,406,XUD7,,205
295848,PEUGEOT,PARTNER,XUD7,,205
295848,PEUGEOT,305,XUD7,,205
900,CITROEN,BERLINGO,,1995,
900,CITROEN,ZX,,1995,
900,CITROEN,XSARA,,1995,
900,PEUGEOT,306,,1995,
900,PEUGEOT,504,,1995,
900,PEUGEOT,505,,1995,
900,PEUGEOT,205,,1995,
900,PEUGEOT,PARTNER,,1995,
906,CITROEN,XANTIA,,,
906,CITROEN,AX,,,
906,CITROEN,SAXO,,,
906,PEUGEOT,206,,,
906,PEUGEOT,106,,,
906,PEUGEOT,307,,,
906,PEUGEOT,605,,,
908,CITROEN,XANTIA,,,
908,CITROEN,AX,,,
908,CITROEN,SAXO,,,
908,PEUGEOT,206,,,
908,PEUGEOT,106,,,
908,PEUGEOT,307,,,
908,PEUGEOT,605,,,
964,FIAT,DUNA,,1988,
964,FIAT,UNO,,1988,
986,FIAT,DUNA,,1993,
986,FIAT,UNO,,1993,
986,FIAT,TEMPRA,,1993,
989,FIAT,DUNA,,1988,
989,FIAT,UNO,,1988,
990,FIAT,PALIO,,2000,
990,FIAT,SIENA,,2000,
999,FIAT,PALIO,,1996,
999,FIAT,SIENA,,1996,
1037,FORD,ESCORT,,1988,
1058,FORD,EXPLORER,,1998,
1058,FORD,RANGER,,1998,
1059,FORD,EXPLORER,,1998,
1059,FORD,RANGER,,1998,
1071,FORD,F100,,1966,1992
1560,FORD,F1000,,,
1560,FORD,F150,,,
1572,FORD,F1000,,,
1585,FORD,FIESTA,,1993,
1585,FORD,ECOSPORT,,1993,
1588,FORD,FIESTA,,1993,
1588,FORD,KA,,1993,
1596,FORD,FOCUS,,1998,
1618,FORD,RANGER,,1998,
1640,FORD,TRANSIT,,1992,
1643,CHEVROLET,CORSA,,1995,
1647,CHEVROLET,CORSA,,1998,
2486,RENAULT,CLIO,,1998,
2491,RENAULT,CLIO,,1998,
2592,TOYOTA,HILUX,,1989,1997
2599,TOYOTA,HILUX,,1989,1997
2602,TOYOTA,HILUX,,1989,1997
2667,VW,GACEL,,1993,
2667,VW,GOL,,1993,
2667,VW,SENDA,,1993,
2677,VW,GOL,,1997,
2680,VW,GOL,,1997,
3637,VW,1600,,,
7747,CHEVROLET,ASTRA,,2016,2024
7747,CHEVROLET,VECTRA,,2016,2024
7747,CHEVROLET,OMEGA,,2016,2024
7747,CHEVROLET,CALIBRA,,2016,2024
7747,CHEVROLET,SINTRA,,2016,2024
8690,PEUGEOT,205,,,
8702,ALFA ROMEO,145,,1992,
8702,ALFA ROMEO,155,,1992,
8702,ALFA ROMEO,146,,1992,
8702,PEUGEOT,306,,1992,
8702,PEUGEOT,405,,1992,
8702,SEAT,IBIZA,,1992,
8702,SEAT,CORDOBA,,1992,
8702,SEAT,TOLEDO,,1992,
8702,VW,GOLF,,1992,
8702,VW,PASSAT,,1992,
9575,DEUTZ,BF6L,,,
9575,DEUTZ,F6L913,,,
9575,DEUTZ,F2L912D,,,
9575,DEUTZ,F3L912D,,,
9575,DEUTZ,F4L912D,,,
9575,DEUTZ,F5L912D,,,
9575,DEUTZ,F6L912D,,,
9577,DEUTZ,BF6L,,,
9577,DEUTZ,F6L913,,,
9577,DEUTZ,F2L912D,,,
9577,DEUTZ,F3L912D,,,
9577,DEUTZ,F4L912D,,,
9577,DEUTZ,F5L912D,,,
9577,DEUTZ,F6L912D,,,
9618,DEUTZ,MOTOR 514,,,
9653,DEUTZ,MOTOR DECA,,,
9659,DEUTZ,FL-2114,,,
9659,DEUTZ,MOTOR DECA,,,
9716,FIAT,128,,1968,1978
9716,FIAT,147,,1968,1978
9716,FIAT,FIORINO,,1968,1978
9763,FIAT,147,,,
9763,FIAT,133,,,
9763,FIAT,127,,,
9789,FIAT,DUCATO,,,
9789,FIAT,DAILY,,,
9789,FIAT,GRINTA,,,
9790,FIAT,DUCATO,,,
9790,FIAT,DAILY,,,
9790,FIAT,GRINTA,,,
9911,CHEVROLET,ASTRA,,,
9911,CHEVROLET,VECTRA,,,
9911,CHEVROLET,OMEGA,,,
9911,CHEVROLET,CALIBRA,,,
9911,CHEVROLET,FRONTERA,,,
10058,MERCEDES BENZ,1633,,,
10300,PEUGEOT,,,,
10300,PEUGEOT,504,,,
10300,PEUGEOT,505,,,
10300,PEUGEOT,404,,,
10416,SCANIA,L111,,,
10416,SCANIA,T112,,,
10416,SCANIA,K112,,,
10418,SCANIA,L111,,,
10418,SCANIA,T112,,,
10418,SCANIA,K112,,,
10420,SCANIA,K113,,,
10471,VW,GACEL,,1600,1800
10471,VW,PASSAT,,1600,1800
10471,VW,RABBIT,,1600,1800
10471,VW,SENDA,,1600,1800
10748,RENAULT,MEGANE,,,
12810,ISUZU,PICK UP,,,
12817,CHEVROLET,CORSA,,,
12817,OPEL,CORSA,,,
12817,SUZUKI,FUN,,,
12871,VW,GOL,,,
12882,PEUGEOT,206,,,
12898,VW,GACEL,,,
12898,VW,GOL,,,
12898,VW,SENDA,,,
13187,VW,GACEL,,,
13264,FIAT,DUNA,,,
13264,FIAT,UNO,,,
13299,RENAULT,MEGANE,,,
13307,PEUGEOT,PARTNER,,,
13312,PEUGEOT,206,,,
13319,FIAT,UNO,,1998,
13921,FIAT,PALIO,,,
13921,FIAT,SIENA,,,
13934,RENAULT,KANGOO,,,
13981,FORD,RANGER,,,
14029,RENAULT,KANGOO,,,
14052,FIAT,PALIO,,2001,
24056,BEDFORD,,,,
24136,RENAULT,,,,
27972,FIAT,500,,900,
41005,CHEVROLET,CHEVY,,,
41005,CHEVROLET,400,,,
41320,FORD,F100,,,
41320,FORD,FALCON,,,
41320,FORD,FAIRLANE,,,
41320,FORD,FALCON RANCHERO,,,
41332,FORD,F100,,,
41513,VW,GACEL,,,
41513,VW,CARAT,,,
41523,VW,GACEL,,,
41523,VW,CARAT,,,
41570,PEUGEOT,504,,,
41570,PEUGEOT,505,,,
41577,PEUGEOT,405,,,
41582,PEUGEOT,306,,,
45097,FIAT,PALIO,,,
46195,VARIOS,,,,
46196,VARIOS,,,,
46199,VARIOS,,,,
49004,CHEVROLET,VECTRA,,,
49004,CHEVROLET,CORSA,,,
49004,CHEVROLET,ZAFIRA,,,
49004,CHEVROLET,CELTA,,,
49004,CHEVROLET,AVEO,,,
49004,CHEVROLET,AGILE,,,
49004,CHEVROLET,MONTANA,,,
49004,CHEVROLET,CLASSIC,,,
49004,FIAT,DUCATO,,,
49004,FIAT,PALIO,,,
49004,FIAT,SIENA,,,
49004,FIAT,STRADA,,,
49004,FIAT,PALIO WEEKEND,,,
49004,FIAT,PUNTO,,,
49004,FIAT,STILO,,,
49004,FIAT,IDEA,,,
49004,FIAT,ADVENTURE,,,
49004,FIAT,LINEA,,,
49004,FIAT,PALIO FIRE,,,
49004,FIAT,SIENA FIRE,,,
49004,HYUNDAI,H1,,,
49004,MERCEDES BENZ,CLASE E,,,
49004,MERCEDES BENZ,CLK500,,,
49004,MERCEDES BENZ,CLK350,,,
49004,MITSUBISHI,MONTERO,,,
49004,MITSUBISHI,L200,,,
49004,MITSUBISHI,OUTLANDER,,,
49004,RENAULT,TWINGO,,,
49004,VARIOS,,,,
49004,CHERY,TIGGO,,,
49004,CHERY,FACE,,,
49004,CHERY,QQ,,,
49039,VARIOS,,,,
49050,VARIOS,,,,
53041,DACIA,,,1410,
53042,DACIA,,,1410,
53082,FIAT,,,,
53115,FIAT,,,,
53175,ALFA ROMEO,,,145,146
53238,FORD,,,100,150
53242,FORD,,,,
53247,FORD,,,,
53249,FORD,,,,
53346,PEUGEOT,,,,
53347,PEUGEOT,,,,
53380,RENAULT,,,,
53406,RENAULT,,,,
53419,RENAULT,,,2011,2011
53485,CHEVROLET,,,,
53492,CHEVROLET,,,,
53493,CHEVROLET,,,,
53499,CHEVROLET,,,,
53527,CITROEN,,,,
53531,CITROEN,,,,
53559,FORD,,,,
53562,FORD,,,,
53577,FORD,,,,
53579,FORD,,,,
53634,PERKINS,,,,
53672,PEUGEOT,,,,
53675,SKODA,,,136,135
53681,VW,,,,
53701,VW,,,,
54662,VARIOS,-,,,
54931,FIAT,IVECO,,1978,1983
54931,FIAT,DAILY,,1978,1983
54931,FIAT,MARENGO,,1978,1983
63734,PEUGEOT,206,,,
63734,PEUGEOT,306,,,
63734,PEUGEOT,405,,,
63734,PEUGEOT,406,,,
63739,CHEVROLET,ASTRA,,2016,2024
63739,CHEVROLET,VECTRA,,2016,2024
63739,CHEVROLET,OMEGA,,2016,2024
63739,CHEVROLET,CALIBRA,,2016,2024
63739,CHEVROLET,FRONTERA,,2016,2024
63739,CHEVROLET,SINTRA,,2016,2024
63876,FORD,KA,,,
64656,MERCEDES BENZ,OM447,,,
65371,FIAT,DUNA,,,
65372,FIAT,DUNA,,,
65372,FIAT,UNO,,,
65382,PEUGEOT,504,,,
65382,PEUGEOT,404,,,
65389,PEUGEOT,405,,,
65390,PEUGEOT,306,,,
65390,PEUGEOT,405,,,
65390,PEUGEOT,307,,,
65391,CITROEN,BERLINGO,,,
65391,CITROEN,ZX,,,
65391,CITROEN,XSARA,,,
65391,PEUGEOT,306,,,
65391,PEUGEOT,PARTNER,,,
65519,VW,GACEL,,,
65521,VW,GACEL,,,
65521,VW,GOL,,,
65526,VW,GACEL,,,
65537,VW,GACEL,,,
65537,VW,GOL POWER,,,
65546,FORD,GALAXY,,,
65546,VW,QUANTUM,,,
65546,VW,GOL POWER,,,
65548,VW,GOL,,,
65549,FORD,GALAXY,,,
65549,VW,QUANTUM,,,
65554,VW,GACEL,,,
65554,VW,GOL,,,
65555,VW,CARAT,,,
65557,VW,GACEL,,,
65557,VW,GOL,,,
65558,VW,GOLF,,,
65558,VW,POLO,,,
65558,VW,VOYAGE,,,
65558,VW,GOL TREND,,,
65559,VW,GOLF,,,
65559,VW,POLO,,,
65561,VW,GOLF,,1995,1999
65561,VW,POLO,,1995,1999
65562,VW,GOLF,,1995,1999
65562,VW,POLO,,1995,1999
65565,VW,GACEL,,,
65565,VW,GOL,,,
65565,VW,GOLF,,,
65567,FORD,GALAXY,,,
65567,VW,GOL,,,
65569,VW,GOL,,,
65598,FORD,F100,,,1992
65600,FORD,F100,,,
65609,FORD,ESCORT,,,
65611,FORD,ESCORT,,1992,1996
65612,FORD,ESCORT,,,
65612,FORD,ORION,,,
65612,VW,POINTER,,,
65613,FORD,ESCORT,,,
65613,FORD,ORION,,,
65613,VW,POINTER,,,
65615,FORD,F100,,,
65615,FORD,F1000,,,
65618,FORD,ESCORT,,1996,
65618,FORD,ORION,,1996,
65618,VW,POINTER,,1996,
65621,FORD,ESCORT,,,
65624,FORD,FIESTA,,1997,
65624,FORD,COURIER,,1997,
65625,FORD,FIESTA,,1997,
65625,FORD,COURIER,,1997,
65627,FORD,MONDEO,,1997,
65628,FORD,FIESTA,,1996,
65628,FORD,KA,,1996,
65628,FORD,COURIER,,1996,
65640,CHEVROLET,CORSA,,,
65641,CHEVROLET,CORSA,,,
65642,CHEVROLET,CORSA,,2003,2012
65642,CHEVROLET,TIGRA,,2003,2012
65642,SUZUKI,FUN,,2003,2012
65688,RENAULT,CLIO,,,
65689,RENAULT,CLIO,,,
65714,RENAULT,CLIO,,1997,1999
65745,FIAT,128,,,
65745,FIAT,147,,,
65745,FIAT,DUNA,,,
65745,FIAT,UNO,,,
65754,FIAT,DUCATO,,1996,
65754,PEUGEOT,BOXER,,1996,
65760,FIAT,DUNA,,,
65760,FIAT,UNO,,,
65768,FIAT,DUNA,,,
65768,FIAT,UNO,,,
65769,FIAT,DUNA,,,
65769,FIAT,UNO,,,
65780,FIAT,DUNA,,,
65780,FIAT,UNO,,,
65787,FIAT,PALIO,,,
65787,FIAT,SIENA,,,
65787,FIAT,UNO,,,
65787,FIAT,MOBI,,,
65787,FIAT,ARGO,,,
65787,FIAT,CRONOS,,,
65788,FIAT,PALIO,,,
65788,FIAT,SIENA,,,
65789,FIAT,PALIO,,,
65789,FIAT,SIENA,,,
65798,FIAT,125,,,
65798,FIAT,128,,,
65798,FIAT,DUNA,,,
65798,FIAT,UNO,,,
65897,CHEVROLET,LUV,,,
65897,HONDA,PASSPORT,,,
65897,ISUZU,LUV,,,
65924,PEUGEOT,504,,1986,1999
65924,PEUGEOT,505,,1986,1999
65947,PEUGEOT,405,,,
65959,PEUGEOT,405,,1993,
65963,PEUGEOT,306,,,
65964,PEUGEOT,306,,,
65965,PEUGEOT,306,,,
65966,PEUGEOT,306,,,
65971,PEUGEOT,PARTNER,,1999,
68429,RENAULT,KANGOO,,,
68575,DEUTZ,,,,
69188,PEUGEOT,306,,,
69189,PEUGEOT,306,,,
82532,VW,GACEL,,,
82532,VW,GOL,,,
82532,VW,SAVEIRO,,,
82532,VW,FOX,,,
82532,VW,SURAN,,,
82532,VW,CROSSFOX,,,
82532,VW,GOL TREND,,,
82532,VW,GOL POWER,,,
82535,VW,GACEL,,,
82535,VW,GOL,,,
82535,VW,SAVEIRO,,,
82535,VW,SURAN,,,
82535,VW,CROSSFOX,,,
82535,VW,GOL TREND,,,
82535,VW,GOL POWER,,,
82536,VW,GACEL,,,
82536,VW,GOL,,,
82536,VW,FOX,,,
82536,VW,SURAN,,,
82536,VW,GOL TREND,,,
82536,VW,GOL POWER,,,
87771,FORD,F100,,1999,
87777,FIAT,PALIO,,,
87777,FIAT,SIENA,,,
87777,FIAT,IDEA,,,
87778,FIAT,PALIO,,,
87778,FIAT,SIENA,,,
87781,PEUGEOT,206,,,
87782,CITROEN,C4,,,
87782,PEUGEOT,206,,,
87782,PEUGEOT,307,,,
88121,MERCEDES BENZ,OM366,,,
88217,VW,GACEL,,1600,1800
88217,VW,PASSAT,,1600,1800
88217,VW,RABBIT,,1600,1800
88217,VW,SENDA,,1600,1800
94428,VARGA COMPRESOR,COMPRESOR,,,2032
104593,FORD,,,,40
104593,MWM,,,,40
104606,ISUZU,4JA1,,,40
129235,FORD,FOCUS,,,
129237,CHEVROLET,CORSA,,1998,
129237,CHEVROLET,TIGRA,,1998,
129244,TOYOTA,HILUX,,,
129245,TOYOTA,HILUX,,,
129246,TOYOTA,HILUX,,,
129247,TOYOTA,HILUX,,,
129248,PEUGEOT,206,,1999,
129249,PEUGEOT,206,,1999,
130363,VW,POLO,,,
130375,PEUGEOT,306,,,
137818,FORD,FIESTA,,,
137837,FORD,FIESTA,,,
137977,CHEVROLET,ASTRA,,,
137977,CHEVROLET,ZAFIRA,,,
137978,FORD,ECOSPORT,,,
138676,RENAULT,MASTER,,,
138787,MERCEDES BENZ,SPRINTER,,,
138935,FORD,RANGER,,1996,2012
139235,ALFA ROMEO,164,,2001,2007
139235,CHEVROLET,COBALT,,2017,
139235,CHEVROLET,SPIN,,2017,
139235,CHEVROLET,PRISMA,,2017,
139235,CHEVROLET,ONIX,,2017,
139235,CITROEN,C4,,2009,
139235,CITROEN,DS4,,2011,
139235,CITROEN,C4 LOUNGE,,2013,
139235,FIAT,PALIO,,2001,2007
139235,FIAT,SIENA,,2001,2007
139235,FIAT,STRADA,,2001,2007
139235,FIAT,PUNTO,,2001,2007
139235,FIAT,IDEA,,2001,2007
139235,FIAT,LINEA,,2001,2007
139235,HONDA,HR-V,,2001,2007
139235,PEUGEOT,308,,2011,
139235,PEUGEOT,3008,,2001,2007
139235,PEUGEOT,408,,2011,
139235,PEUGEOT,5008,,2001,2007
139527,PEUGEOT,PARTNER,,,
139545,VW,GACEL,,1983,1995
139545,VW,GOL,,1983,1995
139545,VW,SENDA,,1983,1995
139764,PEUGEOT,306,,,
139764,PEUGEOT,405,,,
140216,AUDI,A3,,2014,
140216,VW,GOLF,,2014,
140216,VW,POLO,,2014,
140216,VW,VOYAGE,,2014,
140216,VW,BORA,,2014,
140216,VW,NEW BEETLE,,2014,
140216,VW,GOL TREND,,2014,
140216,VW,UP,,2014,
140259,PEUGEOT,PARTNER,,,
140345,CITROEN,XSARA,,2003,
140345,PEUGEOT,206,,2003,
140345,PEUGEOT,207,,2003,
140345,PEUGEOT,208,,2003,
140761,RENAULT,KANGOO,,,
140761,RENAULT,CLIO II,,,
140763,VW,GOLF,,,
140789,CHEVROLET,CORSA,,,
140790,CHEVROLET,CORSA,,,
140798,FIAT,PALIO,,,
140798,FIAT,SIENA,,,
140801,FORD,F100,,1973,1992
140821,RENAULT,CLIO,,1995,1999
140829,VW,GOL,,1995,
140865,FIAT,DUNA,,1994,1994
140865,FIAT,PALIO,,1994,1994
140865,FIAT,SIENA,,1994,1994
140870,PEUGEOT,306,,,
140870,PEUGEOT,205,,,
140870,PEUGEOT,806,,,
140870,PEUGEOT,406,,,
140870,PEUGEOT,605,,,
140870,PEUGEOT,EXPERT,,,
140870,PEUGEOT,PARTNER,,,
140964,RENAULT,CLIO,,,
140964,RENAULT,MEGANE,,,
140964,RENAULT,LAGUNA,,,
140965,RENAULT,CLIO,,,
140965,RENAULT,MEGANE,,,
140965,RENAULT,LAGUNA,,,
141165,PEUGEOT,504,,,
141167,FORD,FALCON,,,
141167,FORD,FAIRLANE,,,
141175,FIAT,128,,,
141175,FIAT,1300,,,
141181,FIAT,147,,,
141181,FIAT,FIORINO,,,
141181,FIAT,SPAZIO,,,
142263,AUDI,A3,,1999,
142263,VW,GOLF,,1999,
142263,VW,UP,,1999,
142265,PEUGEOT,306,,,
142265,PEUGEOT,PARTNER,,,
142294,PEUGEOT,206,,2001,
142312,CITROEN,BX,,,
142312,CITROEN,ZX,,,
142312,CITROEN,XM,,,
142312,FIAT,DUCATO,,,
142312,PEUGEOT,306,,,
142312,PEUGEOT,405,,,
142312,PEUGEOT,BOXER,,,
142312,PEUGEOT,806,,,
142313,CHEVROLET,MONZA,,1994,1994
142313,CITROEN,ZX,,1994,1994
142313,CITROEN,XM,,1994,1994
142313,FIAT,DUCATO,,1994,1994
142313,FORD,MONDEO,,1994,1994
142313,PEUGEOT,306,,1994,1994
142313,PEUGEOT,405,,1994,1994
142313,PEUGEOT,BOXER,,1994,1994
142313,RENAULT,MEGANE,,1994,1994
142313,RENAULT,LAGUNA,,1994,1994
142313,SEAT,TOLEDO,,1994,1994
142313,SEAT,INCA,,1994,1994
142313,VW,GOLF,,1994,1994
142313,VW,POLO,,1994,1994
142313,VW,CADDY,,1994,1994
142314,CITROEN,AX,,,
142314,PEUGEOT,106,,,
142314,PEUGEOT,205,,,
142315,CITROEN,BERLINGO,,,
142315,CITROEN,XANTIA,,,
142315,CITROEN,XSARA,,,
142315,CITROEN,XM,,,
142315,CITROEN,JUMPER,,,
142315,PEUGEOT,206,,,
142315,PEUGEOT,306,,,
142315,PEUGEOT,806,,,
142315,PEUGEOT,406,,,
142315,PEUGEOT,605,,,
142315,PEUGEOT,EXPERT,,,
142315,PEUGEOT,PARTNER,,,
142317,FIAT,147,,,
142317,FIAT,DUNA,,,
142317,FIAT,PALIO,,,
142317,FIAT,SIENA,,,
142317,FIAT,FIORINO,,,
142317,FIAT,UNO,,,
142317,FIAT,SPAZIO,,,
142317,SEAT,IBIZA,,,
142321,FIAT,DUNA,,1993,1993
142321,FIAT,UNO,,1993,1993
142322,FIAT,DUNA,,1994,1994
142322,FIAT,PALIO,,1994,1994
142322,FIAT,SIENA,,1994,1994
142322,FIAT,UNO,,1994,1994
142334,FORD,ESCORT,,1997,
142334,FORD,FIESTA,,1997,
142334,FORD,COURIER,,1997,
142334,RENAULT,MEGANE,,1997,
142335,FORD,MONDEO,,1996,1996
142335,PEUGEOT,306,,1996,1996
142335,PEUGEOT,405,,1996,1996
142335,VW,GOLF,,1996,1996
142335,VW,POLO,,1996,1996
142335,VW,CADDY,,1996,1996
142422,CITROEN,BERLINGO,,1998,
142422,CITROEN,AX,,1998,
142422,CITROEN,ZX,,1998,
142422,CITROEN,C15,,1998,
142422,CITROEN,VISA,,1998,
142422,PEUGEOT,306,,1998,
142422,PEUGEOT,504,,1998,
142422,PEUGEOT,505,,1998,
142422,PEUGEOT,205,,1998,
142422,PEUGEOT,405,,1998,
142422,PEUGEOT,PARTNER,,1998,
142427,CITROEN,BERLINGO,,2002,
142427,CITROEN,XANTIA,,2002,
142427,CITROEN,PICASSO,,2002,
142427,CITROEN,BX,,2002,
142427,CITROEN,XSARA,,2002,
142427,CITROEN,XM,,2002,
142427,PEUGEOT,306,,2002,
142427,PEUGEOT,605,,2002,
142427,PEUGEOT,EXPERT,,2002,
142427,PEUGEOT,PARTNER,,2002,
142428,CITROEN,BERLINGO,,2002,
142428,CITROEN,XANTIA,,2002,
142428,CITROEN,PICASSO,,2002,
142428,CITROEN,BX,,2002,
142428,CITROEN,XSARA,,2002,
142428,CITROEN,XM,,2002,
142428,PEUGEOT,306,,2002,
142428,PEUGEOT,605,,2002,
142428,PEUGEOT,EXPERT,,2002,
142428,PEUGEOT,PARTNER,,2002,
142429,CITROEN,JUMPER,,1999,
142429,FIAT,DUCATO,,1999,
142429,NISSAN,FRONTIER,,1999,
142429,PEUGEOT,BOXER,,1999,
142429,PEUGEOT,806,,1999,
142430,FIAT,128,,1987,
142430,FIAT,147,,1987,
142430,FIAT,DUNA,,1987,
142430,FIAT,FIORINO,,1987,
142430,FIAT,UNO,,1987,
142431,FIAT,128,,1987,
142431,FIAT,147,,1987,
142431,FIAT,DUNA,,1987,
142431,FIAT,FIORINO,,1987,
142431,FIAT,UNO,,1987,
142436,FORD,GALAXY,,,1996
142436,VW,GACEL,,,1996
142436,VW,GOL,,1991,
142436,VW,QUANTUM,,,1996
142436,VW,SENDA,,,1996
142436,VW,CARAT,,,1996
142436,VW,SAVEIRO,,1990,
142436,VW,SANTANA,,,1996
142436,VW,COUNTRY,,,1996
142441,FORD,ESCORT,,1988,
142457,PEUGEOT,405,,,
142460,TOYOTA,HILUX,,2002,
142460,TOYOTA,4RUNNER,,2002,
142476,CITROEN,BX,,,
142476,CITROEN,ZX,,,
142476,CITROEN,XM,,,
142476,FIAT,DUCATO,,,
142476,PEUGEOT,306,,,
142476,PEUGEOT,405,,,
142476,PEUGEOT,BOXER,,,
142476,PEUGEOT,806,,,
142482,FIAT,147,,,
142482,FIAT,DUNA,,,
142482,FIAT,PALIO,,,
142482,FIAT,SIENA,,,
142482,FIAT,FIORINO,,,
142482,FIAT,UNO,,,
142482,FIAT,SPAZIO,,,
142482,SEAT,IBIZA,,,
142489,FIAT,DUNA,,1993,1993
142489,FIAT,UNO,,1993,1993
142490,FIAT,DUNA,,1994,1994
142490,FIAT,PALIO,,1994,1994
142490,FIAT,SIENA,,1994,1994
142490,FIAT,UNO,,1994,1994
142495,FORD,GALAXY,,1992,1992
142495,VW,GACEL,,1992,1992
142495,VW,GOL,,1992,1992
142495,VW,SENDA,,1992,1992
142495,VW,CARAT,,1992,1992
142495,VW,SAVEIRO,,1992,1992
142501,FORD,ESCORT,,,
143575,FIAT,800,,,
143575,FIAT,700E,,,
144111,VW,,,,
145116,FORD,EXPLORER,,1998,2003
145116,FORD,RANGER,,1998,2003
145543,FORD,GALAXY,,,
146186,FORD,ESCORT,,1996,2001
146186,FORD,FIESTA,,1996,2001
146186,FORD,KA,,1996,2001
146187,VW,POLO,,,
147477,RENAULT,,,,
147527,MERCEDES BENZ,OM904,,,
149728,FORD,FIESTA,,,
149728,FORD,KA,,,
149728,FORD,COURIER,,,
149730,FIAT,PALIO,,,
149731,FIAT,PALIO,,,
149731,FIAT,SIENA,,,
149740,FIAT,PALIO,,,
149740,FIAT,SIENA,,,
149740,FIAT,TEMPRA,,,
149753,FIAT,PALIO,,,
149753,FIAT,SIENA,,,
151251,CHEVROLET,,,,
151357,FIAT,PALIO,,,
151357,FIAT,SIENA,,,
151358,FIAT,PALIO,,,
151358,FIAT,SIENA,,,
152054,DEUTZ,BFL-913,,,
152085,DEUTZ,FL-913,,,
152086,DEUTZ,FL-913,,,
152126,FORD,F100,,1999,
152128,FORD,RANGER,,,
152131,RENAULT,KANGOO,,,
152134,CITROEN,BERLINGO,,,
152134,PEUGEOT,306,,,
152134,PEUGEOT,PARTNER,,,
152156,DEUTZ,FL-913,,,
152157,DEUTZ,FL-913,,,
152249,MERCEDES BENZ,SPRINTER,,,
152253,RENAULT,FUEGO,,,
152253,RENAULT,CLIO,,,
152256,FIAT,DUNA,,,
152256,FIAT,UNO,,,
152272,FIAT,IVECO,,1997,
152272,IVECO,DAILY,,1997,
152274,CHEVROLET,CORSA,,1997,
152274,VW,GOL,,1997,
152286,FIAT,PALIO,,,
152286,FIAT,SIENA,,,
152342,FORD,F100,,,
152342,FORD,F150,,,
152343,RENAULT,TRAFIC,,,
152347,VW,GOL,,1994,
152347,VW,SENDA,,1994,
152350,CHEVROLET,CORSA,,,
158838,FIAT,,,,
165499,FORD,TRANSIT,,,
165684,PEUGEOT,306,,,
165684,PEUGEOT,205,,,
165684,PEUGEOT,405,,,
165684,PEUGEOT,305,,,
165980,PEUGEOT,405,,,
166048,FIAT,DUCATO,,,
166048,FIAT,DAILY,,,
166048,FIAT,GRINTA,,,
167451,DEUTZ,MOTOR 514,,,
167480,VW,GACEL,,1600,1800
167480,VW,PASSAT,,1600,1800
167480,VW,RABBIT,,1600,1800
167480,VW,SENDA,,1600,1800
168692,PEUGEOT,306,,,
168692,PEUGEOT,405,,,
168692,PEUGEOT,PARTNER,,,
168981,RENAULT,,,,
170638,VW,GACEL,,1600,1800
170638,VW,PASSAT,,1600,1800
170638,VW,RABBIT,,1600,1800
170638,VW,SENDA,,1600,1800
172670,FORD,GALAXY,,1992,1992
172670,VW,GACEL,,1992,1992
172670,VW,GOL,,1992,1992
172670,VW,SENDA,,1992,1992
172670,VW,CARAT,,1992,1992
172670,VW,SAVEIRO,,1992,1992
172930,FIAT,147,,,
172930,FIAT,133,,,
172930,FIAT,127,,,
175203,CHEVROLET,CORSA,,,
175565,RENAULT,MEGANE,,,
176880,VW,1600,,,
177192,PEUGEOT,PARTNER,,,
177362,VW,POLO,,,
187628,FORD,EXPLORER,,1995,
187628,FORD,RANGER,,1995,
189548,CITROEN,BERLINGO,,2007,
189548,CITROEN,C4,,2007,
189548,CITROEN,C4 PICASSO,,2007,
189548,CITROEN,C4 GRAN PICASSO,,2007,
189548,PEUGEOT,307,,2007,
189548,PEUGEOT,PARTNER,,2007,
189548,PEUGEOT,308,,2007,
189548,PEUGEOT,3008,,2007,
189548,PEUGEOT,408,,2007,
189548,PEUGEOT,5008,,2007,
190767,FORD,FIESTA,,,
190767,FORD,ECOSPORT,,,
190768,FORD,FIESTA,,2003,
190768,FORD,ECOSPORT,,2003,
190787,FORD,F100,,,
190787,FORD,FALCON,,,
190787,UNIVERSAL,,,,
192117,DAEWOO,ESPERO,,,
192117,DAEWOO,CIELO,,,
192117,DAEWOO,LANOS,,,
192117,DAEWOO,LEGANZA,,,
192117,DAEWOO,NUBIRA,,,
194151,FIAT,400,,,
194151,FIAT,1100,,,
194151,FIAT,500,,,
194151,FIAT,900,,,
194152,FIAT,400,,,
194152,FIAT,1100,,,
194152,FIAT,500,,,
194152,FIAT,900,,,
194153,FIAT,800,,,
194153,FIAT,700E,,,
194154,FIAT,800,,,
194154,FIAT,700E,,,
195886,FORD,FIESTA,,2003,
195886,FORD,ECOSPORT,,2003,
195886,PEUGEOT,PARTNER,,2003,
195888,TOYOTA,HILUX,,1998,
196131,PEUGEOT,307,,,
196132,PEUGEOT,307,,,
196134,FORD,ECOSPORT,,,
196136,FORD,FIESTA,,,
196137,RENAULT,KANGOO,,,
196139,TOYOTA,HILUX,,,
196142,FIAT,DUCATO,,,
196142,PEUGEOT,BOXER,,,
196144,CITROEN,C4,,,
196144,PEUGEOT,307,,,
196145,FORD,RANGER,,2002,
196146,FORD,RANGER,,2002,
196147,FORD,EXPLORER,,,
196147,FORD,RANGER,,,
196156,RENAULT,CLIO II,,2000,
196157,VW,COUNTRY,,2002,
196157,VW,GOL POWER,,2002,
196158,VW,POLO,,2000,
197384,VW,GOL,,,
197575,CHEVROLET,CORSA,,,
197576,CHEVROLET,CORSA,,,
197577,CHEVROLET,CORSA,,2002,2002
197578,CHEVROLET,CORSA,,2002,2002
197582,CHEVROLET,CORSA,,2003,2003
198174,VW,POLO,,,
198177,PEUGEOT,PARTNER,,,
198243,FORD,RANGER,,2005,
198243,FORD,F1000,,2005,
198243,TOYOTA,HILUX,,2005,
200019,VW,,,,
200104,FORD,,,,
200106,FORD,,,,
200149,CHEVROLET,,,,
200217,RENAULT,,,,
200472,DEUTZ,FL-913,,,
202852,FORD,RANGER,,2002,
202852,MAXION,POWER STROKE,,2002,
202985,FORD,FIESTA,,2003,
202985,FORD,ECOSPORT,,2003,
210039,CITROEN,C4,,,
210039,PEUGEOT,307,,,
210955,PEUGEOT,306,,,
210975,VW,,,,
211901,CHEVROLET,MERIVA,,2001,2002
211901,CHEVROLET,CORSA II,,2001,2002
211902,CHEVROLET,MERIVA,,2001,2002
211902,CHEVROLET,CORSA II,,2001,2002
211999,PEUGEOT,BOXER,,2002,
212725,FIAT,PALIO,,,
212725,FIAT,SIENA,,,
212725,FIAT,MAREA,,,
216629,FORD,EXPLORER,,,
216629,FORD,RANGER,,,
216630,FORD,RANGER,,2004,
216631,FORD,EXPLORER,,,
216631,FORD,RANGER,,,
221560,CHEVROLET,BLAZER,,1995,2000
221561,CHEVROLET,CORSA,,,
221562,CHEVROLET,VECTRA,,1997,
221562,CHEVROLET,CORSA II,,1997,
221563,CITROEN,C4,,,
221563,PEUGEOT,307,,,
222223,RENAULT,TWINGO,,,
222228,FORD,KA,,,
226681,FIAT,STRADA,,2012,2001
228698,VW,GOL,,,
228698,VW,QUANTUM,,,
228700,CHEVROLET,CORSA,,,
228700,CHEVROLET,TIGRA,,,
228702,VW,FOX,,,
228703,VW,VOYAGE,,,
228703,VW,FOX,,,
228703,VW,SURAN,,,
228703,VW,GOL TREND,,,
229111,TOYOTA,HILUX,,2001,2005
230120,VARIOS,,,,
230165,VARIOS,,,,
230215,VARIOS,,,,
230218,VARIOS,,,,
230221,VARIOS,,,,
230222,VARIOS,,,,
230233,VARIOS,,,,
230248,VARIOS,,,,
230848,FIAT,DUCATO,,2002,
230848,PEUGEOT,BOXER,,2002,
234694,CHEVROLET,400,,,
235580,FORD,FIESTA,,,
235580,FORD,ECOSPORT,,,
235742,VW,SURAN,,2001,2005
235743,VW,CROSSFOX,,2001,2005
235807,FIAT,DUNA,,,
235807,FIAT,FIORINO,,,
235807,FIAT,UNO,,,
235809,FIAT,DUNA,,,
235809,FIAT,FIORINO,,,
235809,FIAT,UNO,,,
237321,PEUGEOT,307,,,
237322,CITROEN,C3,,,
239492,FORD,F150,,,
239508,RENAULT,KANGOO,,,
239508,RENAULT,CLIO II,,,
239511,VW,POLO,,2002,
239511,VW,SPACEFOX,,2002,
242661,RENAULT,CLIO,,,
242661,RENAULT,MEGANE,,,
242661,RENAULT,KANGOO,,,
242661,RENAULT,LAGUNA,,,
242664,FIAT,PALIO,,,
242664,FIAT,SIENA,,,
242664,SEAT,IBIZA,,,
242665,PEUGEOT,206,,,
242668,RENAULT,CLIO,,,
242668,RENAULT,MEGANE,,,
242668,RENAULT,KANGOO,,,
242668,RENAULT,LAGUNA,,,
242669,RENAULT,CLIO,,,
242669,RENAULT,MEGANE,,,
242669,RENAULT,KANGOO,,,
242669,RENAULT,LAGUNA,,,
242671,RENAULT,MEGANE,,2003,
242671,RENAULT,KANGOO,,2003,
242671,RENAULT,LAGUNA,,2003,
242671,RENAULT,SCENIC,,2003,
242671,RENAULT,MASTER,,2003,
242671,RENAULT,CLIO II,,2003,
242671,RENAULT,MEGANE II,,2003,
244760,PEUGEOT,504,,,
244760,PEUGEOT,505,,,
244760,PEUGEOT,404,,,
244815,FORD,F100,,,
244815,FORD,FALCON,,,
244815,FORD,FAIRLANE,,,
244816,FORD,F100,,,
244816,FORD,F350,,,
244910,VW,GACEL,,,
244910,VW,GOL,,,
244910,VW,SENDA,,,
244910,VW,CARAT,,,
244910,VW,SAVEIRO,,,
244913,VW,GACEL,,,
244913,VW,GOL,,,
244913,VW,SENDA,,,
244913,VW,SAVEIRO,,,
244947,AUDI,A3,,,
244947,VW,GOLF,,,
244947,VW,NEW BEETLE,,,
244979,FIAT,UNO,,,
244997,FIAT,PALIO,,2004,
244998,FIAT,PALIO,,,
244998,FIAT,SIENA,,,
245099,FORD,FIESTA,,,
245099,FORD,ECOSPORT,,,
245112,FORD,ESCORT,,,
245202,CHEVROLET,ASTRA,,,
245202,CHEVROLET,VECTRA,,,
245202,CHEVROLET,CORSA,,,
245232,CHEVROLET,CORSA,,,
245236,CHEVROLET,CORSA,,,
245239,CHEVROLET,CORSA,,,
245248,CHEVROLET,CORSA,,,
245248,CHEVROLET,TIGRA,,,
245248,CHEVROLET,CELTA,,,
245275,CHEVROLET,MERIVA,,,
245397,RENAULT,CLIO,,,
245482,VW,GOL,,,
246714,CHEVROLET,MERIVA,,,
246714,CHEVROLET,CORSA II,,,
246715,CHEVROLET,ASTRA,,,
246715,CHEVROLET,VECTRA,,,
246715,CHEVROLET,MERIVA,,,
246715,CHEVROLET,ZAFIRA,,,
246715,CHEVROLET,AGILE,,,
246715,CHEVROLET,CORSA II,,,
249433,FORD,FOCUS,,2002,
249433,FORD,ECOSPORT,,2002,
249437,FORD,FOCUS,,2002,
249437,FORD,ECOSPORT,,2002,
249440,FORD,FOCUS,,2002,
249440,FORD,ECOSPORT,,2002,
249443,FORD,FOCUS,,2002,
249443,FORD,ECOSPORT,,2002,
249640,FIAT,PALIO,,1999,
249640,FIAT,STRADA,,1999,
249640,FIAT,PALIO WEEKEND,,1999,
249640,FIAT,IDEA,,1999,
249839,RENAULT,MEGANE,,2006,
249839,RENAULT,CLIO II,,2006,
249840,CITROEN,C3,,2007,
249845,CHEVROLET,CORSA,,2000,
249845,CHEVROLET,COMBO,,2000,
249845,CHEVROLET,PRISMA,,2000,
249845,SUZUKI,FUN,,2000,
249846,CHEVROLET,CORSA,,1998,
249846,CHEVROLET,COMBO,,1998,
249848,FORD,FIESTA,,2004,
249848,FORD,ECOSPORT,,2004,
249852,CHEVROLET,VECTRA,,1996,
249852,CHEVROLET,ZAFIRA,,1996,
249856,CHEVROLET,ASTRA,,,
249856,CHEVROLET,VECTRA,,,
249856,CHEVROLET,ZAFIRA,,,
249856,CHEVROLET,NOVA,,,
250014,FIAT,PALIO,,,
250014,FIAT,SIENA,,,
250014,FIAT,MAREA,,,
251789,FORD,RANGER,,,
251792,CHEVROLET,S10,,,
252864,CITROEN,C4,,,
253231,AUDI,A3,,1995,2011
253231,SEAT,IBIZA,,1995,2011
253231,SEAT,CORDOBA,,1995,2011
253231,SEAT,TOLEDO,,1995,2011
253231,SEAT,INCA,,1995,2011
253231,VW,GOLF,,1994,
253231,VW,POLO,,1996,
253231,VW,CADDY,,1995,2011
253232,FORD,ESCORT,,1997,
253232,FORD,FIESTA,,1997,
253232,FORD,COURIER,,1997,
253232,FORD,ECOSPORT,,1997,
253232,VW,POINTER,,1997,
253233,FIAT,PALIO,,1997,
253233,FIAT,SIENA,,1997,
253233,FIAT,TEMPRA,,1997,
253234,FIAT,PALIO,,1997,
253234,FIAT,SIENA,,1997,
253234,FIAT,STRADA,,1997,
253234,FIAT,MAREA,,1997,
253234,FIAT,PUNTO,,1997,
253234,FIAT,STILO,,1997,
253234,FIAT,IDEA,,1997,
253234,FIAT,DOBLO,,1997,
253234,FIAT,LINEA,,1997,
253234,FIAT,MOBI,,1997,
253234,HONDA,FIT,,1997,
253234,HONDA,CITY,,1997,
253234,HYUNDAI,SANTA FE,,1997,
253234,HYUNDAI,TUCSON,,1997,
253234,MITSUBISHI,L200,,1997,
253238,CITROEN,C3,,2003,
253238,CITROEN,C5,,2003,
253238,CITROEN,C4,,2003,
253238,PEUGEOT,206,,2003,
253238,PEUGEOT,406,,2003,
253238,PEUGEOT,307,,2003,
253238,PEUGEOT,308,,2003,
253238,PEUGEOT,407,,2003,
253238,PEUGEOT,207,,2003,
253238,PEUGEOT,3008,,2003,
253240,CHEVROLET,CORSA,,2002,
253240,CHEVROLET,CORSA II,,2002,
253241,FORD,FIESTA,,1990,
253241,FORD,KA,,1990,
253241,FORD,MONDEO,,1990,
253241,FORD,FOCUS,,1990,
253242,PEUGEOT,504,,,2000
253242,PEUGEOT,404,,,2000
253251,VW,GOL,,2002,
253251,VW,SAVEIRO,,2002,
253251,VW,COUNTRY,,2002,
253253,RENAULT,KANGOO,,2000,
253253,RENAULT,CLIO II,,2000,
253253,RENAULT,DUSTER,,2000,
253253,RENAULT,LOGAN,,2000,
253253,RENAULT,DUSTER OROCH,,2000,
253253,RENAULT,LOGAN II,,2000,
253254,RENAULT,CLIO,,1991,1999
253258,RENAULT,CLIO,,1991,1999
253258,RENAULT,KANGOO,,1991,1999
253259,FIAT,PALIO,,1997,
253259,FIAT,SIENA,,1997,
253259,FIAT,DOBLO,,1997,
253260,FIAT,PALIO,,1997,
253260,FIAT,SIENA,,1997,
253267,FORD,ESCORT,,1997,
253267,FORD,FIESTA,,1997,
253267,FORD,KA,,1997,
253267,FORD,MONDEO,,1997,
253267,FORD,COURIER,,1997,
253276,AUDI,A3,,2004,
253276,VW,GOLF,,2004,
253276,VW,POLO,,2004,
253276,VW,BORA,,2004,
253276,VW,FOX,,2004,
253276,VW,SURAN,,2004,
253276,VW,CROSSFOX,,2004,
253277,CITROEN,BERLINGO,,1998,
253277,CITROEN,ZX,,1998,
253277,CITROEN,XSARA,,1998,
253277,PEUGEOT,306,,1998,
253277,PEUGEOT,205,,1998,
253277,PEUGEOT,405,,1998,
253277,PEUGEOT,406,,1998,
253277,PEUGEOT,605,,1998,
253277,PEUGEOT,PARTNER,,1998,
253278,CHEVROLET,CORSA,,1994,
253282,FORD,ORION,,,
253282,VW,GOL,,,
253282,VW,POINTER,,,
253290,PEUGEOT,206,,,
253309,CHEVROLET,CORSA,,,
253322,FORD,COURIER,,,
253329,FORD,KA,,,
253329,FORD,FOCUS,,,
253335,PEUGEOT,206,,,
253338,VW,POLO,,,
253338,VW,FOX,,,
253339,VW,GACEL,,,
253339,VW,GOL,,,
253339,VW,SENDA,,,
253339,VW,CARAT,,,
253339,VW,SAVEIRO,,,
253340,VW,GOL,,,
253340,VW,QUANTUM,,,
253340,VW,SAVEIRO,,,
253340,VW,SANTANA,,,
253343,VW,POLO,,2002,
253343,VW,FOX,,2002,
253343,VW,SURAN,,2002,
253344,VW,GOL,,,
253344,VW,SAVEIRO,,,
253353,VW,SAVEIRO,,,
253354,VW,GOL,,,
253359,VW,GACEL,,,
253359,VW,GOL,,,
253359,VW,SENDA,,,
253359,VW,CARAT,,,
253359,VW,SAVEIRO,,,
253363,VW,GOL,,,
253364,FORD,FIESTA,,,
253364,FORD,ECOSPORT,,,
253367,FIAT,DUNA,,,
253367,FIAT,FIORINO,,,
253396,FIAT,147,,,
253396,FIAT,DUNA,,,
253396,FIAT,FIORINO,,,
253396,FIAT,UNO,,,
253396,FIAT,SPAZIO,,,
253396,SEAT,IBIZA,,,
253399,PEUGEOT,206,,,
253400,PEUGEOT,206,,,
253498,CHEVROLET,MERIVA,,2003,
254426,CHEVROLET,ASTRA,,,
254426,CHEVROLET,ZAFIRA,,,
254428,CHEVROLET,MERIVA,,,
254428,CHEVROLET,CORSA II,,,
254431,FIAT,PALIO,,,
254431,FIAT,SIENA,,,
254701,CITROEN,BERLINGO,,1995,
254701,CITROEN,XSARA,,1995,
254701,PEUGEOT,306,,1995,
254701,PEUGEOT,PARTNER,,1995,
254726,CITROEN,C3,,,
254726,PEUGEOT,206,,,
255320,VARIOS,,,2000,505
255321,CHEVROLET,CORSA,,,
255321,CITROEN,BERLINGO,,,
255321,CITROEN,PICASSO,,,
255321,CITROEN,XSARA PICASSO,,,
255321,CITROEN,C3,,,
255321,FIAT,PALIO,,,
255321,FIAT,SIENA,,,
255321,FIAT,STRADA,,,
255321,FIAT,PALIO WEEKEND,,,
255321,FIAT,PUNTO,,,
255321,FIAT,STILO,,,
255321,FIAT,IDEA,,,
255321,FIAT,ADVENTURE,,,
255321,FIAT,LINEA,,,
255321,FIAT,PALIO FIRE,,,
255321,FIAT,SIENA FIRE,,,
255321,HYUNDAI,ATOS,,,
255321,HYUNDAI,H1,,,
255321,KIA,PICANTO,,,
255321,KIA,CERATO,,,
255321,KIA,RONDO,,,
255321,MERCEDES BENZ,C240,,,
255321,MERCEDES BENZ,A160,,,
255321,MERCEDES BENZ,CLASE C,,,
255321,MERCEDES BENZ,CLASE E,,,
255321,MERCEDES BENZ,S400,,,
255321,MERCEDES BENZ,A190,,,
255321,MERCEDES BENZ,C230,,,
255321,MERCEDES BENZ,ML270,,,
255321,MERCEDES BENZ,ML400,,,
255321,MERCEDES BENZ,S500,,,
255321,MERCEDES BENZ,ML350,,,
255321,MERCEDES BENZ,ML500,,,
255321,MERCEDES BENZ,SLK 350,,,
255321,MERCEDES BENZ,B170,,,
255321,NISSAN,X-TRAIL,,,
255321,PEUGEOT,206,,,
255321,PEUGEOT,205,,,
255321,PEUGEOT,307,,,
255321,PEUGEOT,PARTNER,,,
255321,PEUGEOT,308,,,
255321,PEUGEOT,508,,,
255321,PEUGEOT,408,,,
255321,PEUGEOT,208,,,
255321,PEUGEOT,4008,,,
255321,TOYOTA,COROLLA,,,
255321,TOYOTA,PRIUS,,,
255321,VARIOS,,,2000,500
255322,VARIOS,,,2000,500
255327,CHEVROLET,CORSA,,2001,505
255327,FORD,FALCON,,2001,505
255327,FORD,SIERRA,,2001,505
255327,FORD,TAUNUS,,2001,505
255327,FORD,F350,,2001,505
255327,FORD,F250,,2001,505
255327,PEUGEOT,504,,2001,505
255327,VARIOS,,,2001,505
255454,TOYOTA,HILUX,,2016,
255454,TOYOTA,SW4,,2016,
255643,VARIOS,,,,
255644,VARIOS,,,,
255674,VARIOS,,,,
255685,VARIOS,,,1960,1955
255914,VARIOS,,,1960,1955
257527,RENAULT,MEGANE II,,,
257528,FIAT,PALIO,,,
257528,FIAT,SIENA,,,
257529,FIAT,PALIO,,,
257529,FIAT,SIENA,,,
257530,CITROEN,C3,,,
257531,CITROEN,C3,,,
258430,BMW,520,,,
258430,BMW,525,,,
258430,BMW,528,,,
258430,BMW,630,,,
258430,BMW,625,,,
258430,BMW,725,,,
258430,MERCEDES BENZ,200,,,
258508,CHEVROLET,ASTRA,,,
258508,CHEVROLET,MERIVA,,,
258508,CHEVROLET,ZAFIRA,,,
259605,CHEVROLET,CORSA,,,
259771,FIAT,147,,,
259782,FIAT,DUNA,,1993,
259782,FIAT,UNO,,1993,
259796,FIAT,PALIO,,,
259812,FIAT,PALIO,,2001,
259918,FORD,FIESTA,,2003,
259923,FORD,ECOSPORT,,,
260247,PEUGEOT,206,,,
260257,PEUGEOT,307,,,
260324,RENAULT,KANGOO,,,
260434,TOYOTA,HILUX,,2005,
260485,VW,GOL,,,
260523,VW,GOL,,2004,2011
260524,VW,GOL,,2004,2011
260531,VW,VENTO,,,
260625,FIAT,IDEA,,,
261291,FORD,F1000,,,
261555,VW,GOL,,,
261555,VW,SAVEIRO,,,
261555,VW,PARATI,,,
261555,VW,VOYAGE,,,
261647,HONDA,CIVIC,,2001,2005
261781,VARIOS,,,,
261839,VARIOS,,,,
261948,VARIOS,,,,
261949,UNIVERSAL,-,,,
261971,VARIOS,,,,
262311,FIAT,-,,,
262312,RENAULT,-,,,
262334,UNIVERSAL,-,,,
262336,UNIVERSAL,-,,,
262341,RENAULT,,,1670,
270205,VARIOS,,,,
282987,CHEVROLET,,,,
283000,FORD,FALCON,,1986,
283003,PEUGEOT,504,,,
283003,PEUGEOT,505,,,
283003,PEUGEOT,404,,,
283006,INDENOR,,,,
283008,FORD,FALCON,,,
283014,RENAULT,EXPRESS,,,
284762,RENAULT,KANGOO,,2002,2003
284762,RENAULT,CLIO II,,2002,2003
284774,TOYOTA,COROLLA,,,
284775,TOYOTA,COROLLA,,,
284781,CITROEN,JUMPER,,,
284781,FIAT,DUCATO,,,
284781,PEUGEOT,BOXER,,,
284782,TOYOTA,COROLLA,,,
284786,TOYOTA,COROLLA,,2002,2018
284788,CHEVROLET,VECTRA,,,
284815,RENAULT,EXPRESS,,,
284815,RENAULT,KANGOO,,,
284816,RENAULT,MEGANE II,,,
284817,RENAULT,MEGANE II,,,
284820,FIAT,UNO,,,
284823,TOYOTA,HILUX,,2005,
284824,TOYOTA,HILUX,,2005,
284825,TOYOTA,HILUX,,2005,
284826,TOYOTA,HILUX,,2005,
284828,CHEVROLET,CORSA II,,,
284829,VW,FOX,,,
284829,VW,VENTO,,,
285005,FORD,FIESTA,,2001,
285005,FORD,ECOSPORT,,2001,
285008,RENAULT,KANGOO,,2004,
285928,RENAULT,CLIO,,,
285928,RENAULT,CLIO II,,,
285959,CHEVROLET,MERIVA,,,
285959,CHEVROLET,CORSA II,,,
288500,VW,VENTO,,,
288524,FIAT,PALIO,,,
288524,FIAT,SIENA,,,
288524,FIAT,IDEA,,,
288526,RENAULT,LOGAN,,,
288526,RENAULT,SANDERO,,,
288526,RENAULT,KANGOO II,,,
288536,RENAULT,CLIO II,,2000,
288543,VW,GOL TREND,,,
288559,VW,GOL,,,
288559,VW,FOX,,,
288559,VW,SURAN,,,
289725,FORD,FALCON,,,
289730,FORD,FIESTA,,,
289732,SCANIA,,,2010,
289733,VW,GACEL,,,
290972,PEUGEOT,205,,1992,
290976,PEUGEOT,206,,,
290978,PEUGEOT,PARTNER,,1998,
290984,CHEVROLET,CORSA,,1991,
290984,OPEL,CORSA,,1991,
290987,PEUGEOT,206,,,
290988,FIAT,UNO,,1998,
290998,RENAULT,KANGOO,,,
291006,FIAT,PALIO,,2001,
291007,FIAT,DUCATO,,,
291219,RENAULT,LOGAN,,,
291219,RENAULT,SANDERO,,,
291220,RENAULT,LOGAN,,,
291220,RENAULT,SANDERO,,,
291412,FIAT,128,,,
291412,FIAT,147,,,
291412,FIAT,DUNA,,,
291412,FIAT,UNO,,,
291412,FIAT,SPAZIO,,,
291414,FIAT,DUCATO,,,
291414,PEUGEOT,BOXER,,,
291415,CHEVROLET,CORSA,,,
291417,FORD,ESCORT,,,
291417,FORD,FIESTA,,,
291417,FORD,KA,,,
291417,FORD,COURIER,,,
291509,PEUGEOT,206,,,
291529,VW,AMAROK,,,
291530,VW,GOLF,,,
291530,VW,POLO,,,
291530,VW,CADDY,,,
291533,FORD,ESCORT,,,
291533,FORD,ORION,,,
291533,FORD,FOCUS,,,
291535,RENAULT,CLIO,,,
291535,RENAULT,MEGANE,,,
291535,RENAULT,KANGOO,,,
291537,FIAT,PALIO,,,
291537,FIAT,SIENA,,,
291537,FIAT,TEMPRA,,,
291538,FIAT,PALIO,,,
291538,FIAT,SIENA,,,
291540,CITROEN,XANTIA,,,
291540,PEUGEOT,306,,,
291540,PEUGEOT,405,,,
291540,PEUGEOT,406,,,
291540,PEUGEOT,605,,,
291541,PEUGEOT,206,,,
291542,CHEVROLET,CORSA,,,
291543,FORD,FIESTA,,,
291543,FORD,KA,,,
291543,FORD,MONDEO,,,
291543,FORD,FOCUS,,,
291543,FORD,ECOSPORT,,,
291544,CITROEN,JUMPER,,1997,
291544,FIAT,DUCATO,,1997,
291544,PEUGEOT,BOXER,,1997,
291546,FIAT,PALIO,,,
291546,FIAT,SIENA,,,
291549,FIAT,PALIO,,,
291549,FIAT,SIENA,,,
291560,VW,PASSAT,,,
291560,VW,BORA,,,
291568,VW,GOL,,,
291628,TOYOTA,HILUX,,,
291629,TOYOTA,HILUX,,2002,2015
291629,TOYOTA,SW4,,2002,2015
291630,TOYOTA,HILUX,,,
291632,FORD,RANGER,,2010,
291632,FORD,KUGA,,2010,
291632,RENAULT,MEGANE III,,2010,
291632,TOYOTA,HILUX,,2010,
291633,TOYOTA,HILUX,,,
291638,TOYOTA,COROLLA,,2002,
291735,TOYOTA,HILUX,,2005,
291790,AUDI,A3,,1999,
291790,VW,GOLF,,1999,
291790,VW,PASSAT,,1999,
295847,VW,GACEL,,1986,
295847,VW,GOL,,1986,
295847,VW,QUANTUM,,1986,
295847,VW,CARAT,,1986,
295906,CHEVROLET,ASTRA,,,
295906,CHEVROLET,CORSA,,,
295995,FIAT,PALIO,,,
295995,FIAT,SIENA,,,
295995,FIAT,TEMPRA,,,
295999,FIAT,PALIO,,,
295999,FIAT,SIENA,,,
295999,FIAT,MAREA,,,
295999,FIAT,BRAVO,,,
296001,FIAT,PALIO,,,
296010,FIAT,FIORINO,,,
296010,FIAT,UNO,,,
296010,FIAT,STRADA,,,
296024,FORD,F100,,,
296024,FORD,FALCON,,,
296024,FORD,FAIRLANE,,,
296048,FORD,ESCORT,,,
296048,FORD,FIESTA,,,
296048,FORD,COURIER,,,
296048,FORD,ORION,,,
296048,FORD,FOCUS,,,
296070,FORD,TRANSIT,,,
296090,FORD,FIESTA,,,
296090,FORD,ECOSPORT,,,
296093,FORD,,,,
296145,MERCEDES BENZ,1721,,,
296145,MERCEDES BENZ,OM904,,,
296145,MERCEDES BENZ,OM906,,,
296145,MERCEDES BENZ,712,,,
296188,PEUGEOT,206,,,
296188,PEUGEOT,306,,,
296188,PEUGEOT,106,,,
296188,PEUGEOT,205,,,
296188,PEUGEOT,405,,,
296188,PEUGEOT,PARTNER,,,
296200,PEUGEOT,306,,,
296200,PEUGEOT,405,,,
296202,PEUGEOT,306,,,
296202,PEUGEOT,405,,,
296202,PEUGEOT,406,,,
296202,PEUGEOT,605,,,
296239,RENAULT,MEGANE,,,
296239,RENAULT,LAGUNA,,,
296239,RENAULT,SCENIC,,,
296254,RENAULT,MEGANE,,,
296254,RENAULT,KANGOO,,,
296257,RENAULT,SCENIC,,,
296301,FORD,ESCORT,,,
296301,FORD,GALAXY,,,
296301,FORD,ORION,,,
296301,VW,GOL,,,
296301,VW,GOLF,,,
296301,VW,PASSAT,,,
296301,VW,SENDA,,,
296301,VW,POINTER,,,
296301,VW,SAVEIRO,,,
296301,VW,SANTANA,,,
296301,VW,PARATI,,,
296301,VW,LOGUS,,,
296301,VW,VERONA,,,
296302,VW,SENDA,,,
296302,VW,KOMBI,,,
296307,FORD,ESCORT,,,
296307,FORD,GALAXY,,,
296307,FORD,ORION,,,
296308,VW,GOLF,,,
296308,VW,PASSAT,,,
296308,VW,POLO,,,
296308,VW,CADDY,,,
296323,VW,,,,
296608,VW,FOX,,,
296608,VW,SURAN,,,
296608,VW,SPACEFOX,,,
297004,FIAT,PALIO,,,
297004,FIAT,SIENA,,,
297022,FORD,ESCORT,,,
298467,MERCEDES BENZ,SPRINTER,,611,612
301265,PEUGEOT,405,,,
302260,PEUGEOT,307,,2000,
302409,PEUGEOT,BOXER,,2002,
302439,CITROEN,BERLINGO,,,
302439,PEUGEOT,PARTNER,,,
302474,CITROEN,BERLINGO,,,
302474,PEUGEOT,PARTNER,,,
302715,FORD,FIESTA,,2002,
302715,FORD,ECOSPORT,,2002,
303651,FORD,F100,,1999,
303654,FORD,RANGER,,,
303655,FORD,RANGER,,,
303680,PEUGEOT,PARTNER,,,
310579,CHEVROLET,CORSA,,,
310579,CHEVROLET,CORSA II,,,
310580,VW,GOLF,,,
310580,VW,BORA,,,
310580,VW,NEW BEETLE,,,
310876,CHEVROLET,AGILE,,2009,
310876,CHEVROLET,CORSA II,,2009,
310876,CHEVROLET,MONTANA,,2009,
311273,CHEVROLET,CORSA,,2004,
311273,SUZUKI,FUN,,2004,
311421,FORD,FIESTA,,,
313015,VARIOS,,,,
313017,VARIOS,,,1960,1955
313019,VARIOS,,,,
313058,CHEVROLET,CORSA,,,
313058,SUZUKI,FUN,,,
313059,CHEVROLET,CORSA,,,
313059,SUZUKI,FUN,,,
313062,FORD,FIESTA,,,
313062,FORD,ECOSPORT,,,
313063,CHEVROLET,CORSA,,,
313063,SUZUKI,FUN,,,
313064,CHEVROLET,CORSA,,,
313064,SUZUKI,FUN,,,
313068,VW,GOL,,,
313135,HONDA,,,500,700
313135,HONDA,ACCORD,,500,700
313135,HONDA,PRELUDE,,500,700
313135,HONDA,CIVIC,,500,700
313135,HONDA,CR-V,,500,700
313626,AUDI,A3,,,
313626,VW,GOLF,,,
313626,VW,NEW BEETLE,,,
313626,VW,SURAN,,,
313626,VW,UP,,2014,
313761,PEUGEOT,405,,,
313761,PEUGEOT,PARTNER,,,
313792,PEUGEOT,206,,,
313792,PEUGEOT,306,,,
313792,PEUGEOT,PARTNER,,,
314436,VW,GOLF,,,
315071,TOYOTA,YARIS,,,
315079,MERCEDES BENZ,SPRINTER,,311,313
315081,TOYOTA,YARIS,,2006,
315082,TOYOTA,COROLLA,,2005,
315087,FORD,FOCUS,,,
315174,RENAULT,KANGOO,,2007,
315174,RENAULT,LOGAN,,2007,
315174,RENAULT,SANDERO,,2007,
315174,RENAULT,DUSTER OROCH,,2007,
315174,RENAULT,CAPTUR,,2007,
315180,FIAT,PALIO,,,
315180,FIAT,SIENA,,,
315180,FIAT,UNO,,,
315180,FIAT,MOBI,,,
315180,FIAT,ARGO,,,
315180,FIAT,CRONOS,,,
315189,VW,VENTO,,2006,
315192,FORD,FALCON,,,
315249,HONDA,CIVIC,,1992,
315572,AUDI,A3,,,
315572,AUDI,TT,,,
315572,VW,,,,
317694,PEUGEOT,306,,,
317708,VW,GOL,,1998,
318318,FORD,,,,
318489,VW,GOL TREND,,2008,
318493,VW,GOL TREND,,2008,
318527,PEUGEOT,206,,1999,
318529,PEUGEOT,206,,1999,
319071,VW,FOX,,,
319071,VW,SURAN,,,
319071,VW,GOL TREND,,,
319206,CITROEN,C4,,,
319206,PEUGEOT,307,,,
319252,CHEVROLET,CORSA,,1996,
319616,FORD,FIESTA,,,
321050,VARIOS,,,,
321397,FIAT,,,,
321397,FORD,,,,
321397,VW,BORA,,,
321397,VW,AMAROK,,,
321397,VARIOS,,,,
321462,VARIOS,,,,
322415,CHEVROLET,ASTRA,,1999,
322415,CHEVROLET,VECTRA,,1999,
322415,CHEVROLET,MERIVA,,1999,
322617,TOYOTA,HILUX,,2005,
322617,TOYOTA,SW4,,2005,
323665,DEUTZ,,,912,913
323695,FORD,FIESTA,,,
323830,CHEVROLET,CORSA,,,40
324129,VARIOS,,,,
324134,VARIOS,,,,
324136,VARIOS,,,,
324138,VARIOS,,,2035,2035
324141,VARIOS,,,1960,1955
324143,VARIOS,,,1975,1970
324150,VARIOS,,,,
324175,VARIOS,,,,
324176,VARIOS,,,,
324180,VARIOS,,,,
324185,VARIOS,,,,
324186,VARIOS,,,,
324197,VARIOS,,,,
324209,VARIOS,,,,
324210,VARIOS,,,,
324211,VARIOS,,,,
324213,VARIOS,,,,
324216,VARIOS,,,,
324217,VARIOS,,,,
324218,VARIOS,,,,
324222,VARIOS,,,2021,
324224,VARIOS,,,2021,
324226,VARIOS,,,2021,
324258,VARIOS,,,2035,2030
324762,HONDA,FIT,,,
324763,HONDA,FIT,,,
326423,HONDA,,,2004,
329970,VARIOS,,,,
331566,HONDA,FIT,,,
331567,HONDA,FIT,,,
331568,HONDA,FIT,,,
331570,CHEVROLET,SPARK,,,
331571,CHEVROLET,SPARK,,,
332257,CHEVROLET,ASTRA,,2001,
332257,CHEVROLET,ZAFIRA,,2001,
332271,CHEVROLET,SPARK,,,
332784,FORD,RANGER,,,
332784,MAXION,,,,
335479,RENAULT,MEGANE,,,
335485,PEUGEOT,206,,,
335489,CHEVROLET,CORSA,,,
335599,FORD,ESCORT,,,
335656,MERCEDES BENZ,SPRINTER,,,
335662,VW,POLO,,,
335820,FIAT,PUNTO,,,
335820,FIAT,LINEA,,,
335821,FIAT,PUNTO,,,
335821,FIAT,LINEA,,,
335824,CITROEN,C4,,,
335824,PEUGEOT,307,,,
335972,VARIOS,-,,,
335973,VARIOS,-,,,
335982,VARIOS,-,,,
335989,VARIOS,-,,,
336018,MOTOS VARIAS,-,,,
336037,VARIOS,-,,,
336039,VARIOS,-,,,
336044,MOTOS VARIAS,-,,115,110
336054,VARIOS,-,,,
336221,RENAULT,KERAX,,2006,
337201,CHEVROLET,ASTRA,,,
337202,RENAULT,CLIO,,,
337202,RENAULT,KANGOO,,,
339785,VW,SAVEIRO,,2010,
339822,VW,GOL,,,
339822,VW,GOLF,,,
339822,VW,POLO,,,
339822,VW,FOX,,,
339849,HONDA,,,1983,1987
339927,PEUGEOT,PARTNER,,1999,
339931,CHEVROLET,AVEO,,,
339932,CHEVROLET,AVEO,,,
340481,AUDI,A3,,,
340481,VW,GOLF,,,
340481,VW,BORA,,,
340481,VW,NEW BEETLE,,,
340482,CHEVROLET,AVEO,,,
345663,VW,GOL,,2008,
345959,TOYOTA,HILUX,,1998,2002
345963,TOYOTA,HILUX,,1998,2002
345965,HONDA,ACCORD,,1993,1999
345965,HONDA,PRELUDE,,1993,1999
345965,HONDA,CIVIC,,1993,1999
347997,VW,GOL,,2004,
347997,VW,GOLF,,2004,
347997,VW,VOYAGE,,2004,
347997,VW,BORA,,2004,
347997,VW,FOX,,2004,
347997,VW,VENTO,,2004,
347997,VW,SURAN,,2004,
347997,VW,CROSSFOX,,2004,
347997,VW,TIGUAN,,2004,
347997,VW,UP,,2004,
348000,VW,GOLF,,2007,
348000,VW,FOX,,2007,
348000,VW,SURAN,,2007,
348044,VW,VENTO,,,
348191,CHEVROLET,AVEO,,,
348192,CHEVROLET,AVEO,,,
348204,FORD,FIESTA,,,
348204,FORD,KA,,,
348284,VARIOS,,,,
348596,VARIOS,,,,
348808,CHEVROLET,MERIVA,,,
348808,CHEVROLET,CORSA II,,,
348869,CASE,455C,,,
349524,CHRYSLER,COMPASS,,2007,
349524,DODGE,JOURNEY,,2007,
350174,DEUTZ,,,,
350174,MERCEDES BENZ,,,,
350174,SCANIA,,,,
350174,IVECO,,,,
350192,CITROEN,C5,,,
350192,CITROEN,C4,,,
350192,PEUGEOT,206,,,
350192,PEUGEOT,307,,,
350192,PEUGEOT,407,,,
350192,PEUGEOT,207,,,
350193,RENAULT,LOGAN,,,
350193,RENAULT,SANDERO,,,
350193,RENAULT,SYMBOL,,,
350196,HONDA,CIVIC,,2006,
350196,PEUGEOT,208,,2006,
350197,CITROEN,C5,,,
350197,CITROEN,C4,,,
350197,PEUGEOT,206,,,
350197,PEUGEOT,307,,,
350197,PEUGEOT,407,,,
350197,PEUGEOT,207,,,
350198,RENAULT,LOGAN,,,
350198,RENAULT,SANDERO,,,
350198,RENAULT,SYMBOL,,,
350200,RENAULT,CLIO,,2003,
350200,RENAULT,KANGOO,,2003,
350391,NISSAN,SENTRA,,2007,
350391,NISSAN,TIIDA,,2007,
350391,RENAULT,LOGAN,,2007,
350391,RENAULT,SANDERO,,2007,
350391,RENAULT,SYMBOL,,2007,
350391,RENAULT,KOLEOS,,2007,
350392,RENAULT,LOGAN,,,
350392,RENAULT,SANDERO,,,
350392,RENAULT,SYMBOL,,,
350521,TOYOTA,HILUX,,2009,
350521,TOYOTA,SW4,,2009,
351027,VW,GOLF,,2004,
351027,VW,VENTO,,2004,
351029,VW,AMAROK,,,
351114,TOYOTA,HILUX,,2005,
351114,TOYOTA,SW4,,2005,
351115,TOYOTA,HILUX,,2005,
351115,TOYOTA,SW4,,2005,
351316,PEUGEOT,PARTNER,,2010,
352235,VW,AMAROK,,,
352236,VW,AMAROK,,,
352237,VW,AMAROK,,,
352238,VW,AMAROK,,,
352239,VW,AMAROK,,,
352246,VW,FOX,,,
352246,VW,CROSSFOX,,,
352246,VW,SPACEFOX,,,
352248,CHEVROLET,ASTRA,,,
352248,CHEVROLET,VECTRA,,,
352248,CHEVROLET,CORSA,,,
352248,CHEVROLET,MERIVA,,,
352248,CHEVROLET,ZAFIRA,,,
352492,HONDA,,,,
352493,HONDA,,,,
352843,TOYOTA,HILUX,,,
352848,TOYOTA,HILUX,,,
352905,PEUGEOT,306,,,
352905,PEUGEOT,205,,,
352905,PEUGEOT,405,,,
352905,PEUGEOT,BOXER,,,
352998,MAZDA,,,,
353109,VW,GACEL,,,
353109,VW,GOL,,,
353109,VW,SENDA,,,
353294,FIAT,DUCATO,,,
353294,FIAT,IVECO,,,
353296,FIAT,DUCATO,,,
353296,FIAT,IVECO,,,
354188,VW,AMAROK,,,
355281,VW,AMAROK,,,
355506,PEUGEOT,206,,,
355507,PEUGEOT,206,,,
356493,CHEVROLET,CORSA,,,2016
356493,CHEVROLET,MERIVA,,,2016
357108,CHEVROLET,CORSA,,,
357108,SUZUKI,FUN,,,
357122,IVECO,EUROCARGO,,,
357122,IVECO,CURSOR,,,
357146,VW,GOL POWER,,,
357511,HONDA,-,,2001,
357725,CITROEN,BERLINGO,,,
357725,CITROEN,XSARA,,,
357725,PEUGEOT,PARTNER,,,
357768,CHEVROLET,CORSA,,,
357768,CHEVROLET,AGILE,,,
357790,HONDA,FIT,,2009,
357861,CHEVROLET,AVEO,,2009,
357861,CHEVROLET,SPARK,,2009,
357861,CHEVROLET,AGILE,,2009,
357861,CHEVROLET,TRACKER,,2009,
357861,CHEVROLET,CRUZE,,2009,
357861,CHEVROLET,COBALT,,2009,
357861,CHEVROLET,SONIC,,2009,
357861,CHEVROLET,SPIN,,2009,
357861,CHEVROLET,PRISMA,,2009,
357861,CHEVROLET,ONIX,,2009,
357861,CITROEN,C-ELYSEE,,2009,
357861,NISSAN,MARCH,,2009,
357861,NISSAN,VERSA,,2009,
357861,NISSAN,NOTE,,2009,
357861,NISSAN,KICKS,,2009,
357861,PEUGEOT,301,,2009,
357861,PEUGEOT,208,,2009,
357861,PEUGEOT,2008,,2009,
357863,VW,AMAROK,,,
357864,CHEVROLET,AVEO,,,
357864,CHEVROLET,CORSA II,,,
357865,CHEVROLET,AVEO,,,
357865,CHEVROLET,CORSA II,,,
358095,RENAULT,CLIO II,,,
358095,RENAULT,LOGAN,,,
358095,RENAULT,MEGANE II,,,
358473,CHEVROLET,ASTRA,,1996,
358473,CHEVROLET,VECTRA,,1996,
358473,CHEVROLET,MERIVA,,1996,
358473,CHEVROLET,ZAFIRA,,1996,
358612,FORD,RANGER,,,
358615,TOYOTA,HILUX,,292,
358619,CHEVROLET,CORSA,,,
359051,YAMAHA,,,,
359138,CHEVROLET,AVEO,,2008,
359202,FIAT,PUNTO,,2007,
359202,FIAT,LINEA,,2007,
359216,RENAULT,LOGAN,,2007,
359216,RENAULT,SANDERO,,2007,
359217,RENAULT,LOGAN,,2007,
359217,RENAULT,SANDERO,,2007,
359650,VW,GOL,,2007,2009
359650,VW,SAVEIRO,,2007,2009
359651,VW,VOYAGE,,,
360618,MOTOS VARIAS,-,,,
361078,MITSUBISHI,L200,,,
361481,SUZUKI,SWIFT,,,
361489,CHEVROLET,PICK UP,,,
361497,HONDA,CIVIC,,,
361501,HONDA,CIVIC,,,
361552,FORD,FIESTA,,,
361552,FORD,ECOSPORT,,,
361600,ALFA ROMEO,145,,1995,
361600,ALFA ROMEO,155,,1995,
361600,ALFA ROMEO,156,,1995,
361600,ALFA ROMEO,SPIDER,,1995,
361600,ALFA ROMEO,147,,1995,
361610,VW,FOX,,,
361610,VW,GOL TREND,,,
361943,CHEVROLET,CORSA II,,,
362094,RENAULT,LOGAN,,2007,
362333,VARIOS,,,9486,
362339,CHEVROLET,LUV,,,
362364,CHEVROLET,KODIAK,,2014,190
362373,CHEVROLET,CORSA,,2002,
362408,DODGE,RAM,,,
362423,CITROEN,3 CV,,1969,1979
362463,DEUTZ,,,710,712
362494,VARIOS,,,,
362508,FIAT,147,,147,
362520,FIAT,150,,,
362520,FIAT,673T,,,
362520,FIAT,673N,,,
362521,FIAT,150,,,
362523,FIAT,619,,,
362526,FIAT,DUNA,,1987,1992
362527,FIAT,DUNA,,1992,
362527,FIAT,UNO,,1992,
362529,FIAT,DUNA,,,
362529,FIAT,UNO,,,
362532,FIAT,FIORINO,,1994,
362533,FIAT,619,,1970,
362534,IVECO,EUROCARGO,,1997,1700
362535,IVECO,EUROTRAKKER,,,
362552,FIAT,UNO,,2002,
362555,FORD,F14000,,1999,
362559,FORD,CARGO,,,
362561,FORD,CARGO 914,,1992,
362562,FORD,CARGO 914,,,
362573,FORD,ESCORT,,1988,1996
362582,FORD,F4000,,,
362585,FORD,F100,,2006,
362586,FORD,F100,,1961,1965
362588,FORD,F100,,1966,1973
362590,FORD,F100,,1974,1992
362591,FORD,F100,,1993,1999
362592,FORD,F100,,,
362595,FORD,F100,,1999,
362597,FORD,F100,,1999,
362599,FORD,F100,,1999,
362601,FORD,F250,,1974,1979
362606,FORD,F4000,,,
362607,FORD,F600,,1961,1966
362613,FORD,FALCON,,,
362630,FORD,FOCUS,,2000,
362636,FORD,GALAXY,,,
362636,VW,GOL,,,
362636,VW,QUANTUM,,,
362636,VW,CARAT,,,
362636,VW,SANTANA,,,
362649,FORD,F100,,2007,
362653,FORD,RANGER,,1997,
362654,FORD,RANGER,,1997,
362657,FORD,RANGER,,1997,4032
362665,FORD,,,,
362671,FORD,F100,,,
362702,IKA,ESTANCIERA,,1975,1975
362725,IVECO,STRALIS,,,
362726,IVECO,,,,
362728,IVECO,EUROCARGO,,1997,
362731,IVECO,EUROTRAKKER,,,
362733,IVECO,DAILY,,,
362734,IVECO,DAILY,,,
362735,IVECO,STRALIS,,,
362739,KIA,BESTA,,1992,1998
362774,MERCEDES BENZ,1215,,1979,2014
362785,MERCEDES BENZ,ATEGO,,,
362786,MERCEDES BENZ,AXOR,,,
362787,MERCEDES BENZ,AXOR,,8315,2048
362788,MERCEDES BENZ,,,160,220
362790,MERCEDES BENZ,1514,,,
362794,MERCEDES BENZ,,,,
362803,MERCEDES BENZ,L710,,710,712
362805,MERCEDES BENZ,O371,,371,1973
362814,MERCEDES BENZ,ATEGO,,1418,2048
362815,MERCEDES BENZ,ATEGO,,,
362818,MERCEDES BENZ,AXOR,,,2036
362841,CHEVROLET,ASTRA,,1999,
362851,MERCEDES BENZ,SPRINTER,,310,312
362868,MITSUBISHI,L200,,1996,
362878,NISSAN,FRONTIER,,2000,
362879,NISSAN,FRONTIER,,2000,
362879,NISSAN,NP300,,2000,
362880,NISSAN,FRONTIER,,2004,
362905,PEUGEOT,504,,,
362905,PEUGEOT,505,,,
362905,PEUGEOT,404,,,
362915,PEUGEOT,504,,,
362915,PEUGEOT,505,,,
362921,PEUGEOT,BOXER,,1996,
362925,PEUGEOT,504,,1991,
362926,RENAULT,R9,,2011,
362955,RENAULT,EXPRESS,,1995,
362981,RENAULT,R4,,1969,1986
362981,RENAULT,R6,,1969,1986
362988,RENAULT,TRAFIC,,1986,
363013,VARIOS,,,,
363015,VARIOS,,,,
363040,VARIOS,,,,
363065,TOYOTA,HILUX,,1993,1995
363068,TOYOTA,HILUX,,2006,
363069,TOYOTA,HILUX,,2006,
363070,TOYOTA,HILUX,,2006,
363072,TOYOTA,HILUX,,,
363113,VW,GOL,,1983,1995
363136,VW,TRANSPORTER,,1997,
363357,FIAT,PALIO,,,
363357,FIAT,UNO,,,
363357,FIAT,PUNTO,,,
363357,FIAT,LINEA,,,
363357,FIAT,MOBI,,,
363417,CHEVROLET,CORSA,,2010,
363417,CHEVROLET,CELTA,,2010,
363627,FORD,,,,
363630,FIAT,,,,
363654,PERKINS,,,,
363662,TOYOTA,,,,
363668,VW,FOX,,,
363668,VW,SURAN,,,
363668,VW,GOL TREND,,,
363737,RENAULT,,,,
363875,CHEVROLET,,,,
363894,RENAULT,,,,
364500,VW,GOLF,,,
364500,VW,VOYAGE,,,
364500,VW,BORA,,,
364500,VW,GOL TREND,,,
364630,PEUGEOT,206,,,
364631,PEUGEOT,206,,,
364632,CHEVROLET,MERIVA,,,
364633,CHEVROLET,MERIVA,,,
364634,CITROEN,XSARA PICASSO,,,
364634,PEUGEOT,306,,,
364635,FIAT,PALIO,,1999,
364635,FIAT,STRADA,,1999,
364636,FIAT,IDEA,,2006,
364637,FORD,FOCUS,,2008,
364638,RENAULT,SANDERO,,2008,
364639,HONDA,CIVIC,,2006,
364640,VW,CROSSFOX,,2005,
364641,VW,VENTO,,2006,
364642,TOYOTA,COROLLA,,2003,
364644,RENAULT,LOGAN,,2008,
364644,RENAULT,SANDERO,,2008,
364645,RENAULT,SANDERO,,2010,
364646,FIAT,IDEA,,2007,
364648,FIAT,PALIO,,2001,
364648,FIAT,STRADA,,2001,
364650,FIAT,IDEA,,2006,
364651,FIAT,UNO,,2004,
364652,FIAT,UNO,,2004,
364653,RENAULT,MEGANE,,2003,
364654,TOYOTA,COROLLA,,2003,2007
364655,TOYOTA,COROLLA,,2003,2007
364656,HONDA,CIVIC,,2006,
364657,HONDA,CIVIC,,2006,
364658,HONDA,FIT,,2003,2008
364659,HONDA,FIT,,2003,2008
364662,FIAT,PUNTO,,2005,
364662,FIAT,LINEA,,2005,
364663,TOYOTA,COROLLA,,2008,
364664,TOYOTA,COROLLA,,2008,
364665,VW,SAVEIRO,,2010,
364666,VW,CROSSFOX,,2005,
364667,VW,FOX,,2006,
364668,VW,VENTO,,2006,
364668,VW,TIGUAN,,2006,
364678,CHEVROLET,AVEO,,,
364684,FIAT,128,,,
364684,FIAT,147,,,
364684,FIAT,DUNA,,,
364684,FIAT,FIORINO,,,
364684,FIAT,UNO,,,
364687,HONDA,FIT,,2009,
364687,HONDA,CITY,,2009,
364800,PEUGEOT,106,,1992,
364841,DAEWOO,TICO,,,
364875,TOYOTA,HILUX,,2005,
364875,TOYOTA,SW4,,2005,
364877,TOYOTA,HILUX,,2005,
364877,TOYOTA,SW4,,2005,
364896,CHEVROLET,MERIVA,,,
364896,CHEVROLET,CORSA II,,,
364901,CHEVROLET,AGILE,,,
364904,RENAULT,SANDERO,,,
364909,FORD,FOCUS,,2008,
365210,TOYOTA,HILUX,,1980,
365594,CHEVROLET,AVEO,,,
365708,AUDI,A1,,2010,
365708,AUDI,Q3,,2010,
365708,VW,SAVEIRO,,2010,
365708,VW,VOYAGE,,2010,
365708,VW,FOX,,2010,
365708,VW,GOL TREND,,2010,
365778,NISSAN,TIIDA,,,
365778,RENAULT,MEGANE II,,,
365834,FIAT,PUNTO,,2005,
365835,CHEVROLET,AGILE,,,
365836,RENAULT,MEGANE II,,2003,
365837,HONDA,FIT,,,
365838,HONDA,FIT,,2003,2008
365840,VW,SAVEIRO,,,
365841,VW,POLO,,1997,
365842,VW,GOL,,1996,
365844,FORD,ESCORT,,1997,
365845,VW,SAVEIRO,,1998,
365847,HONDA,CIVIC,,1992,2000
365851,VW,GACEL,,1983,
365851,VW,GOL,,1983,
365851,VW,SENDA,,1983,
365851,VW,SAVEIRO,,1983,
365852,FIAT,PALIO,,1997,
365854,CHEVROLET,CORSA,,,
365854,CHEVROLET,CELTA,,,
365854,CHEVROLET,CLASSIC,,,
365854,SUZUKI,FUN,,,
365855,FORD,FIESTA,,1997,
365856,FORD,KA,,1997,
365857,RENAULT,KANGOO,,1999,
365858,RENAULT,CLIO,,1999,2000
365859,RENAULT,CLIO II,,,
365861,VW,POLO,,,
365862,PEUGEOT,205,,,
365863,AUDI,A3,,1997,
365865,FORD,ECOSPORT,,,
365866,FIAT,PALIO,,2009,
365866,FIAT,STRADA,,2009,
365867,CHEVROLET,AGILE,,2009,
365870,HONDA,FIT,,2009,
365871,HONDA,FIT,,2009,
365872,FIAT,PUNTO,,2005,
365872,FIAT,LINEA,,2005,
365873,FORD,FOCUS II,,2008,
365874,FORD,FOCUS II,,2008,
365875,FIAT,DUCATO,,1996,
365876,FORD,TRANSIT,,2014,2015
365877,MERCEDES BENZ,SPRINTER,,1999,
365969,FORD,FIESTA,,2008,
365969,FORD,KA,,2008,
365969,FORD,ECOSPORT,,2008,
365970,NISSAN,TIIDA,,,
365976,FORD,FIESTA,,1997,
365977,VW,AMAROK,,2010,
365979,RENAULT,MEGANE,,,
365980,FORD,ESCORT,,,
365981,FORD,FOCUS,,,
365982,FORD,FOCUS,,,
365984,CHEVROLET,ASTRA,,1999,
365985,CHEVROLET,ASTRA,,1999,
365986,FORD,FIESTA,,2002,
365987,PEUGEOT,307,,2005,
365988,PEUGEOT,307,,2005,
365989,CITROEN,C3,,,
365990,CITROEN,C3,,,
365991,PEUGEOT,PARTNER,,,
365992,RENAULT,CLIO II,,,
365996,VW,GOL TREND,,,
365996,VW,UP,,,
366286,VW,AMAROK,,2010,
366596,VW,GOL,,,
366596,VW,BORA,,,
366596,VW,FOX,,,
366596,VW,VENTO,,,
366641,FIAT,SIENA,,2009,
366641,FORD,FOCUS,,2009,
366641,FORD,ECOSPORT,,2009,
366641,FORD,KUGA,,2009,
366645,FORD,RANGER,,2007,
366646,FIAT,PALIO,,2009,
366646,FIAT,SIENA,,2009,
366768,NISSAN,TIIDA,,,
366769,RENAULT,DUSTER,,2012,
366769,RENAULT,DUSTER OROCH,,2012,
366769,RENAULT,CAPTUR,,2012,
366770,RENAULT,DUSTER,,2006,
366770,RENAULT,DUSTER OROCH,,2006,
366770,RENAULT,CAPTUR,,2006,
366790,VW,GOL,,,
366790,VW,SAVEIRO,,,
366794,TOYOTA,HILUX,,2005,
366804,FORD,FIESTA,,,
367065,FIAT,PUNTO,,,
367065,FIAT,LINEA,,,
367066,FIAT,PUNTO,,,
367066,FIAT,LINEA,,,
367069,RENAULT,LOGAN,,,
367069,RENAULT,SANDERO,,,
367069,RENAULT,FLUENCE,,,
367069,RENAULT,DUSTER OROCH,,,
367069,RENAULT,CAPTUR,,2002,
367080,VARIOS,,,,
367120,VW,SAVEIRO,,,
367126,VW,SAVEIRO,,,
367214,CHEVROLET,CORSA,,,
367218,VW,POLO,,,
367549,CHEVROLET,AVEO,,,
367550,FORD,FIESTA,,2010,
367551,RENAULT,LAGUNA,,1994,
367553,VW,AMAROK,,2010,
367594,FIAT,PALIO,,2001,
367594,FIAT,SIENA,,2001,
367598,TOYOTA,HILUX,,2005,2012
367598,TOYOTA,SW4,,2005,2012
367599,VW,VENTO,,2011,
367721,VW,19-320,,,
367736,VW,GOL,,,
367736,VW,BORA,,,
367736,VW,FOX,,,
367736,VW,VENTO,,,
367737,RENAULT,CLIO,,,
367812,CITROEN,C3,,2002,
368012,YAMAHA,,,,
368248,TOYOTA,HILUX,,2005,2009
368249,PEUGEOT,406,,1995,
368262,FIAT,PALIO,,,
368262,FIAT,UNO,,,
368262,FIAT,GRAND SIENA,,,
368262,FIAT,MOBI,,,
368262,FIAT,ARGO,,,
368262,FIAT,CRONOS,,,
368265,CITROEN,C3,,2010,
368266,CITROEN,C3,,2010,
368317,IVECO,DAILY,,,
368339,FORD,FALCON,,,
368340,VARIOS,,,,
368341,VARIOS,,,,
368342,FIAT,133,,,
368342,RASTROJERO,,,,
368343,FORD,FALCON,,,
368344,VARIOS,,,,
368367,FORD,MONDEO,,,
368371,PEUGEOT,405,,,
368581,FORD,KA,,2007,
368725,TOYOTA,COROLLA,,,
368733,VW,AMAROK,,,
368797,RENAULT,DUSTER,,2011,
368798,RENAULT,DUSTER,,2011,
368806,RENAULT,LOGAN,,2007,
368864,HONDA,,,,
368864,GILERA,,,,
368867,YAMAHA,,,,
368873,CHEVROLET,AGILE,,2011,
368873,CHEVROLET,MONTANA,,2011,
368878,FORD,FOCUS II,,1951,
368879,FORD,FOCUS II,,1951,3063
368881,CHEVROLET,CRUZE,,,
369176,FORD,ESCORT,,1999,
369235,FORD,FIESTA,,2016,
369235,FORD,KA,,2016,
369236,NISSAN,TIIDA,,,
369266,FIAT,STRADA,,2022,
369266,FIAT,PULSE,,2022,
369319,AUDI,Q7,,2011,
369319,VW,TOUAREG,,2011,
369319,VW,AMAROK,,2011,
369474,CHEVROLET,AVEO,,2008,
369571,CHEVROLET,CAPTIVA,,2006,2006
369576,FORD,FOCUS II,,2008,
369576,FORD,KUGA,,2008,
369591,RENAULT,DUSTER,,,
369593,TOYOTA,HILUX,,2005,
369594,TOYOTA,HILUX,,2005,
369688,RENAULT,SANDERO,,2008,
369698,CHEVROLET,ZAFIRA,,,
369700,CHEVROLET,AVEO,,2008,
369701,CHEVROLET,AVEO,,2008,
369703,MERCEDES BENZ,SPRINTER,,310,312
369742,RENAULT,DUSTER,,2011,
369742,RENAULT,DUSTER OROCH,,2011,
369742,RENAULT,CAPTUR,,2011,
369861,DEUTZ,,,,
369985,VARIOS,,,,
370028,FORD,FIESTA,,2016,
370028,FORD,KA,,2016,
370029,RENAULT,FLUENCE,,,
370029,RENAULT,MEGANE III,,,
370030,RENAULT,FLUENCE,,,
370030,RENAULT,MEGANE III,,,
370031,RENAULT,FLUENCE,,,
370031,RENAULT,MEGANE III,,,
370154,CHEVROLET,CORSA,,,
370709,VW,POLO,,,
370710,VW,POLO,,,
370845,FORD,FIESTA,,2012,
370845,FORD,KA,,2012,
370845,FORD,ECOSPORT,,2012,
370849,PEUGEOT,206,,2008,
370849,PEUGEOT,207,,2008,
370966,FIAT,PALIO,,,
370966,FIAT,STRADA,,,
370967,RENAULT,LOGAN,,2001,2012
370967,RENAULT,SANDERO,,2001,2012
371289,CHRYSLER,,,,
371489,PEUGEOT,,,,
371551,FORD,ECOSPORT,,2002,
371557,VW,POLO,,,
371557,VW,SURAN,,,
371561,VW,GOL TREND,,2008,
371613,HYUNDAI,,,1997,
372144,MERCEDES BENZ,,,,
373775,VARIOS,,,,
373893,VARIOS,,,,
375426,ALFA ROMEO,MITO,,,
375426,FIAT,LINEA,,,
375426,FIAT,QUBO,,,
376124,CHEVROLET,MERIVA,,,
376128,RENAULT,KANGOO,,,
376128,RENAULT,DUSTER,,,
376128,RENAULT,LOGAN,,,
376128,RENAULT,SANDERO,,,
376128,RENAULT,DUSTER OROCH,,,
376361,NISSAN,TIIDA,,2011,
376361,RENAULT,MEGANE,,2011,
376361,RENAULT,DUSTER,,2011,
376361,RENAULT,LOGAN,,2011,
376361,RENAULT,KANGOO II,,2011,
376361,RENAULT,CLIO III,,2011,
376362,MERCEDES BENZ,SPRINTER,,,
376596,ALFA ROMEO,MITO,,,
376596,FIAT,QUBO,,,
376598,VW,VOYAGE,,,
376598,VW,FOX,,,
376598,VW,SURAN,,,
376598,VW,GOL TREND,,,
376714,IVECO,DAILY,,2012,
376738,CHEVROLET,COBALT,,2012,
376738,CHEVROLET,SONIC,,2012,
376738,CHEVROLET,SPIN,,2012,
376738,CHEVROLET,ONIX,,2012,
376835,PEUGEOT,206,,1999,
376836,RENAULT,CLIO II,,,
377065,RENAULT,KANGOO,,1999,
377233,AUDI,A3,,2003,
377233,AUDI,A4,,2003,
377233,AUDI,TT,,2003,
377233,SEAT,TOLEDO,,2003,
377233,SEAT,LEON,,2003,
377233,SEAT,ALTEA,,2003,
377233,VW,GOLF,,2003,
377233,VW,PASSAT,,2003,
377233,VW,SHARAN,,2003,
377233,VW,BORA,,2003,
377233,VW,BEETLE,,2003,
377233,VW,VENTO,,2003,
377233,VW,TIGUAN,,2003,
377777,MERCEDES BENZ,CLASE C,,2010,
377779,BMW,SERIE 3,,2012,
377779,BMW,SERIE 1,,2012,
377781,MERCEDES BENZ,CLASE C,,2010,
377993,PEUGEOT,307,,,
379096,FORD,F600,,,
379096,MERCEDES BENZ,SPRINTER,,,
379105,CHEVROLET,CORSA,,,
379105,CHEVROLET,MONZA,,,
379108,FORD,FIESTA,,,
379108,FORD,ECOSPORT,,,
379111,RENAULT,MASTER,,,
379112,RENAULT,TWINGO,,,
379114,FORD,FIESTA,,,
379114,FORD,ECOSPORT,,,
379127,CHEVROLET,COBALT,,,
379127,CHEVROLET,SONIC,,,
379127,CHEVROLET,SPIN,,,
379128,RENAULT,KANGOO,,2013,
379134,VW,CROSSFOX,,2001,2005
379136,VW,GOL TREND,,2008,
379137,RENAULT,KANGOO,,2013,
379138,NISSAN,TIIDA,,2007,
379144,RENAULT,MASTER,,2000,
379145,VW,FOX,,2007,
379145,VW,SURAN,,2007,
379146,FORD,FIESTA,,2010,
379147,FORD,FIESTA,,2010,
379148,CITROEN,C3,,,
379150,FIAT,PALIO,,1997,
379150,FIAT,SIENA,,1997,
379151,FORD,ECOSPORT,,,
379271,RENAULT,MEGANE,,1996,
379272,FORD,FIESTA,,2002,
379316,SCANIA,,,,
379434,PEUGEOT,307,,,
379479,FORD,RANGER,,2012,
379493,RENAULT,MASTER,,1999,
379540,FIAT,PALIO,,1996,
379573,RENAULT,FLUENCE,,,
379573,RENAULT,MEGANE III,,,
379637,FORD,KA,,2007,
379646,HONDA,CR-V,,,
379659,VW,GACEL,,,1990
379659,VW,GOL,,,1990
379659,VW,QUANTUM,,,1990
379659,VW,SENDA,,,1990
379659,VW,CARAT,,,1990
379659,VW,SAVEIRO,,,1990
379659,VW,SANTANA,,,1990
379665,CITROEN,JUMPER,,1981,1994
379676,CHEVROLET,VECTRA,,2002,
379676,CHEVROLET,MERIVA,,2002,
379676,CHEVROLET,CORSA II,,2002,
379676,CHEVROLET,CORSA CLASSIC,,2002,
379677,CHEVROLET,ASTRA,,1999,
379677,CHEVROLET,ZAFIRA,,1999,
379680,CITROEN,BERLINGO,,1999,
379681,CITROEN,C3,,2003,
379681,CITROEN,C3 PICASSO,,2003,
379682,CITROEN,C4,,2007,
379682,CITROEN,C4 PICASSO,,2007,
379682,CITROEN,C4 GRAN PICASSO,,2007,
379682,CITROEN,DS3,,2007,
379682,CITROEN,DS4,,2007,
379682,CITROEN,C4 LOUNGE,,2007,
379685,CITROEN,XSARA,,1998,
379685,CITROEN,XSARA PICASSO,,1998,
379687,PEUGEOT,208,,2013,2019
379687,PEUGEOT,2008,,2013,2019
379689,FORD,TRANSIT,,2009,
379690,FORD,TRANSIT,,2009,
379691,FORD,FIESTA,,2012,
379691,FORD,KA,,2012,
379691,FORD,ECOSPORT,,2012,
379693,VW,TIGUAN,,2008,
379694,VW,AMAROK,,2010,
379695,FIAT,PALIO,,2012,
379695,FIAT,SIENA,,2012,
379695,FIAT,UNO,,2012,
379695,FIAT,GRAND SIENA,,2012,
379696,FIAT,PUNTO,,2017,
379696,FIAT,LINEA,,2017,
379696,FIAT,ARGO,,2017,
379696,FIAT,CRONOS,,2017,
379697,CHEVROLET,CAPTIVA,,2012,
379697,CHEVROLET,TRACKER,,2012,
379698,CHEVROLET,CAPTIVA,,2012,
379698,CHEVROLET,TRACKER,,2012,
379701,FORD,FOCUS,,1998,2009
379703,PEUGEOT,807,,2005,
379705,FORD,EXPLORER,,1995,2007
379705,FORD,RANGER,,1995,2007
379708,AUDI,A3,,2000,
379708,SEAT,TOLEDO,,2000,
379708,SEAT,LEON,,2000,
379708,VW,GOLF,,2000,
379708,VW,BORA,,2000,
379708,VW,BEETLE,,2000,
379708,VW,NEW BEETLE,,2000,
379713,FIAT,DUCATO,,1994,
379714,FIAT,MAREA,,1998,
379714,FIAT,BRAVA,,1998,
379715,FIAT,STRADA,,2005,
379715,FIAT,STILO,,2005,
379715,FIAT,IDEA,,2005,
379716,FIAT,STRADA,,2005,
379716,FIAT,STILO,,2005,
379716,FIAT,IDEA,,2005,
379720,FORD,FIESTA,,2003,2012
379720,FORD,ECOSPORT,,2003,2012
379722,FORD,FALCON,,,
379723,FORD,GALAXY,,1992,1996
379724,FORD,MONDEO,,2010,
379724,FORD,FOCUS,,2010,
379724,FORD,S-MAX,,2010,
379724,FORD,KUGA,,2010,
379726,FORD,RANGER,,2013,
379736,HONDA,FIT,,2003,2008
379737,HONDA,FIT,,2003,2008
379748,MERCEDES BENZ,SPRINTER,,901,902
379761,NISSAN,PATHFINDER,,1996,
379762,NISSAN,SENTRA,,1996,
379763,NISSAN,SENTRA,,1996,
379765,PEUGEOT,508,,2011,
379766,PEUGEOT,EXPERT,,1994,
379768,PEUGEOT,406,,1995,2005
379770,PEUGEOT,206,,1999,2012
379770,PEUGEOT,207,,1999,2012
379770,PEUGEOT,206 SW,,1999,2012
379771,PEUGEOT,306,,1995,2005
379774,PEUGEOT,405,,1991,
379777,PEUGEOT,504,,1982,2000
379777,PEUGEOT,505,,1982,2000
379783,CITROEN,ZX,,2001,
379783,PEUGEOT,PARTNER,,2001,
379783,PEUGEOT,RANCH,,2001,
379784,RENAULT,MASTER,,2013,
379788,RENAULT,LOGAN,,2007,
379788,RENAULT,SANDERO,,2007,
379788,RENAULT,SYMBOL,,2007,
379788,RENAULT,SANDERO STEPWAY,,2007,
379789,RENAULT,MASTER,,1999,2012
379790,RENAULT,,,,
379792,RENAULT,,,1993,
379793,RENAULT,,,1993,
379798,CHEVROLET,AVEO,,2009,
379798,CHEVROLET,MONTANA,,2009,
379799,CHEVROLET,,,2009,
379801,FIAT,STRADA,,2006,
379801,FIAT,IDEA,,2006,
379803,FIAT,500,,2012,
379804,HONDA,FIT,,2009,
379804,HONDA,CITY,,2009,
379806,HYUNDAI,,,2006,2010
379807,FIAT,STRADA,,2006,
379807,FIAT,IDEA,,2006,
379811,RENAULT,MEGANE II,,2010,
379812,RENAULT,,,2010,
379814,PEUGEOT,308,,,
379814,PEUGEOT,3008,,,
379814,PEUGEOT,RCZ,,,
379814,PEUGEOT,5008,,,
379828,RENAULT,KOLEOS,,2009,
379829,TOYOTA,,,2005,
379830,NISSAN,TIIDA,,2017,
379830,NISSAN,MARCH,,2017,
379830,NISSAN,VERSA,,2017,
379830,NISSAN,KICKS,,2017,
379831,RENAULT,,,2010,
379831,RENAULT,SCENIC,,2010,
379831,RENAULT,FLUENCE,,2010,
379831,RENAULT,MEGANE III,,2010,
379832,RENAULT,DUSTER,,2011,
379834,PEUGEOT,307,,2011,
379834,PEUGEOT,RCZ,,2011,
379835,CHEVROLET,COBALT,,2012,
379835,CHEVROLET,SONIC,,2012,
379835,CHEVROLET,SPIN,,2012,
379835,CHEVROLET,PRISMA,,2012,
379835,CHEVROLET,ONIX,,2012,
379837,CHEVROLET,CRUZE,,2009,
379838,NISSAN,FRONTIER,,2009,
379840,CHERY,TIGGO,,2009,
379842,SUZUKI,,,2005,
379847,CITROEN,AIRCROSS,,2010,
379847,CITROEN,C3 AIRCROSS,,2010,
379848,FIAT,QUBO,,,
379849,HONDA,,,2007,
379853,TOYOTA,,,,
379854,TOYOTA,,,,
379860,RENAULT,CLIO II,,,
379860,RENAULT,SYMBOL,,,
379860,RENAULT,SANDERO STEPWAY,,,
379861,TOYOTA,,,1994,2001
379862,TOYOTA,COROLLA,,2002,
379862,TOYOTA,RAV 4,,2002,
379863,TOYOTA,HILUX,,2005,
379864,TOYOTA,HILUX,,2005,
379870,FORD,ESCORT,,1994,
379870,FORD,FIESTA,,1994,
379870,FORD,KA,,1994,
379870,FORD,COURIER,,1994,
379870,FORD,ORION,,1994,
379871,VW,POLO,,2015,
379871,VW,VOYAGE,,2015,
379871,VW,FOX,,2015,
379871,VW,SURAN,,2015,
379871,VW,GOL TREND,,2015,
379871,VW,VIRTUS,,2015,
379872,VW,POLO,,,
379874,VW,,,2005,
379874,VW,PASSAT,,2005,
379874,VW,SHARAN,,2005,
379874,VW,NEW BEETLE,,2005,
379874,VW,VENTO,,2005,
379876,VW,,,,
379885,FIAT,DUNA,,,
379885,FIAT,UNO,,,
379942,VW,POLO,,2016,
379943,VW,POLO,,2016,
379944,CHEVROLET,COBALT,,2012,
379944,CHEVROLET,SONIC,,2012,
379944,CHEVROLET,SPIN,,2012,
379944,CHEVROLET,PRISMA,,2012,
379944,CHEVROLET,ONIX,,2012,
379946,CHEVROLET,ASTRA,,,2008
379946,CHEVROLET,VECTRA,,,2008
379947,CHEVROLET,ASTRA,,1999,
379947,CHEVROLET,VECTRA,,1999,
379948,CHEVROLET,,,,
379949,CHEVROLET,CORSA,,1994,
379950,CHEVROLET,CORSA,,2002,
379950,CHEVROLET,AGILE,,2002,
379950,CHEVROLET,CORSA II,,2002,
379950,CHEVROLET,MONTANA,,2002,
379951,CHEVROLET,CORSA,,1997,2000
379952,CHEVROLET,CORSA,,,
379953,CHEVROLET,MERIVA,,2011,
379953,CHEVROLET,MONTANA,,2011,
379956,CITROEN,BERLINGO,,1999,
379956,CITROEN,VISA,,1999,
379959,CITROEN,XANTIA,,1995,
379959,CITROEN,XSARA,,1995,
379959,CITROEN,XSARA PICASSO,,1995,
379959,CITROEN,C4,,1995,
379960,CITROEN,,,1995,
379960,CITROEN,XANTIA,,1995,
379960,CITROEN,XSARA,,1995,
379960,CITROEN,XSARA PICASSO,,1995,
379960,CITROEN,C4,,1995,
379971,RENAULT,LOGAN,,2007,
379971,RENAULT,SANDERO,,2007,
379971,RENAULT,SANDERO STEPWAY,,2007,
379971,RENAULT,KANGOO III,,2007,
379973,RENAULT,LOGAN,,,
379973,RENAULT,SANDERO,,,
379973,RENAULT,SANDERO STEPWAY,,,
379973,RENAULT,KANGOO III,,,
379978,FIAT,,,147,
379980,FIAT,DUCATO,,,
379981,FIAT,DUNA,,1988,1993
379981,FIAT,UNO,,1988,1993
379982,FIAT,DUNA,,1994,
379982,FIAT,FIORINO,,1994,
379982,FIAT,UNO,,1994,
379982,FIAT,TEMPRA,,1994,
379983,FIAT,PALIO,,,
379983,FIAT,SIENA,,,
379984,FIAT,PALIO,,,
379984,FIAT,SIENA,,,
379985,FIAT,,,2016,
379985,FIAT,MOBI,,2016,
379986,FIAT,,,2016,
379986,FIAT,MOBI,,2016,
379987,FIAT,PUNTO,,2008,
379987,FIAT,LINEA,,2008,
379987,FIAT,QUBO,,2008,
379988,FIAT,PUNTO,,2008,
379988,FIAT,LINEA,,2008,
379988,FIAT,QUBO,,2008,
379991,FORD,,,,
379992,FORD,FIESTA,,1997,
379992,FORD,COURIER,,1997,
379993,FORD,ESCORT,,1994,1996
379993,FORD,KA,,1994,1996
379993,FORD,COURIER,,1994,1996
379994,FORD,RANGER,,1995,2011
379997,FORD,,,,
379998,FORD,FIESTA,,,
379998,FORD,ECOSPORT,,,
379999,FORD,FIESTA,,,
379999,FORD,ECOSPORT,,,
380000,FORD,FIESTA,,2002,2012
380000,FORD,KA,,2002,2012
380000,FORD,ECOSPORT,,2002,2012
380001,FORD,FIESTA,,2002,2012
380001,FORD,KA,,2002,2012
380001,FORD,ECOSPORT,,2002,2012
380002,FORD,FOCUS,,2006,2008
380003,FORD,,,,
380005,FORD,,,,
380006,FORD,ESCORT,,,
380006,FORD,ORION,,,
380007,FORD,ESCORT,,,
380007,FORD,ORION,,,
380010,FORD,TRANSIT,,1991,2007
380011,IVECO,DAILY,,2012,
380012,IVECO,,,,
380013,RENAULT,,,,
380016,MERCEDES BENZ,SPRINTER,,1997,2011
380017,PEUGEOT,504,,505,
380017,PEUGEOT,505,,505,
380017,PEUGEOT,205,,505,
380017,PEUGEOT,307,,505,
380020,PEUGEOT,,,,
380021,PEUGEOT,206,,206,
380021,PEUGEOT,406,,206,
380021,PEUGEOT,307,,206,
380021,PEUGEOT,605,,206,
380021,PEUGEOT,207,,206,
380023,PEUGEOT,206,,206,
380023,PEUGEOT,406,,206,
380023,PEUGEOT,307,,206,
380023,PEUGEOT,605,,206,
380023,PEUGEOT,207,,206,
380024,RENAULT,MASTER,,2013,
380028,RENAULT,MASTER,,2013,
380029,RENAULT,MASTER,,2013,
380032,RENAULT,CLIO,,1996,1998
380032,RENAULT,KANGOO,,1996,1998
380033,RENAULT,MEGANE,,2000,
380033,RENAULT,KANGOO,,2000,
380033,RENAULT,SCENIC,,2000,
380033,RENAULT,SYMBOL,,2000,
380033,RENAULT,CLIO MIO,,2000,
380034,RENAULT,,,,
380034,RENAULT,CLIO MIO,,,
380035,RENAULT,MASTER,,2013,
380036,RENAULT,,,,
380039,SUZUKI,FUN,,2001,
380041,FIAT,DUNA,,1993,
380041,FIAT,UNO,,1993,
380042,FIAT,DUNA,,1992,
380043,VW,AMAROK,,2010,
380044,VW,AMAROK,,2010,
380045,VW,GOLF,,,
380045,VW,PASSAT,,,
380045,VW,CADDY,,,
380045,VW,POLO CLASSIC,,,
380046,VW,GOLF,,,
380046,VW,PASSAT,,,
380046,VW,CADDY,,,
380046,VW,POLO CLASSIC,,,
380047,VW,,,,
380048,VW,GACEL,,1993,2014
380048,VW,GOL,,1993,2014
380048,VW,SENDA,,1993,2014
380049,VW,GOL,,1991,
380049,VW,SENDA,,1991,
380049,VW,SAVEIRO,,1991,
380050,VW,AMAROK,,2012,
380051,VW,GOL,,1983,2014
380051,VW,SAVEIRO,,1983,2014
380054,VW,POLO,,2001,
380054,VW,CADDY,,2001,
380055,VW,POLO,,2001,
380055,VW,CADDY,,2001,
380056,VW,GOLF,,2015,
380056,VW,VOYAGE,,2015,
380056,VW,BORA,,2015,
380056,VW,FOX,,2015,
380056,VW,GOL TREND,,2015,
380057,VW,GOLF,,2015,
380057,VW,VOYAGE,,2015,
380057,VW,BORA,,2015,
380057,VW,FOX,,2015,
380057,VW,GOL TREND,,2015,
380070,VW,POLO,,2016,
380084,CHEVROLET,SPARK,,2008,
380086,CHERY,QQ,,2011,
380088,CHEVROLET,AGILE,,2009,
380088,CHEVROLET,CORSA CLASSIC,,2009,
380089,CHEVROLET,AVEO,,2008,
380089,CHEVROLET,MONTANA,,2008,
380091,CHEVROLET,CAPTIVA,,2008,
380093,CHEVROLET,CRUZE,,2012,2016
380094,CHEVROLET,SONIC,,2013,
380094,CHEVROLET,SPIN,,2013,
380095,CHEVROLET,CELTA,,2011,
380096,CHEVROLET,MERIVA,,2002,
380096,CHEVROLET,CORSA II,,2002,
380096,CHEVROLET,MONTANA,,2002,
380097,CHEVROLET,ASTRA,,,
380097,CHEVROLET,VECTRA,,,
380097,CHEVROLET,ZAFIRA,,,
380097,CHEVROLET,CORSA II,,,
380098,CHEVROLET,CELTA,,,
380098,CHEVROLET,CORSA CLASSIC,,,
380100,CHEVROLET,CORSA,,1994,1999
380101,CHEVROLET,CORSA,,1995,1999
380102,CHEVROLET,MERIVA,,2002,2004
380104,CHEVROLET,CORSA,,1994,1999
380105,CHEVROLET,CORSA,,1994,2001
380105,CHEVROLET,TIGRA,,1994,2001
380107,CHEVROLET,TRACKER,,2013,2015
380112,CITROEN,BERLINGO,,1999,
380115,CITROEN,C3,,2003,2012
380116,CITROEN,C3,,2010,2012
380117,CITROEN,C4,,2007,
380118,CITROEN,C4,,2012,
380119,CITROEN,C3,,2013,
380119,CITROEN,C-ELYSEE,,2013,
380120,CITROEN,C4 PICASSO,,2007,
380120,CITROEN,C4 GRAN PICASSO,,2007,
380121,CITROEN,C5,,2009,
380122,CITROEN,DS4,,2011,
380122,CITROEN,C4 LOUNGE,,2011,
380127,TOYOTA,COROLLA,,2002,
380147,FIAT,147,,1982,1996
380147,FIAT,DUNA,,1982,1996
380147,FIAT,UNO,,1982,1996
380150,FIAT,DOBLO,,2013,
380152,FIAT,DUCATO,,1994,
380153,FIAT,DUNA,,1992,1996
380153,FIAT,FIORINO,,1992,1996
380153,FIAT,UNO,,1992,1996
380154,FIAT,147,,1993,
380154,FIAT,DUNA,,1993,
380154,FIAT,FIORINO,,1993,
380154,FIAT,UNO,,1993,
380155,FIAT,PUNTO,,2008,
380155,FIAT,LINEA,,2008,
380155,FIAT,QUBO,,2008,
380157,FIAT,PALIO,,2012,
380157,FIAT,SIENA,,2012,
380157,FIAT,FIORINO,,2012,
380157,FIAT,UNO,,2012,
380157,FIAT,STRADA,,2012,
380157,FIAT,GRAND SIENA,,2012,
380158,FIAT,PALIO,,,
380159,FIAT,PALIO,,1998,2001
380159,FIAT,SIENA,,1998,2001
380159,FIAT,PALIO WEEKEND,,1998,2001
380161,FIAT,QUBO,,2011,
380167,FIAT,PALIO,,2012,
380167,FIAT,FIORINO,,2012,
380167,FIAT,UNO,,2012,
380167,FIAT,GRAND SIENA,,2012,
380167,FIAT,MOBI,,2012,
380169,FORD,ESCORT,,1997,
380169,FORD,FIESTA,,1997,
380169,FORD,COURIER,,1997,
380170,FORD,FIESTA,,2003,
380170,FORD,KA,,2003,
380170,FORD,ECOSPORT,,2003,
380171,FORD,ECOSPORT,,2004,2012
380173,FORD,ESCORT,,1988,1993
380174,FORD,ESCORT,,1993,2003
380174,FORD,ORION,,1993,2003
380175,FORD,ESCORT,,1993,1996
380175,FORD,ORION,,1993,1996
380177,FORD,EXPLORER,,1995,2002
380177,FORD,RANGER,,1995,2002
380179,FORD,FIESTA,,2016,
380179,FORD,KA,,2016,
380180,FORD,FOCUS,,1998,2005
380181,FORD,FOCUS,,2010,
380181,FORD,KUGA,,2010,
380182,FORD,FOCUS,,2006,2008
380183,FORD,FIESTA,,1994,1996
380183,FORD,KA,,1994,1996
380183,FORD,COURIER,,1994,1996
380184,FORD,C-MAX,,2014,
380184,FORD,KUGA,,2014,
380184,FORD,FOCUS III,,2014,
380185,FORD,MONDEO,,1993,2001
380186,FORD,MONDEO,,2008,
380186,FORD,S-MAX,,2008,
380188,FORD,RANGER,,2013,
380194,FORD,TRANSIT,,1991,2007
380199,HONDA,FIT,,2009,
380199,HONDA,CITY,,2009,
380203,HONDA,CR-V,,2012,
380204,HONDA,FIT,,2003,2008
380224,RENAULT,LOGAN,,2011,2014
380224,RENAULT,SANDERO,,2011,2014
380224,RENAULT,SANDERO STEPWAY,,2011,2014
380230,MERCEDES BENZ,SPRINTER,,2012,
380237,RENAULT,MEGANE,,2007,2007
380241,MITSUBISHI,GALANT,,1995,2000
380241,MITSUBISHI,ECLIPSE,,1995,2000
380241,MITSUBISHI,LANCER,,1995,2000
380241,MITSUBISHI,L300,,1995,2000
380247,NISSAN,SENTRA,,2007,
380248,NISSAN,TIIDA,,2007,
380249,CHEVROLET,COBALT,,2011,
380249,CHEVROLET,SONIC,,2011,
380249,CHEVROLET,SPIN,,2011,
380249,CHEVROLET,PRISMA,,2011,
380249,CHEVROLET,ONIX,,2011,
380254,PEUGEOT,308,,2011,
380254,PEUGEOT,408,,2011,
380254,PEUGEOT,5008,,2011,
380254,PEUGEOT,308CC,,2011,
380256,PEUGEOT,405,,1991,
380258,PEUGEOT,504,,1980,2000
380259,PEUGEOT,504,,1992,2000
380259,PEUGEOT,505,,1992,2000
380261,PEUGEOT,206,,2008,
380261,PEUGEOT,207,,2008,
380261,PEUGEOT,HOGGAR,,2008,
380261,PEUGEOT,206 SW,,2008,
380262,PEUGEOT,306,,1995,2005
380263,PEUGEOT,307,,2001,2011
380264,PEUGEOT,307,,2001,2011
380267,PEUGEOT,605,,1992,1997
380268,PEUGEOT,BOXER,,1994,2002
380269,CITROEN,ZX,,1999,
380269,PEUGEOT,PARTNER,,1999,
380269,PEUGEOT,RANCH,,1999,
380270,CITROEN,BERLINGO,,,
380270,PEUGEOT,PARTNER,,,
380272,RENAULT,KANGOO,,2000,
380272,RENAULT,SYMBOL,,2000,
380272,RENAULT,CLIO MIO,,2000,
380279,RENAULT,CLIO,,1995,1999
380280,RENAULT,DUSTER,,2017,
380280,RENAULT,CAPTUR,,2017,
380282,RENAULT,KANGOO,,2010,
380282,RENAULT,FLUENCE,,2010,
380282,RENAULT,LATITUDE,,2010,
380283,RENAULT,KANGOO,,1999,2000
380284,RENAULT,KANGOO,,,
380284,RENAULT,CLIO II,,,
380284,RENAULT,CLIO MIO,,,
380287,RENAULT,MEGANE,,2000,
380287,RENAULT,SCENIC,,2000,
380288,RENAULT,LOGAN,,2007,
380288,RENAULT,SANDERO,,2007,
380288,RENAULT,SANDERO STEPWAY,,2007,
380289,RENAULT,MASTER,,2002,
380290,RENAULT,SCENIC,,2005,
380290,RENAULT,MEGANE II,,2005,
380291,RENAULT,MEGANE III,,2010,
380293,RENAULT,SCENIC,,1999,2005
380294,RENAULT,SCENIC,,2010,
380294,RENAULT,GRAND SCENIC,,2010,
380295,RENAULT,TRAFIC,,1992,2003
380297,RENAULT,MEGANE,,2000,2007
380297,RENAULT,TWINGO,,2000,2007
380297,RENAULT,SAFRANE,,2000,2007
380302,SEAT,IBIZA,,1998,
380302,SEAT,CORDOBA,,1998,
380302,SEAT,TOLEDO,,1998,
380302,SEAT,INCA,,1998,
380302,VW,GOLF,,1998,
380302,VW,POLO,,1998,
380302,VW,CADDY,,1998,
380303,VW,GOLF,,1998,
380303,VW,POLO,,1998,
380303,VW,CADDY,,1998,
380304,SEAT,IBIZA,,2000,
380304,SEAT,CORDOBA,,2000,
380304,SEAT,TOLEDO,,2000,
380304,SEAT,LEON,,2000,
380304,VW,POLO,,2000,
380305,AUDI,A3,,1998,2006
380305,VW,GOLF,,1998,2006
380305,VW,POLO,,1996,
380305,VW,BORA,,1998,2006
380305,VW,BEETLE,,1998,2006
380305,VW,NEW BEETLE,,1998,2006
380313,SUZUKI,FUN,,2001,
380324,TOYOTA,HILUX,,2005,2015
380324,TOYOTA,SW4,,2005,2015
380328,TOYOTA,ETIOS,,2013,
380339,VW,AMAROK,,2010,
380340,VW,BORA,,2009,
380341,VW,SAVEIRO,,2008,
380341,VW,VOYAGE,,2008,
380341,VW,FOX,,2008,
380341,VW,SURAN,,2008,
380341,VW,CROSSFOX,,2008,
380341,VW,GOL TREND,,2008,
380342,VW,GOLF,,1998,
380342,VW,POLO,,1998,
380342,VW,CADDY,,1998,
380348,AUDI,A3,,2009,
380348,VW,GOLF,,2009,
380348,VW,PASSAT,,2009,
380348,VW,VENTO,,2009,
380348,VW,TIGUAN,,2009,
380352,AUDI,A3,,2008,
380352,VW,POLO,,2008,
380352,VW,VOYAGE,,2008,
380352,VW,FOX,,2008,
380352,VW,SURAN,,2008,
380352,VW,CROSSFOX,,2008,
380352,VW,GOL TREND,,2008,
380353,AUDI,A4,,1999,
380353,AUDI,A6,,1999,
380353,VW,PASSAT,,1999,
380361,VW,GACEL,,1980,1992
380361,VW,GOL,,1980,1992
380361,VW,QUANTUM,,1980,1992
380361,VW,CARAT,,1980,1992
380361,VW,SAVEIRO,,1980,1992
380362,CHEVROLET,CORSA,,2011,
380362,CHEVROLET,CELTA,,2011,
380362,CHEVROLET,AGILE,,2011,
380362,SUZUKI,FUN,,2011,
380363,CHEVROLET,ASTRA,,1999,
380363,CHEVROLET,VECTRA,,1999,
380364,CHEVROLET,CORSA,,2010,
380365,CHEVROLET,CORSA II,,2003,
380366,CHEVROLET,MERIVA,,2002,2012
380367,CITROEN,C4,,,
380373,FIAT,PALIO,,2001,
380373,FIAT,SIENA,,2001,
380374,FIAT,PALIO,,1998,2000
380374,FIAT,SIENA,,1998,2000
380375,FIAT,,,2016,
380375,FIAT,MOBI,,2016,
380377,FORD,FIESTA,,2003,
380377,FORD,FOCUS,,2003,
380378,FORD,FIESTA,,2008,
380378,FORD,KA,,2008,
380378,FORD,ECOSPORT,,2008,
380379,VW,GOLF,,,
380379,VW,POLO,,,
380382,FORD,RANGER,,1998,
380384,RENAULT,,,2018,
380385,VW,POINTER,,,
380386,PEUGEOT,306,,1993,1998
380387,PEUGEOT,306,,1995,
380388,CITROEN,BERLINGO,,2008,
380388,PEUGEOT,307,,2008,
380388,PEUGEOT,308,,2008,
380388,PEUGEOT,408,,2008,
380388,PEUGEOT,RCZ,,2008,
380388,PEUGEOT,5008,,2008,
380388,PEUGEOT,308CC,,2008,
380389,PEUGEOT,,,1996,
380392,PEUGEOT,PARTNER,,1996,1999
380393,CITROEN,BERLINGO,,1998,2007
380393,PEUGEOT,PARTNER,,1998,2007
380395,PEUGEOT,405,,1991,
380400,RENAULT,CLIO II,,2009,
380400,RENAULT,LOGAN,,2009,
380400,RENAULT,SANDERO,,2009,
380400,RENAULT,MEGANE II,,2009,
380400,RENAULT,CLIO MIO,,2009,
380400,RENAULT,SANDERO STEPWAY,,2009,
380401,RENAULT,TRAFIC,,1992,2003
380406,VW,AMAROK,,2010,
380407,VW,AMAROK,,2010,
380408,VW,,,,
380409,VW,,,,
380411,VW,GACEL,,,
380411,VW,GOL,,,
380412,FORD,GALAXY,,1992,1996
380414,FORD,GALAXY,,1992,1996
380415,VW,GOL,,1993,1995
380415,VW,SENDA,,1993,1995
380416,VW,GOL,,1993,1995
380416,VW,SENDA,,1993,1995
380417,VW,GOL,,,
380417,VW,SENDA,,,
380418,VW,GOL,,,
380418,VW,SENDA,,,
380419,VW,,,1995,1995
380420,VW,GOL,,1995,1997
380420,VW,SENDA,,1995,1997
380421,VW,GOL,,1995,1997
380421,VW,SENDA,,1995,1997
380422,VW,GOL,,1997,
380422,VW,SENDA,,1997,
380422,VW,COUNTRY,,1997,
380447,CHEVROLET,ASTRA,,,
380447,CHEVROLET,MONZA,,,
380470,PEUGEOT,206,,,
380470,PEUGEOT,405,,,
380486,RENAULT,CLIO,,,
380486,RENAULT,KANGOO,,,
380486,RENAULT,TWINGO,,,
380491,MAXION,,,,
380491,ROVER,,,,
380660,CHEVROLET,CAPTIVA,,,
380705,FORD,FOCUS,,,
380709,RENAULT,MEGANE,,1996,
380709,RENAULT,SCENIC,,1996,
380710,CITROEN,BERLINGO,,1998,
380710,PEUGEOT,PARTNER,,1998,
380726,HONDA,CR-V,,2006,
380735,HONDA,CR-V,,2006,
380736,HONDA,CR-V,,,
380737,MERCEDES BENZ,,,160,220
380749,FORD,RANGER,,2012,
380786,RENAULT,CLIO,,,
380806,CHERY,QQ,,,
380812,CHEVROLET,CAPTIVA,,,
380817,RENAULT,CLIO MIO,,,
380848,FIAT,UNO,,2010,
380855,MERCEDES BENZ,SPRINTER,,,
380915,CHEVROLET,VECTRA,,1996,2002
380917,MITSUBISHI,L200,,2008,
380946,RENAULT,FLUENCE,,,
380946,RENAULT,MEGANE III,,,
392648,NISSAN,TIIDA,,2004,
392649,NISSAN,TIIDA,,2004,
392650,NISSAN,TIIDA,,,
392814,FIAT,PALIO,,2010,
392814,FIAT,UNO,,2010,
392814,FIAT,NOVO PALIO,,2010,
392845,CHEVROLET,CAPTIVA,,,
393048,VARIOS,,,,
393067,FORD,RANGER,,2012,
393068,FORD,RANGER,,2012,
393069,CITROEN,C3,,2011,
393069,PEUGEOT,208,,2011,
393071,CHEVROLET,CAPTIVA,,2009,
393176,CHEVROLET,MERIVA,,,
393176,CHEVROLET,ZAFIRA,,,
395523,TOYOTA,HILUX,,2005,
395530,TOYOTA,ETIOS,,,
395556,PEUGEOT,206,,,
395556,PEUGEOT,207,,,
395576,FIAT,QUBO,,,
395577,FIAT,QUBO,,,
395592,FOTON,FORLAND,,2012,
395596,FIAT,GRAND SIENA,,2012,
395632,FIAT,QUBO,,,
395772,CHEVROLET,CAPTIVA,,,
395775,FORD,ECOSPORT,,,
395776,FORD,RANGER,,2012,
395796,VW,GOLF,,,
395796,VW,VENTO,,,
395796,VW,TIGUAN,,,
395796,VW,SIROCCO,,,
395797,FIAT,IDEA,,,
395798,FIAT,IDEA,,,
395799,FORD,FIESTA,,2009,
395801,CHEVROLET,CRUZE,,,
395802,CHEVROLET,SPARK,,,
395804,CHEVROLET,AGILE,,,
395805,CITROEN,BERLINGO,,1998,2000
395806,CITROEN,C4,,2012,
395806,CITROEN,DS4,,2012,
395806,CITROEN,C4 LOUNGE,,2012,
395806,PEUGEOT,308,,2012,
395806,PEUGEOT,408,,2012,
395806,PEUGEOT,5008,,2012,
395806,PEUGEOT,4008,,2012,
395806,PEUGEOT,308CC,,2012,
395807,CITROEN,C4,,2012,
395807,CITROEN,DS4,,2012,
395807,CITROEN,C4 LOUNGE,,2012,
395807,PEUGEOT,308,,2012,
395807,PEUGEOT,408,,2012,
395807,PEUGEOT,5008,,2012,
395807,PEUGEOT,4008,,2012,
395807,PEUGEOT,308CC,,2012,
395808,VW,FOX,,2005,2011
395808,VW,SURAN,,2005,2011
395809,VW,FOX,,2005,2011
395809,VW,SURAN,,2005,2011
395810,AUDI,A1,,2011,
395810,VW,SAVEIRO,,2011,
395810,VW,VOYAGE,,2011,
395810,VW,GOL TREND,,2011,
395811,AUDI,A1,,2011,
395811,VW,SAVEIRO,,2011,
395811,VW,VOYAGE,,2011,
395811,VW,GOL TREND,,2011,
395812,FORD,FOCUS,,2009,
395812,FORD,C-MAX,,2009,
395813,FORD,FOCUS,,2009,
395813,FORD,C-MAX,,2009,
395823,RENAULT,SCENIC,,,
395823,RENAULT,MEGANE II,,,
395913,TOYOTA,YARIS,,,
395913,TOYOTA,ETIOS,,,
395928,RENAULT,KANGOO,,2013,
395994,IVECO,STRALIS,,450,190
396026,FORD,FIESTA,,,
396026,FORD,MONDEO,,,
396053,CHEVROLET,MONTANA,,2010,
396072,PERKINS,,,,
396090,VARIOS,,,,
396109,VW,GOLF,,1998,2007
396109,VW,BORA,,1998,2007
396109,VW,BEETLE,,1998,2007
396197,FORD,RANGER,,2012,
396198,FORD,FIESTA,,,
396202,CHEVROLET,COBALT,,2012,
396202,CHEVROLET,PRISMA,,2012,
396202,CHEVROLET,ONIX,,2012,
396202,PEUGEOT,208,,2012,
400486,MERCEDES BENZ,CL600,,2007,
400488,MAN,,,2012,
400490,MERCEDES BENZ,500,,2011,
400533,MERCEDES BENZ,SPRINTER,,2012,
400579,FIAT,DOBLO,,,
400579,FIAT,QUBO,,,
400580,FIAT,DOBLO,,,
400580,FIAT,QUBO,,,
400581,FIAT,DOBLO,,,
400581,FIAT,QUBO,,,
400582,FIAT,DOBLO,,,
400582,FIAT,QUBO,,,
403158,TOYOTA,HILUX,,2008,2005
403159,TOYOTA,COROLLA,,2008,
403159,TOYOTA,RAV 4,,2008,
403207,VW,DELIVERY,,2013,
403211,RENAULT,DUSTER,,2011,
403211,RENAULT,DUSTER OROCH,,2011,
403211,RENAULT,CAPTUR,,2011,
403212,FORD,FOCUS II,,2008,2013
403214,FIAT,PALIO WEEKEND,,2009,
403214,FIAT,IDEA,,2009,
403215,FIAT,PALIO WEEKEND,,2009,
403215,FIAT,IDEA,,2009,
403216,FIAT,IDEA,,2007,
403217,CHEVROLET,AVEO,,2009,
404218,FIAT,150,,,
404219,FIAT,150,,,
404220,FIAT,150,,,
404253,RENAULT,KANGOO,,,
404286,VW,AMAROK,,2010,
404321,PEUGEOT,207,,2010,
404372,VALMET,DS-420,,,
404372,VALMET,DS-620,,,
404426,CHEVROLET,CRUZE,,2011,
404427,CHEVROLET,CRUZE,,2011,
404428,CHEVROLET,CRUZE,,2011,
404501,CHEVROLET,COBALT,,,
404501,CHEVROLET,SPIN,,,
404501,CHEVROLET,PRISMA,,,
404501,CHEVROLET,ONIX,,,
404502,CHEVROLET,COBALT,,,
404502,CHEVROLET,SPIN,,,
404502,CHEVROLET,PRISMA,,,
404502,CHEVROLET,ONIX,,,
404503,AUDI,A3,,,
404503,AUDI,Q3,,,
404503,SEAT,LEON,,,
404503,SEAT,ALTEA,,,
404503,VW,PASSAT,,,
404503,VW,BEETLE,,,
404503,VW,VENTO,,,
404776,CHEVROLET,MONTANA,,,
404878,HONDA,CR-V,,2007,2011
404900,MERCEDES BENZ,SPRINTER,,2012,
404921,AUDI,A1,,2011,
404921,SEAT,LEON,,2011,
404921,SEAT,ALTEA,,2011,
404921,VW,GOLF,,2011,
404921,VW,PASSAT,,2011,
404921,VW,BEETLE,,2011,
404921,VW,SCIROCCO,,2011,
404921,VW,VENTO,,2011,
404922,RENAULT,LOGAN,,2013,
404924,TOYOTA,ETIOS,,,
405000,PEUGEOT,308,,2011,
405000,PEUGEOT,408,,2011,
405001,PEUGEOT,308,,2011,
405001,PEUGEOT,408,,2011,
405047,VW,GOLF,,,
405047,VW,SCIROCCO,,,
405047,VW,VENTO,,,
405047,VW,TIGUAN,,,
405048,RENAULT,SCENIC,,,
405048,RENAULT,GRAND SCENIC,,,
405048,RENAULT,MEGANE II,,,
405049,FIAT,FIORINO,,,
405049,FIAT,PUNTO,,,
405049,FIAT,LINEA,,,
405049,FIAT,QUBO,,,
405051,CHEVROLET,AGILE,,,
405051,CHEVROLET,MONTANA,,,
405053,NISSAN,TIIDA,,2007,
405054,HONDA,FIT,,2008,
405054,HONDA,CITY,,2008,
405055,HONDA,FIT,,2005,2008
405056,PEUGEOT,208,,2013,
405056,PEUGEOT,2008,,2013,
405058,FORD,MONDEO,,,2001
405059,FORD,MONDEO,,,2001
405060,FORD,FOCUS,,2001,2005
405061,FORD,FOCUS,,2001,2005
405062,CHEVROLET,AVEO,,,
405063,CHEVROLET,AVEO,,,
405064,VW,VOYAGE,,2008,
405064,VW,GOL TREND,,2008,
405113,BMW,316,,,
405113,BMW,520I,,,
405113,BMW,120I,,,
405113,BMW,X3,,,
405113,BMW,316I,,,
405113,BMW,116I,,,
405113,BMW,118I,,,
405241,CHEVROLET,AVEO,,,
405243,RENAULT,DUSTER,,,
405267,MERCEDES BENZ,SPRINTER,,2012,
405277,MERCEDES BENZ,SPRINTER,,2012,
405360,CHEVROLET,COBALT,,,
405360,CHEVROLET,SONIC,,,
405360,CHEVROLET,SPIN,,,
405360,CHEVROLET,PRISMA,,,
405360,CHEVROLET,ONIX,,,
405361,CHEVROLET,COBALT,,,
405361,CHEVROLET,SONIC,,,
405361,CHEVROLET,SPIN,,,
405361,CHEVROLET,PRISMA,,,
405361,CHEVROLET,ONIX,,,
405362,TOYOTA,ETIOS,,,
405395,VW,CROSSFOX,,2005,
405407,FORD,ECOSPORT,,2003,2012
405426,VW,SAVEIRO,,2008,
405448,FORD,RANGER,,1998,
405558,CHEVROLET,ASTRA,,2004,2011
405559,CHEVROLET,AVEO,,2011,
405566,CHEVROLET,CORSA,,1997,2012
405567,CHEVROLET,CORSA II,,2004,
405589,CHEVROLET,PRISMA,,2014,
405596,CHEVROLET,VECTRA,,2008,2011
405644,FIAT,ADVENTURE,,,
405645,FIAT,PALIO,,2005,2011
405647,FIAT,SIENA,,1996,2000
405651,FIAT,GRAND SIENA,,2013,
405658,FORD,ECOSPORT,,2003,2012
405665,FORD,FIESTA,,2003,2010
405666,FORD,,,2011,
405844,RENAULT,SANDERO STEPWAY,,2010,
405848,RENAULT,SYMBOL,,2009,2013
405891,TOYOTA,ETIOS,,2014,
405899,VW,,,2010,2014
405905,VW,GOL,,1996,2006
405907,VW,GOL,,2004,2011
405908,VW,GOL TREND,,2008,2014
405925,VW,SURAN,,2006,2014
405932,VW,VOYAGE,,2008,2013
406987,AUDI,A4,,2009,
406987,AUDI,A5,,2009,
406987,AUDI,Q5,,2009,
407060,VARIOS,,,,
407165,NISSAN,MARCH,,2012,
407165,NISSAN,VERSA,,2012,
407169,DEUTZ,1114,,,
407169,DEUTZ,2114,,,
407172,FIAT,128,,,
407173,DEUTZ,913,,,
407315,AUDI,A4,,2008,2015
407315,AUDI,A6,,2008,2015
407315,AUDI,S3,,2008,2015
407315,AUDI,A5,,2008,2015
407315,AUDI,Q5,,2008,2015
407371,PEUGEOT,308,,2011,
407371,PEUGEOT,408,,2011,
407373,RENAULT,MASTER,,2011,
407373,RENAULT,DUSTER,,2011,
407373,RENAULT,DUSTER OROCH,,2011,
407373,RENAULT,CAPTUR,,2011,
407391,FORD,KA,,2016,
407391,FORD,ECOSPORT,,2016,
407479,FIAT,PALIO,,,
407479,FIAT,SIENA,,,
407479,FIAT,DOBLO,,,
407534,CITROEN,ZX,,,
407534,CITROEN,XSARA,,,
407534,PEUGEOT,306,,,
407534,PEUGEOT,205,,,
407536,RENAULT,CLIO MIO,,2013,
407689,MERCEDES BENZ,SPRINTER,,2012,
407695,DEUTZ,913,,,
407748,FIAT,PALIO,,1996,2000
407828,MERCEDES BENZ,CLASE C,,,
407832,CASE,,,,
407841,FORD,CARGO 1517,,2000,
408017,PEUGEOT,208,,2013,
408017,PEUGEOT,2008,,2013,
408018,RENAULT,SCENIC,,2010,
408018,RENAULT,GRAND SCENIC,,2010,
408018,RENAULT,FLUENCE,,2010,
408018,RENAULT,MEGANE III,,2010,
408020,CHEVROLET,TRACKER,,,
408020,CHEVROLET,COBALT,,,
408020,CHEVROLET,SONIC,,,
408020,CHEVROLET,SPIN,,,
408020,CHEVROLET,PRISMA,,,
408020,CHEVROLET,ONIX,,,
408022,RENAULT,MASTER,,2013,
408025,CITROEN,C4,,2012,
408026,CITROEN,C3,,2013,
408026,CITROEN,DS3,,2013,
408027,RENAULT,SCENIC,,,
408027,RENAULT,FLUENCE,,,
408027,RENAULT,MEGANE III,,,
408028,RENAULT,DUSTER,,2011,
408028,RENAULT,CAPTUR,,2011,
408029,RENAULT,DUSTER,,2011,
408029,RENAULT,DUSTER OROCH,,2011,
408029,RENAULT,CAPTUR,,2011,
408030,RENAULT,SCENIC,,,
408030,RENAULT,FLUENCE,,,
408030,RENAULT,MEGANE III,,,
408031,FORD,RANGER,,2013,
408032,FORD,RANGER,,2013,
408036,CHEVROLET,CAPTIVA,,2010,
408039,HONDA,CR-V,,2007,2012
408040,HONDA,CR-V,,2007,2012
408041,TOYOTA,CAMRY,,2002,
408102,RENAULT,DUSTER,,,
408303,FORD,FOCUS II,,,2013
408303,FORD,KUGA,,,2013
408304,CHEVROLET,AVEO,,,
408305,CHEVROLET,COBALT,,,
408305,CHEVROLET,SPIN,,,
408305,CHEVROLET,PRISMA,,,
408305,CHEVROLET,ONIX,,,
408334,CITROEN,C3,,2011,
408334,PEUGEOT,207,,2011,
408335,CITROEN,C3,,2011,
408335,PEUGEOT,207,,2011,
408336,CITROEN,C3,,2011,
408336,PEUGEOT,207,,2011,
408519,CHEVROLET,MONTANA,,,
408525,CITROEN,C3,,2003,
408525,CITROEN,DS3,,2003,
408529,FIAT,DOBLO,,,
408530,FORD,ECOSPORT,,2012,
408534,HONDA,CIVIC,,2003,2006
408534,HONDA,CR-V,,2003,2006
408535,HONDA,CR-V,,2007,2012
408541,JEEP,GRAND CHEROKEE,,2011,
408541,JEEP,CHEROKEE,,2011,
408541,JEEP,PATRIOT,,2011,
408541,JEEP,COMPASS,,2011,
408543,JEEP,PATRIOT,,2006,2016
408543,JEEP,COMPASS,,2006,2016
408567,VW,GACEL,,,
408569,VW,POLO,,,
408597,RENAULT,MASTER,,2002,
408598,RENAULT,MASTER,,2002,
408599,TOYOTA,HILUX,,2005,
408602,CHRYSLER,CARAVAN,,2009,
408602,DODGE,JOURNEY,,2009,
408605,AUDI,A3,,2008,
408605,VW,GOLF,,2008,
408605,VW,VENTO,,2008,
408605,VW,TIGUAN,,2008,
408605,VW,SIROCCO,,2008,
408606,AUDI,A3,,2008,
408606,VW,GOLF,,2008,
408606,VW,VENTO,,2008,
408606,VW,TIGUAN,,2008,
408606,VW,SIROCCO,,2008,
408610,HONDA,FIT,,2009,
408610,HONDA,CITY,,2009,
408611,HONDA,FIT,,2008,
408611,HONDA,CITY,,2008,
409018,TOYOTA,HILUX,,2005,
409301,CHEVROLET,CELTA,,2008,
409301,CHEVROLET,PRISMA,,2008,
409303,CHEVROLET,AVEO,,,
409532,VW,FOX,,,
409532,VW,SURAN,,,
409532,VW,GOL TREND,,,
409574,VW,GACEL,,,
409574,VW,GOL,,,
409574,VW,SENDA,,,
409585,RENAULT,,,2013,
409592,BMW,,,2011,
409594,BMW,,,2012,
409615,PEUGEOT,,,,
409621,NISSAN,,,2013,
409623,NISSAN,,,,
409634,MERCEDES BENZ,,,,
409651,AUDI,,,380,2012
409666,CHERY,,,2012,
409673,VARIOS,,,,
409892,VARIOS,,,,
409895,VARIOS,,,,
409896,VARIOS,,,,
410203,VARIOS,,,,
410209,VARIOS,,,,
410763,CITROEN,C3,,2013,
410764,CITROEN,C3,,2013,
410802,VW,AMAROK,,4046,
410826,BMW,SERIE 1,,2012,
410828,BMW,X5,,2010,
410828,BMW,X3,,2010,
410828,BMW,X6,,2010,
410839,NISSAN,SENTRA,,2014,
410840,FORD,RANGER,,2012,
410846,FORD,CARGO,,1986,
410851,SCANIA,SERIE 4,,,
410855,BMW,M1,,,
410866,MERCEDES BENZ,LS1633,,1941,
410902,CITROEN,AIRCROSS,,2011,
410903,CITROEN,AIRCROSS,,2011,
410904,CITROEN,AIRCROSS,,2011,
410905,TOYOTA,HILUX,,,
411052,CITROEN,XANTIA,,1993,
411052,CITROEN,AX,,1993,
411052,CITROEN,SAXO,,1993,
411052,CITROEN,C4,,1993,
411052,PEUGEOT,206,,1993,
411052,PEUGEOT,106,,1993,
411052,PEUGEOT,307,,1993,
411052,PEUGEOT,605,,1993,
411052,PEUGEOT,207,,1993,
411109,AUDI,A3,,1997,
411109,SEAT,LEON,,1997,
411109,VW,GOLF,,1997,
411109,VW,BORA,,1997,
411109,VW,NEW BEETLE,,1997,
411118,AUDI,A3,,2003,
411118,VW,GOLF,,2003,
411142,RENAULT,MEGANE,,1995,
411142,RENAULT,SCENIC,,1995,
411209,PEUGEOT,406,,1995,2004
411211,RENAULT,MASTER,,1998,
411230,PEUGEOT,806,,1994,
411230,PEUGEOT,EXPERT,,1994,
411261,RENAULT,CLIO,,,1995
411270,RENAULT,LAGUNA,,1993,2001
411363,FORD,RANGER,,2013,
411395,FORD,ESCORT,,,
411395,FORD,FIESTA,,,
411395,FORD,KA,,,
411398,FIAT,PALIO,,,
411398,FIAT,SIENA,,,
411531,PEUGEOT,208,,2013,
411531,PEUGEOT,2008,,2013,
411532,PEUGEOT,208,,2013,
411532,PEUGEOT,2008,,2013,
411552,FORD,KA,,2008,2010
411606,PEUGEOT,206,,,
411614,FIAT,FIORINO,,,
411614,FIAT,IDEA,,,
411614,FIAT,DOBLO,,,
411614,FIAT,LINEA,,,
411628,CITROEN,JUMPER,,,
411628,FIAT,DUCATO,,,
411628,PEUGEOT,BOXER,,,
413260,FIAT,147,,1981,
413260,FIAT,DUNA,,1981,
413260,FIAT,FIORINO,,1981,
413260,FIAT,UNO,,1981,
415044,CHERY,TIGGO,,,
415045,FIAT,PUNTO,,2008,
415045,FIAT,IDEA,,2008,
415045,FIAT,LINEA,,2008,
415045,FIAT,GRAND SIENA,,2008,
415045,FIAT,CRONOS,,2008,
415083,VW,AMAROK,,2010,
415211,FORD,TRANSIT,,,
415285,CHERY,QQ,,,
415351,CHEVROLET,COBALT,,2013,
415352,CHEVROLET,COBALT,,2013,
415353,CHEVROLET,SONIC,,2013,
415353,CHEVROLET,SPIN,,2013,
415353,CHEVROLET,PRISMA,,2013,
415353,CHEVROLET,ONIX,,2013,
415354,CHEVROLET,SONIC,,2013,
415354,CHEVROLET,SPIN,,2013,
415354,CHEVROLET,PRISMA,,2013,
415354,CHEVROLET,ONIX,,2013,
415394,RENAULT,DUSTER,,,
415395,CITROEN,C3,,2013,
415585,SCANIA,SERIE P,,,
415585,SCANIA,SERIE 4,,,
415609,DAEWOO,KORANDO,,,
415609,HYUNDAI,H-100,,,
415609,HYUNDAI,GALLOPER,,,
415609,HYUNDAI,H-1,,,
415609,HYUNDAI,H-250,,,
415609,HYUNDAI,HR,,,
415609,HYUNDAI,H-65,,,
415609,HYUNDAI,H-72,,,
415609,HYUNDAI,H-75,,,
415609,ISUZU,TROOPER,,,
415609,KIA,BESTA,,,
415609,KIA,K2700,,,
415609,MITSUBISHI,MONTERO,,,
415609,MITSUBISHI,L200,,,
415610,YAMAHA,,,,
415611,SUZUKI,,,,
415617,HONDA,,,2011,
415776,FORD,FIESTA,,2006,2009
415776,FORD,KA,,2006,2009
415776,FORD,ECOSPORT,,2006,2009
415782,RENAULT,DUSTER,,2011,
415783,RENAULT,DUSTER,,2011,
415784,CHEVROLET,COBALT,,,
415784,CHEVROLET,SONIC,,,
415784,CHEVROLET,SPIN,,,
415784,CHEVROLET,PRISMA,,,
415784,CHEVROLET,ONIX,,,
415795,SCANIA,P340,,,
415795,SCANIA,R340,,,
415795,SCANIA,R380,,,
415795,SCANIA,P230,,,
415795,SCANIA,P270,,,
415795,SCANIA,P380,,,
415795,SCANIA,P420,,,
415795,SCANIA,R420,,,
415795,SCANIA,R480,,,
415795,SCANIA,G380,,,
415795,SCANIA,P310,,,
415795,SCANIA,P410,,,
415795,SCANIA,R360,,,
415795,SCANIA,R410,,,
415795,SCANIA,R460,,,
415795,SCANIA,G310,,,
415795,SCANIA,G360,,,
415795,SCANIA,G410,,,
415797,SCANIA,R500,,2006,2004
415798,SCANIA,R500,,2006,2004
415914,CHEVROLET,AVEO,,,
415915,CHEVROLET,CRUZE,,,
415917,VW,FOX,,2020,
415917,VW,SURAN,,2020,
415917,VW,SPACEFOX,,2020,
415968,FORD,RANGER,,2013,
415971,FORD,FIESTA,,,
415974,FORD,ECOSPORT,,2013,
415975,FORD,ECOSPORT,,2013,
415996,FORD,RANGER,,2013,
416017,CHEVROLET,SPIN,,,
416320,DAEWOO,MATIZ,,2003,
416491,CITROEN,AIRCROSS,,2010,
416494,FORD,FOCUS,,1998,2006
416495,FORD,MONDEO,,1994,2001
416505,TOYOTA,ETIOS,,2013,
416508,NISSAN,X-TRAIL,,2007,2013
416587,FIAT,PALIO,,2010,
416587,FIAT,NOVO UNO,,2010,
416587,FIAT,GRAND SIENA,,2010,
416612,FIAT,PALIO,,2012,
416612,FIAT,NOVO UNO,,2012,
416612,FIAT,GRAND SIENA,,2012,
416718,RENAULT,DUSTER,,,
416759,CHEVROLET,CORSA,,2011,
416760,CHEVROLET,CORSA,,2011,
416854,VW,GOL,,1996,
416854,VW,PARATI,,1996,
416925,VW,GOL,,1993,1996
416925,VW,VOYAGE,,1993,1996
416990,ASIA,TOWNER,,1993,
417010,TOYOTA,ETIOS,,2011,
422470,RENAULT,FLUENCE,,,
422470,RENAULT,MEGANE III,,,
422491,TOYOTA,HILUX,,2005,
423008,CHEVROLET,AVEO,,,
423009,FIAT,TORO,,2016,
423040,VW,POLO,,2016,
423040,VW,UP,,2016,
423043,CHEVROLET,AVEO,,,
423115,FORD,ECOSPORT,,,
423116,FORD,ECOSPORT,,,
423134,FIAT,PUNTO,,2008,
423136,CHEVROLET,SPIN,,,
423136,CHEVROLET,PRISMA,,,
423136,CHEVROLET,ONIX,,,
423150,TOYOTA,ETIOS,,,
423151,NISSAN,FRONTIER,,,
423243,FIAT,UNO,,,
423244,HONDA,FIT,,428,
423320,CHEVROLET,TRACKER,,2013,
423456,FORD,FOCUS,,2013,
423484,FORD,FIESTA,,2016,
423484,FORD,KA,,2016,
423516,VW,FOX,,2005,
423516,VW,SURAN,,2005,
423545,CHEVROLET,CORSA,,1995,1998
423546,CITROEN,C3,,2002,2012
423547,CITROEN,C3,,2002,2012
423548,CITROEN,C3,,2012,
423548,CITROEN,DS3,,2012,
423549,CHERY,FACE,,2009,
423549,CHERY,QQ,,2009,
423550,CHERY,TIGGO,,2009,
423551,CHERY,TIGGO,,2009,
423552,FIAT,DOBLO,,2013,
423553,IVECO,DAILY,,2007,
423554,FIAT,PUNTO,,2012,
423558,FIAT,BRAVO,,2011,
423558,FIAT,STILO,,2011,
423560,FORD,FOCUS,,2010,
423563,HONDA,FIT,,2003,2007
423564,HONDA,FIT,,2003,2007
423567,MERCEDES BENZ,VITO,,2012,
423567,MERCEDES BENZ,VIANO,,2012,
423568,MERCEDES BENZ,SPRINTER,,2012,
423569,MERCEDES BENZ,SPRINTER,,2012,
423573,RENAULT,KANGOO,,2014,
423573,RENAULT,LOGAN,,2014,
423573,RENAULT,SANDERO,,2014,
423574,RENAULT,MASTER,,2002,2008
423575,RENAULT,MASTER,,2009,2012
423576,RENAULT,MASTER,,2002,2012
423577,TOYOTA,ETIOS,,2013,
423578,TOYOTA,ETIOS,,2013,
423579,TOYOTA,ETIOS,,2013,
423580,VW,FOX,,2015,
423580,VW,CROSSFOX,,2015,
423596,CHEVROLET,AGILE,,,
423596,CHEVROLET,MONTANA,,,
423654,CASE,,,1980,1998
423721,CHEVROLET,ONIX,,2013,
423724,FORD,RANGER,,2012,
423771,FORD,FIESTA,,2011,
423805,FORD,ECOSPORT,,2012,
423977,FORD,FOCUS III,,2014,
424091,AUDI,A4,,,
424091,AUDI,A6,,,
424091,VW,AMAROK,,,
424402,NISSAN,FRONTIER,,2009,2014
424403,NISSAN,FRONTIER,,2009,2014
424408,FORD,FIESTA,,2016,
424408,FORD,KA,,2016,
424408,FORD,ECOSPORT,,2016,
424409,HONDA,CR-V,,2006,
424410,VW,AMAROK,,,
425908,AUDI,,,,
425908,VW,GOL,,,
425908,VW,GOLF,,,
425908,VW,FOX,,,
425908,VW,SURAN,,,
426145,PERKINS,1104,,,
426150,IVECO,STRALIS,,,400
426517,VW,AMAROK,,,
426859,CHEVROLET,COBALT,,2012,
426859,CHEVROLET,SONIC,,2012,
426859,CHEVROLET,SPIN,,2012,
426859,CHEVROLET,PRISMA,,2012,
426859,CHEVROLET,ONIX,,2012,
426860,CHEVROLET,COBALT,,2012,
426860,CHEVROLET,SONIC,,2012,
426860,CHEVROLET,SPIN,,2012,
426860,CHEVROLET,PRISMA,,2012,
426860,CHEVROLET,ONIX,,2012,
427208,FORD,FIESTA,,,
427208,FORD,ECOSPORT,,,
427220,RENAULT,CAPTUR,,,
428021,DEUTZ,913,,,
428087,FORD,ESCORT,,,
428185,AUDI,A1,,2010,
428186,CITROEN,BERLINGO,,2002,
428186,FORD,FIESTA,,2002,
428186,PEUGEOT,PARTNER,,2002,
428236,CITROEN,C4,,307,308
428236,PEUGEOT,307,,307,308
428243,VW,AMAROK,,,
428251,MERCEDES BENZ,ACTROS,,,
428317,VOLVO,PENTA,,1983,
428421,TOYOTA,ETIOS,,2010,
428436,VARIOS,,,,
428437,VARIOS,,,,
428495,TOYOTA,COROLLA,,2000,2008
428495,TOYOTA,RAV 4,,2000,2008
428657,TOYOTA,HILUX,,2005,
428658,TOYOTA,HILUX,,2005,
428718,FIAT,TORO,,2016,
428723,FORD,KUGA,,2010,
428725,MERCEDES BENZ,OF1417,,2004,
428726,VARIOS,,,,
428727,VARIOS,,,,
428729,AGRALE,MA 15,,2011,
428730,AGRALE,MA 15,,2011,
428732,PENTRON,,,,
428739,MERCEDES BENZ,O400 RSD,,,
428739,SCANIA,G440,,,
428739,VOLVO,VM 15-210,,2001,2005
428755,VARIOS,,,,
428761,CHEVROLET,AVEO,,,
428829,CHEVROLET,AVEO,,,
428829,CHEVROLET,CRUZE,,,
429131,FIAT,500,,2007,
429133,FIAT,FIORINO,,2013,
429134,FIAT,500,,2007,
429135,TOYOTA,ETIOS,,2010,
429187,FORD,KUGA,,,
429188,FORD,KUGA,,,
429200,JEEP,COMPASS,,2017,
429200,JEEP,RENEGADE,,2017,
429201,HONDA,HR-V,,2016,
429202,HONDA,HR-V,,2016,
429282,FIAT,TORO,,,
429282,JEEP,RENEGADE,,,
429466,VW,POLO,,2005,
429466,VW,FOX,,2005,
429466,VW,CROSSFOX,,2005,
429466,VW,SPACEFOX,,2005,
429482,RENAULT,LOGAN,,2007,
429482,RENAULT,SANDERO,,2007,
429488,FORD,FIESTA,,2012,
429488,FORD,ECOSPORT,,2012,
429504,CHEVROLET,TRACKER,,2013,
429507,FORD,ECOSPORT,,,
429508,FORD,RANGER,,2012,
429509,FORD,RANGER,,2012,
429514,HONDA,CIVIC,,2001,2003
429515,HONDA,CIVIC,,1992,2000
429515,HONDA,CR-V,,1992,2000
429516,JEEP,PATRIOT,,2006,
429516,JEEP,COMPASS,,2006,
429529,MERCEDES BENZ,SPRINTER,,2012,
429531,NISSAN,MARCH,,,2013
429532,NISSAN,MARCH,,2014,
429533,NISSAN,VERSA,,2012,
429537,RENAULT,LOGAN,,2015,
429538,RENAULT,KOLEOS,,2009,
429539,DODGE,JOURNEY,,2009,
429562,CHEVROLET,TRACKER,,2013,
429631,CITROEN,C3,,2002,
429754,AUDI,A3,,,
429890,MERCEDES BENZ,O500,,,
429897,CITROEN,,,2966,829
429897,PEUGEOT,,,2966,829
430025,BMW,1120,,2016,
430026,VW,CONSTELLATION,,,
430027,IVECO,STRALIS,,,330
430031,MERCEDES BENZ,AXOR,,,
430031,MERCEDES BENZ,ATEGO,,,
430031,MERCEDES BENZ,ACTROS,,,
430033,HONDA,,,,
430034,HONDA,,,,
430051,FORD,FOCUS III,,2014,
430054,NISSAN,X-TRAIL,,2007,
430054,RENAULT,KOLEOS,,2007,
430227,TOYOTA,COROLLA,,2014,
431614,PEUGEOT,206,,,
431614,PEUGEOT,307,,,
431614,PEUGEOT,407,,,
431614,PEUGEOT,207,,,
431763,FIAT,TORO,,,
431763,JEEP,RENEGADE,,,
431764,NISSAN,MARCH,,2012,
431764,NISSAN,VERSA,,2012,
431961,TOYOTA,ETIOS,,,
431988,RENAULT,MASTER,,3271,
432050,RENAULT,LOGAN II,,2016,
432156,VW,AMAROK,,2016,
432179,NISSAN,MARCH,,2012,
432179,NISSAN,VERSA,,2012,
432180,FIAT,DUCATO,,1995,2010
432180,PEUGEOT,BOXER,,1995,2010
432181,FIAT,DUCATO,,1995,2010
432181,PEUGEOT,BOXER,,1995,2010
432311,TOYOTA,COROLLA,,1965,
432312,MERCEDES BENZ,SPRINTER,,300,
432313,TOYOTA,HILUX,,207,
432314,CHERY,TIGGO,,,
432315,FIAT,PALIO,,,
432324,FORD,FOCUS,,2013,
432325,FORD,FOCUS,,2013,
432326,FORD,FOCUS,,2013,
432385,FIAT,FIORINO,,2013,
432386,FIAT,FIORINO,,2013,
432399,FORD,KUGA,,2013,
432399,FORD,FOCUS III,,2013,
432436,TOYOTA,HILUX,,2005,
432436,TOYOTA,SW4,,2005,
432437,TOYOTA,HILUX,,2005,
432437,TOYOTA,SW4,,2005,
432442,FIAT,PALIO,,2012,
432442,FIAT,MOBI,,2012,
432686,CITROEN,C3,,2003,
432686,PEUGEOT,206,,2003,
432755,VW,GOL,,,
432845,CITROEN,C-ELYSEE,,2016,
432845,PEUGEOT,301,,2016,
432858,VW,UP,,2014,
432861,HONDA,HR-V,,2016,
434144,NISSAN,MARCH,,,
434144,NISSAN,VERSA,,,
434155,RENAULT,LOGAN,,2013,
434160,JEEP,COMPASS,,2017,
434160,JEEP,RENEGADE,,2017,
434161,FIAT,TORO,,2016,
434167,CHEVROLET,TRACKER,,,
435135,FORD,,,,
435965,FORD,,,2006,
436057,PEUGEOT,,,,
436834,DEUTZ,,,,
438284,VW,,,,2016
438571,RENAULT,LOGAN,,2013,
438594,VARIOS,,,,
438617,BMW,,,,
438806,IVECO,EUROTECH,,1998,
438808,MERCEDES BENZ,,,2004,
438808,IVECO,EUROCARGO,,2004,
438808,IVECO,EUROTRAKKER,,2004,
438808,IVECO,STRALIS,,2004,
438866,RENAULT,MASTER II,,2008,2012
438934,VW,AMAROK,,,
438939,VW,SAVEIRO,,,
438939,VW,VOYAGE,,,
438939,VW,FOX,,,
438939,VW,SURAN,,,
439186,VARIOS,,,,
439187,VARIOS,,,,
439188,VARIOS,,,,
439189,VARIOS,,,,
439190,VARIOS,,,,
439198,HYUNDAI,TUCSON,,2016,
439198,HYUNDAI,CRETA,,2016,
439200,IVECO,EUROCARGO,,,
439210,CHEVROLET,CORSA,,,
439211,CHEVROLET,CORSA,,,
439211,CHEVROLET,MONZA,,,
439232,VARIOS,,,,
440034,TOYOTA,HILUX,,2005,
440034,TOYOTA,SW4,,2005,
440084,FIAT,DUNA,,1993,
440090,RENAULT,KANGOO,,,2007
440208,RENAULT,MASTER,,,
440211,CHEVROLET,COBALT,,2011,
440211,CHEVROLET,SONIC,,2011,
440211,CHEVROLET,SPIN,,2011,
440211,CHEVROLET,PRISMA,,2011,
440211,CHEVROLET,ONIX,,2011,
440212,CHEVROLET,COBALT,,2011,
440212,CHEVROLET,SONIC,,2011,
440212,CHEVROLET,SPIN,,2011,
440212,CHEVROLET,PRISMA,,2011,
440212,CHEVROLET,ONIX,,2011,
440255,JEEP,COMPASS,,2017,
440255,JEEP,RENEGADE,,2017,
440307,CITROEN,C3,,,
440307,CITROEN,C-ELYSEE,,,
440307,PEUGEOT,301,,,
440307,PEUGEOT,208,,,
440308,CITROEN,C3,,,
440308,CITROEN,C-ELYSEE,,,
440308,PEUGEOT,301,,,
440308,PEUGEOT,208,,,
440333,FORD,FOCUS III,,2013,
440403,VARIOS,-,,,
440404,VARIOS,,,,
440405,VARIOS,,,,
440432,PEUGEOT,301,,,
440432,PEUGEOT,208,,,
440433,CITROEN,PICASSO,,,
440433,CITROEN,C-ELYSEE,,,
440435,FIAT,DUCATO,,2002,
440436,CITROEN,JUMPER,,2002,
440437,PEUGEOT,BOXER,,2002,
440445,CHEVROLET,SPIN,,2017,
440460,FORD,FIESTA,,,
440460,FORD,ECOSPORT,,,
440461,FORD,FIESTA,,,
440461,FORD,ECOSPORT,,,
440462,MERCEDES BENZ,OM362,,,
440462,MERCEDES BENZ,OM366T,,,
440463,PEUGEOT,504,,,
440463,PEUGEOT,404,,,
440466,PEUGEOT,405,,,
440469,PEUGEOT,405,,,
440472,RENAULT,CLIO,,,
440521,CHEVROLET,CRUZE,,2017,
440522,CHEVROLET,CRUZE,,2017,
440534,RENAULT,CLIO MIO,,2012,
440537,PORSCHE,MACAN,,2015,
440790,FORD,RANGER,,2012,
440801,CATERPILLAR,,,,
440801,JOHN DEERE,,,,
441034,CHEVROLET,SPARK,,,
441034,DAEWOO,MATIZ,,,
441035,TOYOTA,RAV 4,,1996,1998
441060,CHEVROLET,CAPTIVA,,2010,
441061,CHEVROLET,CAPTIVA,,2010,
441063,FIAT,673,,,
441063,FIAT,150,,,
441315,TOYOTA,HILUX,,2016,
441389,TOYOTA,HILUX,,2016,
441579,FORD,F100,,1992,1998
441703,FORD,FIESTA,,,
441704,RENAULT,KANGOO II,,,
441705,FIAT,TORO,,,
441706,CHEVROLET,PRISMA,,,
441725,TOYOTA,HILUX,,2017,
441726,TOYOTA,HILUX,,2017,
441765,FIAT,TORO,,,
441765,JEEP,RENEGADE,,,
441773,CHEVROLET,CORSA,,2013,2015
441773,CHEVROLET,CELTA,,2013,2015
441859,NISSAN,PATHFINDER,,2005,2006
441991,RENAULT,KWID,,2017,
442167,HONDA,HR-V,,,
442291,FORD,KUGA,,2013,
442291,FORD,FOCUS III,,2013,
442292,FORD,KUGA,,2014,
442292,FORD,FOCUS III,,2014,
442309,RENAULT,KOLEOS,,,
442310,RENAULT,KOLEOS,,,
442316,PEUGEOT,208,,2013,
442320,FIAT,DOBLO,,2010,
442321,FIAT,DOBLO,,2010,
442332,FIAT,500,,2013,
442332,FIAT,DOBLO,,2013,
442504,CHEVROLET,TRACKER,,2012,
442504,CHEVROLET,CRUZE,,2012,
442553,JEEP,COMPASS,,2007,2016
442554,FORD,FOCUS III,,2013,
442555,FORD,FOCUS III,,2013,
442556,HONDA,CR-V,,2016,
442556,HONDA,HR-V,,2016,
442569,NISSAN,X-TRAIL,,2011,
442569,RENAULT,KOLEOS,,2011,
442570,CHERY,QQ,,,
442571,FIAT,MOBI,,2016,
442572,DODGE,JOURNEY,,2008,2010
442573,DODGE,JOURNEY,,2011,
442573,FIAT,FREEMONT,,2011,
442582,DODGE,JOURNEY,,2008,
442583,DODGE,JOURNEY,,2008,
442586,MERCEDES BENZ,ACCELO,,715,915
442627,TOYOTA,ETIOS,,,
442628,VW,VENTO,,6012,
442646,CHERY,TIGGO,,2017,
442657,FIAT,MOBI,,,
442658,FIAT,MOBI,,,
442738,PEUGEOT,3008,,2010,
442776,RENAULT,CLIO MIO,,4872,
442800,CHEVROLET,TRACKER,,,
442801,CHEVROLET,TRACKER,,,
442810,RENAULT,KWID,,2017,
442930,CHERY,TIGGO,,,
442932,RENAULT,CAPTUR,,,
442933,RENAULT,SANDERO,,,
442934,RENAULT,SANDERO,,2016,
442972,MERCEDES BENZ,SPRINTER,,2012,
442973,MERCEDES BENZ,CLASE A,,1997,2004
442974,PEUGEOT,208,,2013,
442975,CITROEN,C3,,2013,
442976,FIAT,MOBI,,2016,
442977,RENAULT,SANDERO,,2015,
442978,VW,UP,,2014,
442980,FIAT,MOBI,,,
442981,FIAT,MOBI,,,
442982,RENAULT,SANDERO,,2015,
443150,CHEVROLET,CORSA,,1991,
443150,OPEL,CORSA,,1991,
443219,AUDI,A3,,2012,
443219,VW,GOLF,,2012,
443221,SUZUKI,GRAND VITARA,,2005,
443222,HONDA,HR-V,,2014,
443227,VW,UP,,2014,
443228,AUDI,A3,,2012,
443228,VW,GOLF,,2012,
443231,AUDI,A1,,2010,
443231,VW,POLO,,2010,
443243,NISSAN,PATHFINDER,,2006,
443243,NISSAN,FRONTIER,,2006,
443245,FIAT,DUCATO,,2007,
443245,IVECO,DAILY,,2007,
443246,FIAT,DUCATO,,2002,
443246,PEUGEOT,BOXER,,2002,
443294,JEEP,PATRIOT,,2010,
443294,JEEP,COMPASS,,2010,
443294,JEEP,RENEGADE,,2010,
443298,CITROEN,C-ELYSEE,,2016,
443299,CITROEN,C3,,2016,
443299,CITROEN,C-ELYSEE,,2016,
443302,JEEP,COMPASS,,2017,
443302,JEEP,RENEGADE,,2017,
443303,PEUGEOT,301,,2013,
443303,PEUGEOT,207,,2013,
443303,PEUGEOT,3008,,2013,
443304,PEUGEOT,301,,2017,
443304,PEUGEOT,207,,2017,
443304,PEUGEOT,3008,,2017,
443305,FIAT,TORO,,2016,
443306,FIAT,TORO,,2016,
443325,PEUGEOT,208,,2017,
443377,AUDI,A4,,2008,
443430,VW,GOLF VII,,2008,
443436,BMW,528I,,,
443436,BMW,320I,,,
443436,BMW,X3,,,
443436,BMW,X4,,,
443449,VARIOS,,,2013,
443452,HONDA,HR-V,,2015,
443576,SCANIA,,,,
443585,TOYOTA,COROLLA,,2008,2012
443587,FIAT,ARGO,,2018,
443587,FIAT,CRONOS,,2018,
443588,FIAT,ARGO,,2018,
443588,FIAT,CRONOS,,2018,
443660,RENAULT,LOGAN,,2014,
444022,PEUGEOT,308,,2009,
444022,PEUGEOT,407,,2009,
444062,RENAULT,KWID,,,
444063,RENAULT,KWID,,,
444106,JEEP,RENEGADE,,2015,
444107,JEEP,RENEGADE,,2015,
444112,JEEP,RENEGADE,,2015,
444113,JEEP,RENEGADE,,2015,
444114,HONDA,HR-V,,2014,
444115,HONDA,HR-V,,2014,
444120,FIAT,STILO,,2005,
444274,FIAT,ARGO,,,
444274,FIAT,CRONOS,,,
444536,IVECO,EUROTRAKKER,,360,380
444536,IVECO,STRALIS,,360,380
444546,FORD,CARGO 1517,,,
444546,FORD,CARGO 815,,,
444546,FORD,CARGO 2628,,,
444546,MERCEDES BENZ,710,,,
444546,MERCEDES BENZ,1218,,,
444546,MERCEDES BENZ,ATEGO,,,
444546,MERCEDES BENZ,ACCELO,,,
444546,MERCEDES BENZ,ATRON,,,
444549,FIAT,ARGO,,2018,
444549,FIAT,CRONOS,,2018,
444550,FIAT,ARGO,,2018,
444550,FIAT,CRONOS,,2018,
444587,FORD,RANGER,,2012,2017
444588,CHEVROLET,CRUZE,,2017,
444596,NISSAN,SENTRA,,2013,
444599,NISSAN,FRONTIER,,2007,
444600,NISSAN,FRONTIER,,2007,
444625,CHEVROLET,CRUZE,,2017,
444626,CHEVROLET,CRUZE,,2017,
444794,RENAULT,KWID,,2017,
444801,JOHN DEERE,TRACTOR,,,
444801,MASSEY FERGUSON,TRACTOR,,,
444801,NEW HOLLAND,,,,
444804,LIFAN,FOISON,,2016,
445122,FIAT,ARGO,,2018,
445122,FIAT,CRONOS,,2018,
445130,FORD,FIESTA,,2012,
445136,FORD,RANGER,,2013,
445148,RENAULT,KWID,,2017,
445159,TOYOTA,HILUX,,1989,2000
445185,VW,POLO,,2010,
445185,VW,SAVEIRO,,2010,
445185,VW,VOYAGE,,2010,
445185,VW,GOL TREND,,2010,
445185,VW,UP,,2010,
445185,VW,VIRTUS,,2010,
445188,HYUNDAI,TUCSON,,2010,2013
445188,KIA,SPORTAGE,,2010,2013
445309,JEEP,COMPASS,,2016,
445310,RENAULT,MASTER III,,2013,
445420,TOYOTA,HILUX,,2016,
445420,TOYOTA,SW4,,2016,
445423,HYUNDAI,SANTA FE,,2010,2013
445425,CHEVROLET,CRUZE,,2017,
445570,CHEVROLET,CORSA II,,2001,
445571,CHEVROLET,CORSA II,,2001,
445575,CITROEN,BERLINGO,,1999,
445611,VW,FOX,,2004,
445614,VW,AMAROK,,2010,
445825,VW,POLO,,2017,
445825,VW,VIRTUS,,2017,
445882,FORD,FIESTA,,2012,
445882,FORD,FOCUS,,2012,
445882,FORD,ECOSPORT,,2012,
448907,CHEVROLET,CORSA,,,
448944,RENAULT,FLUENCE,,,
448944,RENAULT,MEGANE III,,,
448981,VW,POLO,,2016,2018
448993,FIAT,TORO,,,
448993,JEEP,RENEGADE,,,
448994,MERCEDES BENZ,VITO,,,
449016,NISSAN,MARCH,,2017,
449016,NISSAN,VERSA,,2017,
449016,NISSAN,KICKS,,2017,
449203,CHEVROLET,CORSA,,,
449203,CHEVROLET,COMBO,,,
449216,DODGE,JOURNEY,,2009,
450007,CHEVROLET,TRACKER,,,
450343,CHERY,TIGGO,,,
450344,CHERY,TIGGO,,,
450345,CHERY,TIGGO,,,
450347,TOYOTA,RAV 4,,2006,
450349,CHEVROLET,TRACKER,,2013,
450351,RENAULT,CAPTUR,,2016,
450354,VW,POLO,,2015,
450356,CHEVROLET,SPARK,,2008,
450357,NISSAN,VERSA,,2011,
450358,TOYOTA,COROLLA,,2008,
450360,FIAT,DOBLO,,2010,
450361,CHEVROLET,TRAILBLAZER,,2013,2016
450368,CITROEN,C4 PICASSO,,2006,
450368,CITROEN,C4 GRAN PICASSO,,2006,
450370,CHEVROLET,SPARK,,2008,
450372,TOYOTA,RAV 4,,2006,
450373,TOYOTA,RAV 4,,2006,
450380,CHEVROLET,TRACKER,,2013,
450382,CHEVROLET,TRACKER,,2013,
450383,FIAT,TORO,,2016,
450384,FIAT,TORO,,2016,
450385,FORD,ESCAPE,,2013,
450385,FORD,KUGA,,2013,
450387,MERCEDES BENZ,SPRINTER,,2012,
450388,MERCEDES BENZ,,,1517,2018
450463,VARIOS,,,,
450793,NISSAN,SENTRA,,2007,2013
450794,CHEVROLET,CRUZE,,2016,
450795,NISSAN,FRONTIER,,2020,
450795,RENAULT,ALASKAN,,2020,
450796,RENAULT,KANGOO,,2018,
450797,NISSAN,FRONTIER,,2015,
450797,RENAULT,ALASKAN,,2015,
450799,PEUGEOT,407,,2004,2010
450800,CHEVROLET,SPARK,,,
450800,DAEWOO,MATIZ,,,
450801,CHEVROLET,SPARK,,,
450801,DAEWOO,MATIZ,,,
450802,HONDA,CIVIC,,2012,2026
450803,HONDA,CIVIC,,2012,2026
450806,NISSAN,VERSA,,2011,
450807,NISSAN,VERSA,,2011,
450810,RENAULT,KANGOO,,2018,
450815,TOYOTA,COROLLA,,2014,
450816,TOYOTA,COROLLA,,2014,
450817,CHEVROLET,CRUZE,,2016,
450818,CHEVROLET,CRUZE,,2016,
450913,PEUGEOT,3008,,2009,
450913,PEUGEOT,RCZ,,2009,
450913,PEUGEOT,5008,,2009,
450913,PEUGEOT,308CC,,2009,
450914,VW,POLO,,,
450975,FORD,ECOSPORT,,2014,2017
450988,RENAULT,KWID,,,
450989,VW,UP,,2006,
450990,FIAT,ARGO,,,
450990,FIAT,CRONOS,,,
450992,FIAT,QUBO,,,
451048,NISSAN,X-TRAIL,,2016,
451060,TOYOTA,AUTOELEVADOR,,,
451061,TOYOTA,AUTOELEVADOR,,,
451091,RENAULT,TWINGO,,,
451091,RENAULT,CLIO II,,,
451685,TOYOTA,HILUX,,1996,2004
451686,FORD,MONDEO,,2007,2016
452120,TOYOTA,HILUX,,1996,2004
456260,CHEVROLET,CRUZE,,2017,
456269,FORD,FIESTA,,,
456269,FORD,MONDEO,,,
456279,FIAT,125,,,
456279,FIAT,128,,,
456279,FIAT,DUNA,,,
456279,FIAT,UNO,,,
456279,FIAT,TEMPRA,,,
456285,RENAULT,,,,1600
456291,CHEVROLET,CORSA,,,
456292,CHEVROLET,CORSA,,,
456294,CHEVROLET,CORSA,,2010,
456294,VW,AMAROK,,2010,
456399,MERCEDES BENZ,,,1517,2018
457072,TOYOTA,AUTOELEVADOR,,,
457076,CLARK,AUTOELEVADOR,,,
457272,VW,GOL,,2004,
457379,FORD,RANGER,,1998,2012
457380,HYUNDAI,H-100,,1997,
457380,HYUNDAI,H-1,,1997,
457470,SCANIA,G420,,2004,
457470,SCANIA,P270,,2004,
457470,SCANIA,P380,,2004,
457533,CITROEN,AIRCROSS,,,
457534,CITROEN,AIRCROSS,,,
457562,TOYOTA,HILUX,,2016,
458173,TOYOTA,HILUX,,2016,
458280,CITROEN,C-ELYSEE,,2017,
458280,PEUGEOT,301,,2017,
458281,CITROEN,C-ELYSEE,,2017,
458281,PEUGEOT,301,,2017,
458282,CITROEN,C-ELYSEE,,2017,
458282,PEUGEOT,301,,2017,
458283,RENAULT,DUSTER OROCH,,2016,
458332,NISSAN,FRONTIER,,1993,
458335,FIAT,CRONOS,,,
458379,FIAT,CRONOS,,,
458380,FIAT,CRONOS,,,
458423,BOBCAT,,,5103,5105
458428,MERCEDES BENZ,ATEGO,,1419,1719
458428,MERCEDES BENZ,ACCELO,,1419,1719
458435,BAJAJ,,,,200
458475,FIAT,ARGO,,2017,
458476,FIAT,ARGO,,2017,
458477,FIAT,ARGO,,2017,
458478,RENAULT,KWID,,2017,
458480,IVECO,EUROCARGO,,1997,
458587,RENAULT,SANDERO,,,
458587,RENAULT,CAPTUR,,,
458588,FIAT,MOBI,,,
458721,MERCEDES BENZ,SPRINTER,,,
458722,TOYOTA,SW4,,2016,
458758,VW,DELIVERY,,2017,
458759,JCB,3CX,,444,3200
458759,JCB,4CX,,444,3200
458796,VOLVO,LB70,,2664,
458798,CASE,COSECHADORA,,2002,
458798,NEW HOLLAND,,,2002,
458798,NEW HOLLAND,COSECHADORA,,2002,
459269,CITROEN,BERLINGO,,1996,
459269,PEUGEOT,306,,1996,
459269,PEUGEOT,405,,1996,
459269,PEUGEOT,PARTNER,,1996,
459269,PEUGEOT,HOGGAR,,1996,
459364,VW,UP,,2014,
459474,HONDA,HR-V,,1939,
459475,FORD,KA,,,
459485,AUDI,A3,,2006,
459485,VW,GOLF IV,,2006,
459824,CASE,,,1980,208
459824,JOHN DEERE,,,1980,208
459825,CASE,,,1980,208
459825,JOHN DEERE,,,1980,208
459842,VARIOS,,,,
459845,YAMAHA,,,,
460302,MERCEDES BENZ,2638,,1938,
460302,MERCEDES BENZ,1938,,1938,
460302,MERCEDES BENZ,AXOR,,1938,
460302,MERCEDES BENZ,ATRON,,1938,
460302,SCANIA,SERIE P,,1938,
460302,VOLVO,,,1938,
460302,IVECO,CURSOR,,1938,
460668,VW,AMAROK,,4046,
460740,IVECO,EUROTRAKKER,,,
460741,VOLVO,VM17,,,
460741,VOLVO,VM23,,,
460947,VOLVO,FH,,2013,
461583,VW,AMAROK,,2002,
461584,HONDA,XRE300,,,
461585,ROUSER,200NS,,,
477766,FORD,ECOSPORT,,2012,
494761,CHEVROLET,CORSA,,,
500328,FORD,FALCON,,,
500333,VW,GOLF,,,
500333,VW,FOX,,,
500333,VW,SURAN,,,
500333,VW,GOL TREND,,,
500334,VW,GOL,,,
500334,VW,GOLF,,,
500334,VW,POLO,,,
500385,NISSAN,MARCH,,2012,
500385,NISSAN,VERSA,,2012,
500385,NISSAN,NOTE,,2012,
500386,NISSAN,MARCH,,2012,
500386,NISSAN,VERSA,,2012,
500386,NISSAN,NOTE,,2012,
500389,TOYOTA,YARIS,,2017,
500390,TOYOTA,YARIS,,2017,
500398,VARIOS,,,,
500399,VARIOS,,,,
500400,VARIOS,,,,
500401,VARIOS,,,,
500402,VARIOS,,,,
500403,VARIOS,,,,
500404,VARIOS,,,,
500405,VARIOS,,,,
500406,VARIOS,,,,
500407,VARIOS,,,,
500408,VARIOS,,,,
500409,VARIOS,,,,
500410,VARIOS,,,,
500411,VARIOS,,,,
500412,VARIOS,,,,
500413,VARIOS,,,,
500414,VARIOS,,,,
500415,VARIOS,,,,
500416,VARIOS,,,,
500417,VARIOS,,,,
500418,VARIOS,,,,
500419,VARIOS,,,,
500420,VARIOS,,,,
500421,VARIOS,,,,
500422,VARIOS,,,,
500423,VARIOS,,,,
500424,VARIOS,,,,
500425,VARIOS,,,,
500426,VARIOS,,,,
500427,VARIOS,,,,
500428,VARIOS,,,,
500429,VARIOS,,,,
500430,VARIOS,,,,
500431,VARIOS,,,,
500432,VARIOS,,,,
500434,RENAULT,MASTER III,,2013,
500435,FORD,KA,,2015,
500436,FORD,KA,,2015,
500497,PEUGEOT,206,,1999,
500519,VW,GACEL,,1995,
500519,VW,GOL,,1995,
500519,VW,SENDA,,1995,
502927,VW,POLO,,2018,
502927,VW,VIRTUS,,2018,
502966,FIAT,ARGO,,2018,
502966,FIAT,CRONOS,,2018,
503273,TOYOTA,YARIS,,2013,
503324,CITROEN,C6,,2007,
503324,CITROEN,AIRCROSS,,2007,
503324,CITROEN,C5 II,,2007,
503324,CITROEN,C4 LOUNGE,,2007,
503325,JEEP,RENEGADE,,,
503325,PEUGEOT,3008,,,
503336,NISSAN,SENTRA,,,
503336,RENAULT,FLUENCE,,,
503337,VW,PASSAT,,,2009
503337,VW,TIGUAN,,,2009
503340,VW,POLO,,,
503340,VW,NEW BEETLE,,,
503340,VW,GOLF IV,,,
503340,VW,VIRTUS,,,
503528,NISSAN,MARCH,,1959,
503532,HONDA,FIT,,2017,
503695,VW,POLO,,,
503720,CITROEN,JUMPER,,2010,
503720,FIAT,DUCATO,,2010,
503720,PEUGEOT,BOXER,,2010,
503721,CITROEN,JUMPER,,2010,
503721,FIAT,DUCATO,,2010,
503721,PEUGEOT,BOXER,,2010,
503723,HYUNDAI,H1,,2007,
503728,VW,CONSTELLATION,,2020,
504003,JEEP,COMPASS,,,
504067,VW,VENTO,,,
504069,IVECO,DAILY,,2018,
504070,SCANIA,SERIE P,,,
504070,SCANIA,OMNIBUS,,,
504070,VOLVO,,,,
504070,VOLVO,NH,,,
504070,VOLVO,FH,,,
504070,VOLVO,FMX,,,
504070,VW,,,,
504071,FORD,CARGO 1517,,710,710
504071,FORD,CARGO 815,,710,710
504071,FORD,CARGO 2628,,710,710
504071,MERCEDES BENZ,710,,710,710
504071,MERCEDES BENZ,1634,,710,710
504071,MERCEDES BENZ,ATEGO,,710,710
504071,MERCEDES BENZ,ACCELO,,710,710
504071,MERCEDES BENZ,LK1218,,710,710
504071,MERCEDES BENZ,ATRON,,710,710
504112,VW,FOX,,2009,
504112,VW,SURAN,,2009,
504514,CITROEN,JUMPER,,2019,
504532,PEUGEOT,208,,2020,
504532,PEUGEOT,2008,,2020,
504569,NISSAN,KICKS,,,
504570,NISSAN,KICKS,,,
506086,NISSAN,KICKS,,2017,
506105,NISSAN,KICKS,,,
507194,RENAULT,KWID,,2017,
507196,IVECO,DAILY,,2020,
508166,NISSAN,TIIDA,,2007,
508167,PEUGEOT,208,,2020,
508167,PEUGEOT,2008,,2020,
509416,CHERY,TIGGO 3,,2016,
509417,NISSAN,SENTRA,,2015,
509419,NISSAN,SENTRA,,2015,
509570,VARIOS,,,,
509571,VARIOS,,,,
510201,MERCEDES BENZ,AXOR,,2035,2036
510202,MERCEDES BENZ,ACTROS,,,
510308,TOYOTA,YARIS,,2013,
510309,TOYOTA,YARIS,,210,
510315,MERCEDES BENZ,SPRINTER,,2012,
511285,IVECO,TECTOR,,384,
511289,RENAULT,KANGOO III,,1944,
511619,TOYOTA,HILUX,,2015,
512014,CHEVROLET,TRAILBLAZER,,2017,
512015,CHERY,TIGGO 3,,2016,
512016,CHERY,TIGGO 3,,2016,
512024,HONDA,TWISTER,,,
512103,PEUGEOT,208,,2020,
528306,CASE,,,300,
528306,NEW HOLLAND,,,300,
528330,FORD,RANGER,,2020,
528333,HONDA,,,2018,
528335,BAJAJ,,,,
528548,MERCEDES BENZ,O370,,,
528548,MERCEDES BENZ,O371,,,
528548,MERCEDES BENZ,O400,,,
528548,MERCEDES BENZ,OHL1621,,,
528548,MERCEDES BENZ,O500,,,
528548,MERCEDES BENZ,OHL1620,,,
528549,VARIOS,,,525,370
528552,VARIOS,,,195,445
528553,VARIOS,,,195,390
528554,VARIOS,,,170,435
528555,VARIOS,,,170,480
528556,VARIOS,,,170,525
529564,IVECO,EUROCARGO,,384,
529564,IVECO,CAVALLINO,,384,
529709,VARIOS,,,,
529710,VARIOS,,,,
530089,VARIOS,,,,
530098,MERCEDES BENZ,ATEGO,,,
530252,FIAT,DUCATO,,2019,
530252,PEUGEOT,BOXER,,2019,
530259,MAXION,POWER STROKE,,,
530265,CHEVROLET,CORSA,,1994,2001
530265,CHEVROLET,TIGRA,,1994,2001
530295,CITROEN,C4 CACTUS,,,
530296,CITROEN,C4 CACTUS,,,
530440,FORD,KUGA,,2014,2019
530442,HONDA,CIVIC,,2017,
530443,HONDA,CIVIC,,2017,
530446,CITROEN,C4 CACTUS,,,
530448,FIAT,500,,2012,
530449,SCANIA,380,,,
530449,SCANIA,410,,,
530449,SCANIA,440,,,
530479,MERCEDES BENZ,AXOR,,1797,
530479,MERCEDES BENZ,ATEGO,,1797,
530479,MERCEDES BENZ,ACCELO,,1797,
530479,MERCEDES BENZ,ACTROS,,1797,
530479,RENAULT,MAGNUM,,1797,
530479,RENAULT,MIDLINER,,1797,
530479,RENAULT,KERAX,,1797,
530479,RENAULT,PREMIUM,,1797,
530479,RENAULT,MANAGER,,1797,
530479,SCANIA,SERIE P,,1797,
530479,SCANIA,SERIE G,,1797,
530479,SCANIA,SERIE R,,1797,
530479,VOLVO,VM,,1797,
530479,VOLVO,SERIE B,,1797,
530479,VOLVO,NH,,1797,
530479,VOLVO,FH,,1797,
530479,VW,CONSTELLATION,,1797,
530479,VW,DELIVERY,,1797,
530479,VW,WORKER,,1797,
530479,VW,TITAN,,1797,
530479,IVECO,EUROTRAKKER,,1797,
530479,IVECO,STRALIS,,1797,
530479,IVECO,TRAKKER,,1797,
530479,IVECO,VERTIS,,1797,
530482,TOYOTA,LAND CRUISER,,2001,
530482,TOYOTA,YARIS,,2001,
530489,SCANIA,G410,,2019,
530489,SCANIA,P250,,2019,
530489,SCANIA,P280,,2019,
530489,SCANIA,P320,,2019,
530655,NISSAN,FRONTIER,,2009,
530681,SCANIA,G410,,2019,
530681,SCANIA,P250,,2019,
530681,SCANIA,P280,,2019,
530681,SCANIA,P320,,2019,
530681,SCANIA,G500,,2019,
530681,SCANIA,G540,,2019,
530688,CATERPILLAR,,,,
530688,VOLVO,,,,
530688,VARIOS,,,,
530688,NEW HOLLAND,,,,
530688,YANMAR,,,,
530688,BOBCAT,,,2000,300
530701,FORD,CARGO 2042,,,
531953,FORD,TRANSIT,,2014,
532175,NISSAN,FRONTIER,,2008,
532906,FORD,RANGER,,2020,
532912,SCANIA,SERIE P,,,
532912,SCANIA,SERIE 4,,,
532912,SCANIA,SERIE K,,,
532912,SCANIA,SERIE G,,,
532912,SCANIA,SERIE R,,,
532912,VOLVO,SERIE NL-B,,,
532914,YAMAHA,,,,
533018,FORD,RANGER,,2019,
533136,VW,POLO,,,
533136,VW,VIRTUS,,,
533136,VW,T-CROSS,,,
533136,VW,NIVUS,,,
533153,RENAULT,SANDERO,,2019,
533164,CHEVROLET,ONIX,,2020,
542383,CHERY,FACE,,2009,
550527,CATERPILLAR,,,900,950
550527,MASSEY FERGUSON,MF34,,900,950
550527,MASSEY FERGUSON,MF8140,,900,950
550527,MASSEY FERGUSON,MF8160,,900,950
550527,VALMET,,,900,950
550528,CATERPILLAR,,,900,950
550528,MASSEY FERGUSON,MF34,,900,950
550528,MASSEY FERGUSON,MF8140,,900,950
550528,MASSEY FERGUSON,MF8160,,900,950
550528,VALMET,,,900,950
550531,CASE,,,300,400
550531,BOBCAT,,,300,400
550533,NISSAN,NP300,,2015,
550533,NISSAN,ROGUE,,2015,
550534,CHEVROLET,AVEO,,2006,
551085,NISSAN,FRONTIER,,2022,
551086,VW,POLO,,,
551086,VW,VIRTUS,,,
551086,VW,T-CROSS,,,
551086,VW,NIVUS,,,
552199,CHEVROLET,MERIVA,,,
552199,CHEVROLET,CORSA II,,,
552530,FORD,RANGER,,2012,
552533,TOYOTA,HILUX,,2016,
552534,VW,AMAROK,,2010,
552567,CITROEN,ZX,,2010,
552567,CITROEN,XSARA,,2010,
552567,CITROEN,XSARA PICASSO,,2010,
552567,CITROEN,C3,,2010,
552567,CITROEN,C5,,2010,
552567,CITROEN,C4,,2010,
552567,CITROEN,C4 PICASSO,,2010,
552567,CITROEN,C4 GRAN PICASSO,,2010,
552567,CITROEN,C3 PICASSO,,2010,
552567,PEUGEOT,306,,2010,
552567,PEUGEOT,307,,2010,
552567,PEUGEOT,308,,2010,
552567,PEUGEOT,207,,2010,
552567,PEUGEOT,408,,2010,
552567,PEUGEOT,208,,2010,
552567,PEUGEOT,5008,,2010,
552581,CITROEN,BERLINGO,,1998,2001
552581,CITROEN,XANTIA,,1998,2001
552581,CITROEN,BX,,1998,2001
552581,CITROEN,ZX,,1998,2001
552581,CITROEN,XSARA,,1998,2001
552581,CITROEN,XSARA PICASSO,,1998,2001
552581,CITROEN,C4,,1998,2001
552581,PEUGEOT,306,,1998,2001
552581,PEUGEOT,405,,1998,2001
552581,PEUGEOT,406,,1998,2001
552581,PEUGEOT,307,,1998,2001
552581,PEUGEOT,PARTNER,,1998,2001
552582,FORD,FIESTA,,2003,
552582,FORD,MONDEO,,2003,
552582,FORD,FOCUS,,2003,
552582,FORD,ECOSPORT,,2003,
552585,FORD,ESCORT,,1972,
552585,FORD,FALCON,,1972,
552585,FORD,FAIRLANE,,1972,
552585,FORD,F150,,1972,
552585,FORD,RANCHERO,,1972,
552585,MERCEDES BENZ,CLASE C,,1972,
552585,MERCEDES BENZ,CLK,,1972,
552585,MERCEDES BENZ,CLASE E,,1972,
552585,TOYOTA,CROWN,,1972,
552585,VOLVO,240,,1972,
552585,VOLVO,245,,1972,
552598,FORD,ESCORT,,1996,2003
552598,FORD,FIESTA,,1996,2003
552598,FORD,KA,,1996,2003
552598,FORD,ORION,,1996,2003
552600,CHEVROLET,SPARK,,2008,2011
552600,DAEWOO,MATIZ,,2008,2011
552600,FORD,ESCORT,,2008,2011
552600,FORD,SIERRA,,2008,2011
552606,FORD,ESCORT,,1988,1995
552607,FORD,ESCORT,,1996,2003
552607,FORD,FIESTA,,1996,2003
552607,FORD,KA,,1996,2003
552607,FORD,ORION,,1996,2003
552610,FORD,ESCORT,,1988,1995
552636,FORD,ESCORT,,2012,
552636,FORD,FIESTA,,2012,
552636,FORD,ECOSPORT,,2012,
552637,FORD,ESCORT,,1995,1996
552637,FORD,FIESTA,,1995,1996
552637,FORD,KA,,1995,1996
552637,FORD,COURIER,,1995,1996
552639,CHEVROLET,CORSA,,,
552648,RENAULT,TRAFIC,,,
552662,FORD,FIESTA,,2003,
552664,RENAULT,CLIO II,,,
552665,RENAULT,CLIO,,,
552665,RENAULT,KANGOO,,,
552668,RENAULT,KANGOO,,2004,
552669,RENAULT,CLIO,,,
552669,RENAULT,MEGANE,,,
552670,FIAT,PALIO,,,
552670,FIAT,IDEA,,,
552670,FIAT,ADVENTURE,,,
552672,CITROEN,BERLINGO,,,
552672,PEUGEOT,PARTNER,,,
552680,FORD,RANGER,,,
552684,CHEVROLET,CELTA,,2010,
552684,CHEVROLET,AVEO,,2010,
552684,CHEVROLET,AGILE,,2010,
552684,CHEVROLET,CLASSIC,,2010,
552687,RENAULT,CLIO,,2004,
552687,RENAULT,KANGOO,,2004,
552689,RENAULT,KANGOO,,,
552689,RENAULT,CLIO III,,,
552693,CHEVROLET,CORSA,,,
552694,PEUGEOT,206,,,
552696,FIAT,PALIO ADVENTURE,,,
552701,FORD,FALCON,,1977,
552701,FORD,FAIRLANE,,1977,
552704,VW,GACEL,,1983,1993
552704,VW,SENDA,,1983,1993
552705,VW,GACEL,,1983,1993
552705,VW,SENDA,,1983,1993
552708,RENAULT,TRAFIC,,1986,
552709,FIAT,147,,1984,1992
552709,FIAT,BRIO,,1984,1992
552709,FIAT,VIVACE,,1984,1992
552709,FIAT,SPAZIO,,1984,1992
552710,FIAT,DUNA,,1988,
552710,FIAT,FIORINO,,1988,
552710,FIAT,UNO,,1988,
552711,FORD,ESCORT,,1988,1993
552712,FORD,ESCORT,,1988,1993
552716,VW,GACEL,,1993,
552716,VW,SENDA,,1993,
552718,FORD,ESCORT,,1994,
552718,FORD,ORION,,1994,
552718,VW,POINTER,,1994,
552719,FORD,FIESTA,,1997,
552719,FORD,KA,,1997,
552719,FORD,COURIER,,1997,
552720,FIAT,PALIO,,1996,2000
552720,FIAT,SIENA,,1996,2000
552721,CHEVROLET,CORSA,,1995,1997
552722,SEAT,IBIZA,,1995,
552722,SEAT,CORDOBA,,1995,
552722,VW,GOLF,,1995,
552722,VW,PASSAT,,1995,
552722,VW,POLO,,1995,
552723,VW,GOL,,1997,
552727,VW,GOL,,1997,
552728,CHEVROLET,ASTRA,,1998,
552728,CHEVROLET,VECTRA,,1998,
552728,CHEVROLET,ZAFIRA,,1998,
552729,CHEVROLET,LUV,,1992,
552729,ISUZU,TROOPER,,1992,
552729,ISUZU,PICK UP,,1992,
552730,AUDI,A3,,1999,
552730,SEAT,TOLEDO,,1999,
552730,VW,BORA,,1999,
552730,VW,NEW BEETLE,,1999,
552730,VW,GOLF IV,,1999,
552731,AUDI,A3,,1999,
552731,SEAT,TOLEDO,,1999,
552731,VW,BORA,,1999,
552731,VW,NEW BEETLE,,1999,
552731,VW,GOLF IV,,1999,
552734,CITROEN,BERLINGO,,1997,
552734,CITROEN,ZX,,1997,
552734,CITROEN,XSARA,,1997,
552734,CITROEN,XSARA PICASSO,,1997,
552734,PEUGEOT,PARTNER,,1997,
552735,CHEVROLET,CORSA,,2003,
552735,CHEVROLET,TIGRA,,2003,
552735,SUZUKI,FUN,,2003,
552738,CHEVROLET,MERIVA,,2003,
552739,FORD,FIESTA,,2003,
552739,FORD,KA,,2003,
552739,FORD,ECOSPORT,,2003,
552740,CHEVROLET,CORSA II,,2002,
552741,VW,FOX,,2004,
552742,VW,FOX,,2004,
552743,RENAULT,LOGAN,,2007,
552743,RENAULT,SANDERO,,2007,
552743,RENAULT,MEGANE II,,2007,
552743,RENAULT,SCENIC II,,2007,
552744,FIAT,IDEA,,2005,
552745,TOYOTA,HILUX,,2005,
552746,CHEVROLET,AVEO,,2009,
552746,DAEWOO,KALOS,,2009,
552747,ALFA ROMEO,MITO,,2008,
552747,FIAT,PUNTO,,2008,
552747,FIAT,LINEA,,2008,
552747,FIAT,QUBO,,2008,
552748,AUDI,A1,,2010,
552748,VW,VOYAGE,,2010,
552748,VW,FOX,,2010,
552748,VW,SURAN,,2010,
552748,VW,GOL TREND,,2010,
552748,VW,UP,,2010,
552749,AUDI,A1,,2010,
552749,VW,VOYAGE,,2010,
552749,VW,FOX,,2010,
552749,VW,SURAN,,2010,
552749,VW,GOL TREND,,2010,
552749,VW,UP,,2010,
552750,CHEVROLET,CELTA,,2011,
552750,CHEVROLET,PRISMA,,2011,
552750,CHEVROLET,CLASSIC,,2011,
552750,SUZUKI,FUN,,2011,
552751,CHEVROLET,TRACKER,,2012,
552751,CHEVROLET,COBALT,,2012,
552751,CHEVROLET,SONIC,,2012,
552751,CHEVROLET,SPIN,,2012,
552751,CHEVROLET,PRISMA,,2012,
552751,CHEVROLET,ONIX,,2012,
552754,FORD,ESCORT,,1997,
552754,FORD,FIESTA,,1997,
552754,FORD,KA,,1997,
552754,FORD,MONDEO,,1997,
552754,FORD,COURIER,,1997,
552754,FORD,ORION,,1997,
552754,FORD,FOCUS,,1997,
552755,CITROEN,BERLINGO,,1997,
552755,CITROEN,ZX,,1997,
552755,CITROEN,XSARA,,1997,
552755,CITROEN,XSARA PICASSO,,1997,
552755,PEUGEOT,306,,1997,
552755,PEUGEOT,PARTNER,,1997,
552756,CITROEN,C3,,2002,
552756,CITROEN,AIRCROSS,,2002,
552756,CITROEN,DS3,,2002,
552756,CITROEN,C4 CACTUS,,2002,
552756,CITROEN,C3 II,,2002,
552756,CITROEN,C3 PICASSO,,2002,
552756,PEUGEOT,206,,2002,
552756,PEUGEOT,207,,2002,
552756,PEUGEOT,208,,2002,
552756,PEUGEOT,2008,,2002,
552757,RENAULT,CLIO,,1995,
552757,RENAULT,KANGOO,,1995,
552757,RENAULT,CLIO II,,1995,
552758,FORD,FIESTA,,2003,
552758,FORD,ECOSPORT,,2003,
552759,CHEVROLET,VECTRA,,2002,
552759,CHEVROLET,MERIVA,,2002,
552759,CHEVROLET,CORSA II,,2002,
552760,VW,FOX,,2005,
552760,VW,SURAN,,2005,
552760,VW,CROSSFOX,,2005,
552761,CITROEN,C4,,2013,
552761,CITROEN,C4 PICASSO,,2013,
552761,CITROEN,C4 GRAN PICASSO,,2013,
552761,CITROEN,DS4,,2013,
552761,CITROEN,DS5,,2013,
552761,CITROEN,C4 LOUNGE,,2013,
552761,PEUGEOT,307,,2013,
552761,PEUGEOT,308,,2013,
552761,PEUGEOT,3008,,2013,
552761,PEUGEOT,408,,2013,
552761,PEUGEOT,5008,,2013,
552762,VW,VOYAGE,,2008,
552762,VW,GOL TREND,,2008,
552763,RENAULT,LOGAN,,2007,
552763,RENAULT,SANDERO,,2007,
552768,TOYOTA,HILUX,,2005,
552769,CHEVROLET,SONIC,,2012,
552769,CHEVROLET,SPIN,,2012,
552769,CHEVROLET,PRISMA,,2012,
552769,CHEVROLET,ONIX,,2012,
552776,FORD,ESCORT,,1988,1993
552793,FORD,FIESTA,,1996,
552793,FORD,KA,,1996,
552793,FORD,COURIER,,1996,
552826,FIAT,IDEA,,2007,
552826,FIAT,PALIO ADVENTURE,,2007,
552827,FIAT,IDEA,,2007,
552827,FIAT,PALIO ADVENTURE,,2007,
552828,RENAULT,DUSTER,,2016,
552828,RENAULT,DUSTER OROCH,,2016,
552828,RENAULT,CAPTUR,,2016,
552829,RENAULT,FLUENCE,,2011,
552829,RENAULT,MEGANE III,,2011,
552846,FORD,EXPLORER,,1995,
552846,FORD,RANGER,,1995,
552847,FORD,EXPLORER,,1995,
552847,FORD,RANGER,,1995,
552849,FORD,FIESTA,,1996,2007
552849,FORD,KA,,1996,2007
552850,PEUGEOT,206,,1999,
552850,PEUGEOT,207,,1999,
552857,CITROEN,C4,,2000,
552857,PEUGEOT,307,,2000,
552858,RENAULT,KANGOO,,2001,2006
552858,RENAULT,CLIO II,,2001,2006
552858,RENAULT,SYMBOL,,2001,2006
552859,RENAULT,KANGOO,,2001,2006
552859,RENAULT,CLIO II,,2001,2006
552859,RENAULT,SYMBOL,,2001,2006
552862,RENAULT,LOGAN,,2007,
552862,RENAULT,SANDERO,,2007,
552863,RENAULT,LOGAN,,2007,
552863,RENAULT,SANDERO,,2007,
552868,VW,GOL,,1993,
552869,FORD,ESCORT,,1995,
552869,FORD,ORION,,1995,
552869,VW,POINTER,,1995,
552870,FORD,ESCORT,,1995,
552870,FORD,ORION,,1995,
552870,VW,POINTER,,1995,
552872,VW,VOYAGE,,2008,
552872,VW,SURAN,,2008,
552872,VW,GOL TREND,,2008,
552873,FORD,KA,,1996,2007
552876,SEAT,IBIZA,,2003,
552876,SEAT,CORDOBA,,2003,
552876,VW,FOX,,2003,
552876,VW,SURAN,,2003,
552876,VW,CROSSFOX,,2003,
552879,CHEVROLET,SPARK,,2011,
552879,DAEWOO,TICO,,2011,
552879,DAEWOO,MATIZ,,2011,
552879,CHERY,QQ,,2011,
552882,FORD,FIESTA,,2010,
552883,CITROEN,BERLINGO,,1996,
552883,PEUGEOT,306,,1996,
552883,PEUGEOT,PARTNER,,1996,
552884,CITROEN,BERLINGO,,1996,
552884,PEUGEOT,306,,1996,
552884,PEUGEOT,PARTNER,,1996,
552886,RENAULT,DUSTER,,2011,
552886,RENAULT,DUSTER OROCH,,2011,
552888,RENAULT,KANGOO,,1998,
552895,FORD,RANGER,,2012,
552947,FIAT,147,,,
552947,FIAT,DUNA,,,
552947,FIAT,FIORINO,,,
552947,FIAT,UNO,,,
552947,FIAT,128 SUPER EUROPA,,,
552947,FIAT,REGATTA 85,,,
553330,CHEVROLET,ONIX,,2020,
553379,VARIOS,,,170,395
553380,VARIOS,,,170,335
553426,FIAT,STRADA,,2020,
553429,FIAT,STRADA,,2020,
553430,FIAT,STRADA,,2020,
553446,VARIOS,,,,
553447,VARIOS,,,,
553448,FORD,FALCON,,,
553844,MERCEDES BENZ,ACTROS,,2020,
553896,VW,GOL,,,
553998,FIAT,PULSE,,2021,
553999,FIAT,PULSE,,2021,
554000,FIAT,PULSE,,2021,
554001,TOYOTA,COROLLA CROSS,,2020,
554002,CHEVROLET,TRACKER,,2019,
554003,HONDA,CR-V,,2012,
554116,TOYOTA,COROLLA,,2020,
554116,TOYOTA,COROLLA CROSS,,2020,
554117,TOYOTA,COROLLA,,2020,
554117,TOYOTA,COROLLA CROSS,,2020,
554118,TOYOTA,COROLLA CROSS,,2020,
554119,TOYOTA,COROLLA CROSS,,2020,
554207,CHEVROLET,ONIX,,2020,
554208,TOYOTA,COROLLA,,2008,2016
554209,HONDA,CR-V,,2012,
556162,RENAULT,SANDERO II,,2012,
556162,RENAULT,LOGAN II,,2012,
556165,RENAULT,KANGOO,,2014,
556432,CHEVROLET,SONIC,,2012,
556432,CHEVROLET,SPIN,,2012,
556432,CHEVROLET,ONIX,,2012,
556438,CITROEN,BERLINGO,,1997,
556438,CITROEN,ZX,,1997,
556438,CITROEN,XSARA,,1997,
556438,CITROEN,XSARA PICASSO,,1997,
556438,PEUGEOT,PARTNER,,1997,
556439,CITROEN,C3,,2002,
556439,CITROEN,C3 PICASSO,,2002,
556439,PEUGEOT,206,,2002,
556439,PEUGEOT,207,,2002,
556461,FORD,FIESTA,,2012,
556461,FORD,ECOSPORT,,2012,
556494,VW,VOYAGE,,2008,
556494,VW,FOX,,2008,
556494,VW,SURAN,,2008,
556494,VW,CROSSFOX,,2008,
556494,VW,GOL TREND,,2008,
556494,VW,UP,,2008,
556590,CHEVROLET,CELTA,,2010,
556590,CHEVROLET,PRISMA,,2010,
556590,CHEVROLET,CORSA CLASSIC,,2010,
556590,SUZUKI,FUN,,2010,
556605,CHEVROLET,CORSA,,2001,
556605,CHEVROLET,TIGRA,,2001,
556605,CHEVROLET,COMBO,,2001,
556605,CHEVROLET,CELTA,,2001,
556605,CHEVROLET,PRISMA,,2001,
556605,CHEVROLET,CORSA CLASSIC,,2001,
556605,SUZUKI,FUN,,2001,
556614,AUDI,A1,,2010,
556614,AUDI,Q3,,2010,
556614,SEAT,IBIZA,,2010,
556614,VW,GOL,,2010,
556614,VW,SAVEIRO,,2010,
556614,VW,VOYAGE,,2010,
556614,VW,FOX,,2010,
556614,VW,SURAN,,2010,
556614,VW,SPACEFOX,,2010,
556614,VW,GOL TREND,,2010,
556614,VW,UP,,2010,
556641,CHEVROLET,CORSA,,2011,
556641,CHEVROLET,TIGRA,,2011,
556641,CHEVROLET,CELTA,,2011,
556641,CHEVROLET,PRISMA,,2011,
556641,CHEVROLET,CORSA CLASSIC,,2011,
556641,SUZUKI,FUN,,2011,
556660,CHEVROLET,COBALT,,2013,
556660,CHEVROLET,SONIC,,2013,
556660,CHEVROLET,SPIN,,2013,
556660,CHEVROLET,PRISMA,,2013,
556660,CHEVROLET,ONIX,,2013,
556664,AUDI,A3,,2010,
556664,AUDI,A1,,2010,
556664,SEAT,TOLEDO,,2010,
556664,VW,GOLF,,2010,
556664,VW,POLO,,2010,
556664,VW,SAVEIRO,,2010,
556664,VW,VOYAGE,,2010,
556664,VW,BORA,,2010,
556664,VW,NEW BEETLE,,2010,
556664,VW,FOX,,2010,
556664,VW,SURAN,,2010,
556664,VW,CROSSFOX,,2010,
556664,VW,SPACEFOX,,2010,
556664,VW,GOL TREND,,2010,
556664,VW,UP,,2010,
556859,FIAT,PALIO,,2002,
556859,FIAT,SIENA,,2002,
556859,FIAT,FIORINO,,2002,
556859,FIAT,STRADA,,2002,
556859,FIAT,PALIO WEEKEND,,2002,
556859,FIAT,DOBLO,,2002,
556859,FIAT,GRAND SIENA,,2002,
556859,FIAT,MOBI,,2002,
556860,FIAT,PALIO,,2002,
556860,FIAT,SIENA,,2002,
556860,FIAT,FIORINO,,2002,
556860,FIAT,STRADA,,2002,
556860,FIAT,PALIO WEEKEND,,2002,
556860,FIAT,DOBLO,,2002,
556860,FIAT,GRAND SIENA,,2002,
556860,FIAT,MOBI,,2002,
556888,RENAULT,MEGANE,,1999,
556888,RENAULT,KANGOO,,1999,
556888,RENAULT,TWINGO,,1999,
556888,RENAULT,SCENIC,,1999,
556888,RENAULT,CLIO II,,1999,
556888,RENAULT,SYMBOL,,1999,
556981,FORD,RANGER RAPTOR,,,
556982,NISSAN,VERSA,,2013,
556985,MERCEDES BENZ,B200,,,
556985,MERCEDES BENZ,A200,,,
556986,FORD,RANGER,,2008,
557741,FIAT,PALIO,,2001,
557741,FIAT,SIENA,,2001,
557741,FIAT,FIORINO,,2001,
557741,FIAT,UNO,,2001,
557741,FIAT,STRADA,,2001,
557741,FIAT,PALIO WEEKEND,,2001,
557741,FIAT,DOBLO,,2001,
557741,FIAT,PALIO ADVENTURE,,2001,
557741,FIAT,GRAND SIENA,,2001,
557741,FIAT,MOBI,,2001,
558031,CITROEN,BERLINGO,,1998,
558031,PEUGEOT,306,,1998,
558031,PEUGEOT,405,,1998,
558031,PEUGEOT,307,,1998,
558031,PEUGEOT,PARTNER,,1998,
560070,VW,FOX,,2015,
560070,VW,UP,,2015,
560290,ASIA,TOPIC,,1991,
560290,CHEVROLET,SPARK,,1991,
560290,DACIA,1310,,1991,
560290,DACIA,1410,,1991,
560290,DAEWOO,MATIZ,,1991,
560290,RENAULT,R12,,1991,
560290,RENAULT,R18,,1991,
560290,RENAULT,TRAFIC,,1991,
560290,RENAULT,R6,,1991,
560290,RENAULT,R4S,,1991,
560290,SUBARU,JUSTY,,1991,
560291,FORD,ESCORT,,1996,
560291,FORD,FIESTA,,1996,
560291,FORD,KA,,1996,
560291,FORD,ORION,,1996,
560296,FORD,ESCORT,,1996,
560296,FORD,FIESTA,,1996,
560296,FORD,KA,,1996,
560296,FORD,ORION,,1996,
560312,FIAT,147,,1985,
560312,FIAT,DUNA,,1985,
560312,FIAT,REGATTA,,1985,
560312,FIAT,PALIO,,1985,
560312,FIAT,SIENA,,1985,
560312,FIAT,UNO,,1985,
560312,FIAT,BRIO,,1985,
560312,FIAT,VIVACE,,1985,
560312,FIAT,SPAZIO,,1985,
560312,FIAT,PALIO WEEKEND,,1985,
560312,FIAT,PUNTO,,1985,
560312,FIAT,IDEA,,1985,
560312,FIAT,PALIO ADVENTURE,,1985,
560312,FIAT,FIORUNO,,1985,
560312,VOLVO,460,,1985,
560317,CITROEN,BERLINGO,,1998,
560317,CITROEN,XANTIA,,1998,
560317,CITROEN,PICASSO,,1998,
560317,CITROEN,BX,,1998,
560317,CITROEN,ZX,,1998,
560317,CITROEN,XSARA,,1998,
560317,CITROEN,XSARA PICASSO,,1998,
560317,CITROEN,C4,,1998,
560317,PEUGEOT,206,,1998,
560317,PEUGEOT,306,,1998,
560317,PEUGEOT,405,,1998,
560317,PEUGEOT,406,,1998,
560317,PEUGEOT,307,,1998,
560317,PEUGEOT,PARTNER,,1998,
560317,PEUGEOT,207,,1998,
560508,IVECO,DAILY,,2018,
561109,RENAULT,ALASKAN,,2021,
561110,RENAULT,ALASKAN,,2021,
561111,TOYOTA,YARIS,,2018,
561112,TOYOTA,HILUX,,2016,
561113,TOYOTA,HILUX,,2016,
561114,HYUNDAI,TUCSON,,2004,2010
561159,VW,TAOS,,2014,
561313,DAEWOO,CIELO,,,
561313,FORD,ESCORT,,,
561313,FORD,FIESTA,,,
561313,FORD,KA,,,
561313,FORD,COURIER,,,
561313,FORD,GALAXY,,,
561313,FORD,ORION,,,
561313,VW,GACEL,,,
561313,VW,GOL,,,
561313,VW,POLO,,,
561313,VW,SENDA,,,
561313,VW,CARAT,,,
561313,VW,POINTER,,,
561313,VW,VOYAGE,,,
561313,VW,VIRTUS,,,
561313,CHERY,FACE,,,
561316,VW,GACEL,,,
561316,VW,GOL,,,
561316,VW,SENDA,,,
561316,VW,CARAT,,,
561316,VW,SAVEIRO,,,
561316,CHERY,QQ,,,
561317,CHEVROLET,MERIVA,,,
561317,CHEVROLET,CORSA II,,,
561318,FIAT,128,,,
561318,FIAT,147,,,
561318,FIAT,DUNA,,,
561318,FIAT,REGATTA,,,
561318,FIAT,PALIO,,,
561318,FIAT,SIENA,,,
561318,FIAT,UNO,,,
561318,FIAT,PUNTO,,,
561320,FORD,FIESTA,,,
561320,FORD,KA,,,
561320,FORD,FOCUS,,,
561320,FORD,ECOSPORT,,,
561475,TOYOTA,HILUX,,1000,
561478,VW,T-CROSS,,2019,
561478,VW,NIVUS,,2019,
561479,VW,,,103,
561480,FORD,CARGO,,,
561482,RENAULT,ALASKAN,,8001,
561483,MERCEDES BENZ,ACCELO,,382,
561906,AUDI,S3,,,
561906,AUDI,TT,,,
561908,VW,FOX,,,
561908,VW,SURAN,,,
561908,VW,GOL TREND,,,
561910,MINI COOPER,S,,,
562198,TOYOTA,COROLLA CROSS,,2020,
562199,PEUGEOT,208,,2021,
562200,CHEVROLET,ONIX,,2019,
562246,CATERPILLAR,,,290,
562246,AGCO-ALLIS,,,290,
562288,VARIOS,,,,
562404,RENAULT,CLIO,,1994,
562407,RENAULT,CLIO II,,1999,
562410,VW,SAVEIRO,,1984,
562414,FIAT,PALIO,,1996,
562414,FIAT,SIENA,,1996,
562414,FIAT,PALIO WEEKEND,,1996,
562417,FORD,FIESTA,,2009,
562421,VW,FOX,,2008,
562421,VW,SURAN,,2008,
562421,VW,GOL TREND,,2008,
562427,TOYOTA,HILUX,,2005,2014
562560,VW,GOL,,1995,1999
562562,AUDI,A3,,1999,
562562,VW,GOLF,,1999,
562562,VW,POLO,,1999,
562562,VW,SAVEIRO,,1999,
562562,VW,VOYAGE,,1999,
562562,VW,BORA,,1999,
562562,VW,GOL TREND,,1999,
562562,VW,UP,,1999,
562562,VW,VIRTUS,,1999,
562563,AUDI,A3,,1999,
562563,VW,GOLF,,1999,
562563,VW,POLO,,1999,
562563,VW,SAVEIRO,,1999,
562563,VW,VOYAGE,,1999,
562563,VW,BORA,,1999,
562563,VW,GOL TREND,,1999,
562563,VW,UP,,1999,
562563,VW,VIRTUS,,1999,
562568,FORD,FIESTA,,2002,
562568,FORD,KA,,2002,
562568,FORD,COURIER,,2002,
562569,FORD,FOCUS,,1999,
562582,FIAT,PALIO,,1997,
562582,FIAT,SIENA,,1997,
562582,FIAT,IDEA,,1997,
562583,FIAT,PALIO,,1997,
562583,FIAT,SIENA,,1997,
562583,FIAT,IDEA,,1997,
562586,FIAT,PALIO,,2017,
562586,FIAT,UNO,,2017,
562586,FIAT,GRAND SIENA,,2017,
562586,FIAT,MOBI,,2017,
562586,FIAT,ARGO,,2017,
562586,FIAT,CRONOS,,2017,
562586,FIAT,PULSE,,2017,
562587,TOYOTA,COROLLA,,2003,2008
562590,NISSAN,TIIDA,,2004,
562591,TOYOTA,HILUX,,2005,
562591,TOYOTA,SW4,,2005,
562595,CITROEN,BERLINGO,,1997,
562595,PEUGEOT,PARTNER,,1997,
562599,PEUGEOT,206,,1998,
562599,PEUGEOT,207,,1998,
562600,PEUGEOT,206,,1998,
562600,PEUGEOT,207,,1998,
562602,CITROEN,C3,,2003,2012
562604,CITROEN,C3,,2017,
562604,CITROEN,C-ELYSEE,,2017,
562604,CITROEN,CACTUS,,2017,
562604,CITROEN,C3 PICASSO,,2017,
562604,CITROEN,C3 AIRCROSS,,2017,
562604,PEUGEOT,301,,2017,
562604,PEUGEOT,208,,2017,
562606,RENAULT,KANGOO,,1999,
562606,RENAULT,CLIO II,,1999,
562606,RENAULT,CLIO MIO,,1999,
562612,VW,FOX,,2004,
562612,VW,SURAN,,2004,
562613,VW,FOX,,2004,
562613,VW,SURAN,,2004,
562614,VW,GOL,,1995,
562614,VW,VOYAGE,,1995,
562614,VW,GOL TREND,,1995,
562616,AUDI,A3,,2004,
562616,VW,VENTO,,2004,
562616,VW,TIGUAN,,2004,
562616,VW,GOLF V,,2004,
562617,MERCEDES BENZ,SPRINTER,,2012,
562619,FORD,FIESTA,,2010,
562619,FORD,KA,,2010,
562619,FORD,ECOSPORT,,2010,
562622,CHEVROLET,SPARK,,2011,
562622,CHEVROLET,COBALT,,2011,
562622,CHEVROLET,SONIC,,2011,
562622,CHEVROLET,SPIN,,2011,
562622,CHEVROLET,PRISMA,,2011,
562622,CHEVROLET,ONIX,,2011,
562623,CHEVROLET,SPARK,,2011,
562623,CHEVROLET,COBALT,,2011,
562623,CHEVROLET,SONIC,,2011,
562623,CHEVROLET,SPIN,,2011,
562623,CHEVROLET,PRISMA,,2011,
562623,CHEVROLET,ONIX,,2011,
562628,FORD,FIESTA,,2010,
562628,FORD,KA,,2010,
562628,FORD,ECOSPORT,,2010,
562629,CHERY,TIGGO,,,
562630,CHEVROLET,COBALT,,2013,
562630,CHEVROLET,SONIC,,2013,
562630,CHEVROLET,SPIN,,2013,
562630,CHEVROLET,PRISMA,,2013,
562630,CHEVROLET,ONIX,,2013,
562631,CHEVROLET,COBALT,,2013,
562631,CHEVROLET,SONIC,,2013,
562631,CHEVROLET,SPIN,,2013,
562631,CHEVROLET,PRISMA,,2013,
562631,CHEVROLET,ONIX,,2013,
562942,CASE,,,1980,1998
564143,CHEVROLET,ASTRA,,2016,2024
564143,CHEVROLET,VECTRA,,2016,2024
564143,CHEVROLET,OMEGA,,2016,2024
564143,CHEVROLET,CALIBRA,,2016,2024
564143,CHEVROLET,FRONTERA,,2016,2024
564143,CHEVROLET,SINTRA,,2016,2024
564146,CHEVROLET,ASTRA,,2016,2024
564146,CHEVROLET,VECTRA,,2016,2024
564146,CHEVROLET,OMEGA,,2016,2024
564146,CHEVROLET,CALIBRA,,2016,2024
564146,CHEVROLET,SINTRA,,2016,2024
564670,RENAULT,DUSTER,,2021,2023
564671,RENAULT,DUSTER,,2021,2023
564787,CHRYSLER,NEON,,2000,2016
564787,CITROEN,C3,,2000,2016
564787,DAEWOO,CIELO,,2000,2016
564787,FIAT,SIENA,,2000,2016
564787,FIAT,PUNTO,,2000,2016
564787,FIAT,BARCHETTA,,2000,2016
564787,FIAT,IDEA,,2000,2016
564787,FIAT,LINEA,,2000,2016
564787,KIA,SEPHIA,,2000,2016
564789,CITROEN,BERLINGO,,1996,2016
564789,CITROEN,SAXO,,1996,2016
564789,CITROEN,ZX,,1996,2016
564789,CITROEN,XSARA,,1996,2016
564789,CITROEN,XSARA PICASSO,,1996,2016
564789,CITROEN,C3,,1996,2016
564789,CITROEN,C5,,1996,2016
564789,CITROEN,C4,,1996,2016
564789,DAEWOO,NUBIRA,,1996,2016
564789,DAEWOO,TACUMA,,1996,2016
564789,FIAT,PALIO,,1996,2016
564789,FIAT,SIENA,,1996,2016
564789,FIAT,STRADA,,1996,2016
564789,FIAT,MAREA,,1996,2016
564789,FIAT,BRAVO,,1996,2016
564789,FIAT,PUNTO,,1996,2016
564789,FIAT,BRAVA,,1996,2016
564789,FIAT,STILO,,1996,2016
564789,FIAT,IDEA,,1996,2016
564789,FIAT,DOBLO,,1996,2016
564789,FIAT,LINEA,,1996,2016
564789,FIAT,MULTIPLA,,1996,2016
564789,HONDA,ACCORD,,1996,2016
564789,HYUNDAI,ACCENT,,1996,2016
564789,HYUNDAI,ELANTRA,,1996,2016
564789,HYUNDAI,SONATA,,1996,2016
564789,HYUNDAI,SANTA FE,,1996,2016
564789,KIA,CARENS,,1996,2016
564789,LAND ROVER,FREELANDER,,1996,2016
564789,MAZDA,121,,1996,2016
564790,ALFA ROMEO,145,,1994,2001
564790,ALFA ROMEO,147,,1994,2001
564790,AUDI,A3,,1994,2001
564790,AUDI,TT,,1994,2001
564790,BMW,318,,1994,2001
564790,BMW,316,,1994,2001
564790,CHEVROLET,ASTRA,,1994,2001
564790,CHEVROLET,VECTRA,,1994,2001
564790,CHEVROLET,TIGRA,,1994,2001
564790,CHEVROLET,MONZA,,1994,2001
564790,CHEVROLET,S10,,1994,2001
564790,CHEVROLET,MERIVA,,1994,2001
564790,CHEVROLET,CELTA,,1994,2001
564790,CHEVROLET,AGILE,,1994,2001
564790,CHEVROLET,MONTANA,,1994,2001
564790,CITROEN,BERLINGO,,1994,2001
564790,FIAT,PALIO,,1994,2001
564790,FIAT,SIENA,,1994,2001
564790,FORD,FIESTA,,1994,2001
564790,FORD,COURIER,,1994,2001
564790,FORD,ORION,,1994,2001
564790,FORD,FOCUS,,1994,2001
564791,ALFA ROMEO,155,,1987,1999
564791,ALFA ROMEO,164,,1987,1999
564791,ALFA ROMEO,156,,1987,1999
564791,ALFA ROMEO,166,,1987,1999
564791,ALFA ROMEO,SPIDER,,1987,1999
564791,CHEVROLET,ASTRA,,1987,1999
564791,CHEVROLET,CORSA,,1987,1999
564791,CHEVROLET,S10,,1987,1999
564791,CHEVROLET,CAPTIVA,,1987,1999
564791,CHRYSLER,CARAVAN,,1987,1999
564791,CITROEN,XANTIA,,1987,1999
564791,CITROEN,ZX,,1987,1999
564791,CITROEN,XSARA,,1987,1999
564791,CITROEN,XSARA PICASSO,,1987,1999
564791,CITROEN,JUMPER,,1987,1999
564791,FORD,ESCORT,,1987,1999
564791,FORD,FIESTA,,1987,1999
564791,FORD,COURIER,,1987,1999
564791,FORD,F250,,1987,1999
564791,FORD,F1000,,1987,1999
564791,FORD,F150,,1987,1999
564791,FORD,FUSION,,1987,1999
564791,HYUNDAI,TUCSON,,1987,1999
564793,MERCEDES BENZ,ACTROS,,2008,2011
564793,SCANIA,,,2008,2011
564793,SCANIA,F250,,2008,2011
564793,SCANIA,SERIE 4,,2008,2011
564793,SCANIA,P114,,2008,2011
564793,SCANIA,P124,,2008,2011
564793,SCANIA,K310,,2008,2011
564793,SCANIA,R124,,2008,2011
564793,SCANIA,R114,,2008,2011
564793,SCANIA,G360,,2011,
564793,SCANIA,K250,,2008,2011
564793,SCANIA,K270,,2008,2011
564793,VOLVO,,,2008,2011
564793,IVECO,DAILY,,2008,2011
564793,DAF,CF85,,2008,2011
564793,DAF,XF105,,2008,2011
565200,VARIOS,,,,
565336,CITROEN,C3 III,,2023,
565336,CITROEN,C3 AIRCROSS,,2023,
565341,MERCEDES BENZ,ATEGO,,815,1101
565341,MERCEDES BENZ,ACCELO,,815,1101
565360,JCB,3CX,,,
565360,JCB,JS310,,,
565360,JCB,3DX,,,
565786,RENAULT,SANDERO,,,
565786,RENAULT,CAPTUR,,,
566447,AUDI,A3,,,
566447,VW,GOLF,,,
566447,VW,PASSAT,,,
566447,VW,VENTO,,,
566448,VW,GOL,,,
566448,VW,VOYAGE,,,
566448,VW,FOX,,,
566448,VW,SURAN,,,
566449,NISSAN,FRONTIER,,,
566449,RENAULT,ALASKAN,,,
567048,VARIOS,,,,
567135,VW,TIGUAN,,2019,
567241,CITROEN,C3 AIRCROSS,,2024,
567241,PEUGEOT,208,,2024,
567388,CHEVROLET,CORSA II,,2002,
567391,PEUGEOT,307,,2000,
567391,PEUGEOT,307 SW,,2000,
567400,CITROEN,C4 LOUNGE,,2011,
567400,PEUGEOT,308,,2011,
567400,PEUGEOT,408,,2011,
567409,PEUGEOT,206,,,
567409,PEUGEOT,207,,,
567414,CHEVROLET,COBALT,,2013,
567414,CHEVROLET,SONIC,,2013,
567414,CHEVROLET,PRISMA,,2013,
567414,CHEVROLET,ONIX,,2013,
567423,RENAULT,DUSTER OROCH,,2011,
567428,FIAT,PALIO,,1997,
567428,FIAT,SIENA,,1997,
567431,VW,GACEL,,,
567431,VW,GOL,,,
567431,VW,SENDA,,,
567482,FORD,TRANSIT,,,
567485,SCANIA,,,181,
568561,CHEVROLET,CORSA CLASSIC,,1999,2011
570062,VARIOS,,,,
570063,VARIOS,,,,
570113,FORD,TERRITORY,,2020,2023
570114,FORD,TERRITORY,,2023,
571333,RENAULT,KWID,,2017,
